sample,filter,crash,total_return,cagr,max_drawdown,annualized_vol,sharpe_like,dd_2022,r2_worst,r2_neg,crash_buys
5y,True,10,0.5023,0.0849,-0.2093,0.1361,0.67,-0.20223911136495443,-0.04803051828684246,0.044,8
5y,True,11,0.5023,0.0849,-0.2093,0.1361,0.67,-0.20223911136495443,-0.04803051828684246,0.044,9
5y,True,12,0.503,0.085,-0.2093,0.1361,0.67,-0.20223911136495443,-0.04803051828684246,0.044,10
5y,True,13,0.503,0.085,-0.2093,0.1361,0.67,-0.20223911136495443,-0.04803051828684246,0.044,13
5y,True,14,0.503,0.085,-0.2093,0.1361,0.67,-0.20223911136495443,-0.04803051828684246,0.044,14
5y,True,15,0.503,0.085,-0.2093,0.1361,0.67,-0.20223911136495443,-0.04803051828684246,0.044,14
5y,True,16,0.503,0.085,-0.2093,0.1361,0.67,-0.20223911136495443,-0.04803051828684246,0.044,15
5y,True,17,0.5653,0.0939,-0.2093,0.1399,0.714,-0.20223911136495443,-0.04803051828684246,0.044,21
5y,True,18,0.5653,0.0939,-0.2093,0.1399,0.714,-0.20223911136495443,-0.04803051828684246,0.044,21
5y,True,19,0.5772,0.0955,-0.2093,0.14,0.725,-0.20223911136495432,-0.04803051828684224,0.044,20
5y,True,20,0.5977,0.0984,-0.2093,0.1404,0.742,-0.20223911136495432,-0.04803051828684224,0.044,20
5y,True,21,0.747,0.1182,-0.2302,0.1497,0.824,-0.21862821168563729,-0.03901353318254419,0.016,24
5y,True,22,0.747,0.1182,-0.2302,0.1497,0.824,-0.21862821168563729,-0.03901353318254419,0.016,25
5y,True,23,0.8244,0.128,-0.2302,0.1524,0.87,-0.21496411855081266,-0.0015944014425421926,0.0013333333333333333,29
5y,True,24,0.8478,0.1308,-0.2302,0.1526,0.885,-0.21496411855081266,0.008765418408219317,0.0,31
5y,True,25,0.8502,0.1311,-0.2302,0.1529,0.886,-0.21937792103736387,0.010108180535031597,0.0,29
5y,True,26,0.8502,0.1311,-0.2302,0.1529,0.886,-0.21937792103736387,0.010108180535031597,0.0,29
5y,True,27,0.8667,0.1331,-0.2302,0.1531,0.897,-0.21937792103736387,0.019099853976748182,0.0,33
5y,True,28,0.9757,0.1461,-0.2302,0.1588,0.942,-0.21937792103736387,0.019099853976748182,0.0,37
5y,True,29,0.974,0.1459,-0.2302,0.1588,0.941,-0.21937792103736387,0.019099853976748182,0.0,36
5y,True,30,0.9763,0.1462,-0.2302,0.1588,0.942,-0.21937792103736387,0.019099853976748182,0.0,32
5y,True,31,0.9921,0.148,-0.2302,0.1589,0.952,-0.21937792103736387,0.019099853976748182,0.0,29
5y,True,32,0.9244,0.1401,-0.2394,0.1595,0.906,-0.23261084588739445,0.001824309067394836,0.0,31
5y,True,33,0.9244,0.1401,-0.2394,0.1595,0.906,-0.23261084588739445,0.001824309067394836,0.0,32
5y,True,34,0.9025,0.1375,-0.2394,0.1596,0.89,-0.23261084588739445,-0.009565987969939238,0.004,31
5y,True,35,0.9025,0.1375,-0.2394,0.1596,0.89,-0.23261084588739445,-0.009565987969939238,0.004,28
5y,True,36,0.8941,0.1364,-0.2394,0.1596,0.885,-0.23261084588739445,-0.009565987969939238,0.004,30
5y,True,37,0.8941,0.1364,-0.2394,0.1596,0.885,-0.23261084588739445,-0.009565987969939238,0.004,35
5y,True,38,0.9049,0.1377,-0.2394,0.1597,0.892,-0.23261084588739445,-0.003923633952471639,0.0026666666666666666,39
5y,True,39,0.8865,0.1355,-0.2394,0.1597,0.879,-0.23261084588739445,-0.003923633952471639,0.0026666666666666666,42
5y,True,40,0.8865,0.1355,-0.2394,0.1597,0.879,-0.23261084588739445,-0.003923633952471639,0.0026666666666666666,44
5y,True,41,0.8479,0.1308,-0.2394,0.1608,0.849,-0.23261084588739445,-0.024291618881653765,0.008,46
5y,True,42,0.8479,0.1308,-0.2394,0.1608,0.849,-0.23261084588739445,-0.024291618881653765,0.008,42
5y,True,43,0.8479,0.1308,-0.2394,0.1608,0.849,-0.23261084588739445,-0.024291618881653765,0.008,40
5y,True,44,0.8598,0.1323,-0.2394,0.1612,0.855,-0.23261084588739445,-0.017981108079461183,0.005333333333333333,39
5y,True,45,0.8598,0.1323,-0.2394,0.1612,0.855,-0.23261084588739445,-0.017981108079461183,0.005333333333333333,38
5y,True,46,0.8579,0.1321,-0.2394,0.1612,0.853,-0.23261084588739445,-0.017981108079461183,0.005333333333333333,37
5y,True,47,0.885,0.1354,-0.2394,0.1614,0.871,-0.23261084588739445,-0.00364077268105234,0.0026666666666666666,35
5y,True,48,0.885,0.1354,-0.2394,0.1614,0.871,-0.23261084588739445,-0.00364077268105234,0.0026666666666666666,32
5y,True,49,0.8621,0.1326,-0.2394,0.1618,0.854,-0.23261084588739445,-0.019533914964737664,0.006666666666666667,30
5y,True,50,0.8425,0.1302,-0.2394,0.1633,0.835,-0.23261084588739445,-0.02134241860549435,0.006666666666666667,32
5y,False,10,0.5145,0.0867,-0.3233,0.1986,0.519,-0.31717352493720585,-0.0992821304459679,0.11333333333333333,8
5y,False,11,0.5145,0.0867,-0.3233,0.1986,0.519,-0.31717352493720585,-0.0992821304459679,0.11333333333333333,9
5y,False,12,0.5152,0.0868,-0.3233,0.1986,0.52,-0.31717352493720585,-0.0992821304459679,0.11333333333333333,10
5y,False,13,0.5158,0.0869,-0.323,0.1986,0.52,-0.3169018965411018,-0.09892382484537332,0.11333333333333333,13
5y,False,14,0.5112,0.0862,-0.3251,0.1988,0.517,-0.3189878235168483,-0.10167537559839146,0.11466666666666667,14
5y,False,15,0.5113,0.0862,-0.325,0.1988,0.517,-0.31893077900918887,-0.10160012806584073,0.11466666666666667,14
5y,False,16,0.5113,0.0862,-0.325,0.1988,0.517,-0.31893077900918887,-0.10160012806584073,0.11466666666666667,15
5y,False,17,0.5771,0.0955,-0.3236,0.203,0.553,-0.3175438952052594,-0.09977068666188904,0.11733333333333333,21
5y,False,18,0.5564,0.0926,-0.3325,0.2034,0.539,-0.3265204410041158,-0.1116116675013572,0.12266666666666666,21
5y,False,19,0.5668,0.0941,-0.3331,0.2055,0.542,-0.3271254083968209,-0.11240968128817896,0.12666666666666668,20
5y,False,20,0.6034,0.0992,-0.3263,0.2061,0.564,-0.32021835998356407,-0.10329857889408534,0.124,20
5y,False,21,0.6507,0.1056,-0.3565,0.2113,0.582,-0.3468064529412632,-0.14698929860693088,0.10133333333333333,24
5y,False,22,0.6507,0.1056,-0.3565,0.2113,0.582,-0.3468064529412632,-0.14698929860693088,0.10133333333333333,25
5y,False,23,0.7239,0.1152,-0.3565,0.2132,0.62,-0.34374342708432404,-0.11377455426535232,0.08533333333333333,29
5y,False,24,0.7459,0.1181,-0.3565,0.2134,0.632,-0.34374342708432404,-0.10457875650716941,0.068,31
5y,False,25,0.7482,0.1184,-0.3565,0.2136,0.633,-0.3474331780394059,-0.10338686619118043,0.06266666666666666,29
5y,False,26,0.7482,0.1184,-0.3565,0.2136,0.633,-0.3474331780394059,-0.10338686619118043,0.06266666666666666,29
5y,False,27,0.7638,0.1203,-0.3565,0.2137,0.641,-0.3474331780394059,-0.09540549087107131,0.05466666666666667,33
5y,False,28,0.8668,0.1331,-0.3565,0.2179,0.685,-0.3474331780394059,-0.09540549087107131,0.05466666666666667,37
5y,False,29,0.8652,0.133,-0.3565,0.2179,0.684,-0.3474331780394059,-0.09540549087107131,0.05466666666666667,36
5y,False,30,0.8674,0.1332,-0.3565,0.2179,0.685,-0.3474331780394059,-0.09540549087107131,0.05466666666666667,32
5y,False,31,0.8823,0.135,-0.3565,0.2179,0.693,-0.3474331780394059,-0.09540549087107131,0.05466666666666667,29
5y,False,32,0.8183,0.1272,-0.3642,0.2183,0.66,-0.3584953398041659,-0.11073996767060124,0.06666666666666667,31
5y,False,33,0.8183,0.1272,-0.3642,0.2183,0.66,-0.3584953398041659,-0.11073996767060124,0.06666666666666667,32
5y,False,34,0.7976,0.1246,-0.3642,0.2184,0.649,-0.3584953398041659,-0.12085045892139779,0.07466666666666667,31
5y,False,35,0.7976,0.1246,-0.3642,0.2184,0.649,-0.3584953398041659,-0.12085045892139779,0.07466666666666667,28
5y,False,36,0.7897,0.1236,-0.3642,0.2185,0.645,-0.3584953398041659,-0.12085045892139779,0.07466666666666667,30
5y,False,37,0.7897,0.1236,-0.3642,0.2185,0.645,-0.3584953398041659,-0.12085045892139779,0.07466666666666667,35
5y,False,38,0.7999,0.1249,-0.3642,0.2185,0.65,-0.3584953398041659,-0.11584207584407169,0.07066666666666667,39
5y,False,39,0.7825,0.1227,-0.3642,0.2185,0.641,-0.3584953398041659,-0.11584207584407169,0.07066666666666667,42
5y,False,40,0.7825,0.1227,-0.3642,0.2185,0.641,-0.3584953398041659,-0.11584207584407169,0.07066666666666667,44
5y,False,41,0.746,0.1181,-0.3642,0.2193,0.621,-0.3584953398041659,-0.1339215282716837,0.088,46
5y,False,42,0.746,0.1181,-0.3642,0.2193,0.621,-0.3584953398041659,-0.1339215282716837,0.088,42
5y,False,43,0.746,0.1181,-0.3642,0.2193,0.621,-0.3584953398041659,-0.1339215282716837,0.088,40
5y,False,44,0.7573,0.1195,-0.3642,0.2196,0.626,-0.3584953398041659,-0.12832006203735302,0.08666666666666667,39
5y,False,45,0.7573,0.1195,-0.3642,0.2196,0.626,-0.3584953398041659,-0.12832006203735302,0.08666666666666667,38
5y,False,46,0.7555,0.1193,-0.3642,0.2196,0.625,-0.3584953398041659,-0.12832006203735302,0.08666666666666667,37
5y,False,47,0.7811,0.1225,-0.3642,0.2197,0.638,-0.3584953398041659,-0.11559099666672468,0.07066666666666667,35
5y,False,48,0.7811,0.1225,-0.3642,0.2197,0.638,-0.3584953398041659,-0.11559099666672468,0.07066666666666667,32
5y,False,49,0.7595,0.1198,-0.3642,0.22,0.626,-0.3584953398041659,-0.12969839663006,0.08666666666666667,30
5y,False,50,0.741,0.1174,-0.3642,0.2211,0.615,-0.3584953398041659,-0.13130369807013387,0.08666666666666667,32
2011,True,10,2.7153,0.0871,-0.2093,0.132,0.701,-0.2022391113649541,-0.07732032267871969,0.10882182240278584,37
2011,True,11,3.0077,0.0924,-0.2093,0.1344,0.727,-0.20223911136495432,-0.07732032267871969,0.10998258850841555,42
2011,True,12,3.0141,0.0925,-0.2093,0.1344,0.727,-0.20223911136495398,-0.07732032267871924,0.10998258850841555,43
2011,True,13,2.989,0.0921,-0.2093,0.1348,0.723,-0.2022391113649542,-0.07732032267871947,0.10998258850841555,45
2011,True,14,3.268,0.0968,-0.2093,0.1358,0.75,-0.2022391113649541,-0.07732032267871936,0.1073708647707487,46
2011,True,15,3.6219,0.1024,-0.2093,0.1364,0.785,-0.2022391113649541,-0.07732032267871936,0.05571677307022635,45
2011,True,16,3.6777,0.1032,-0.2093,0.1364,0.79,-0.20223911136495432,-0.07732032267871969,0.05571677307022635,47
2011,True,17,3.9361,0.107,-0.2093,0.1377,0.809,-0.2022391113649542,-0.07732032267871936,0.05571677307022635,50
2011,True,18,4.1231,0.1096,-0.2093,0.139,0.82,-0.2022391113649542,-0.07732032267871947,0.05571677307022635,53
2011,True,19,4.4466,0.114,-0.2093,0.1396,0.845,-0.2022391113649542,-0.07732032267871936,0.056006964596633776,53
2011,True,20,4.5027,0.1147,-0.2093,0.1398,0.849,-0.20223911136495443,-0.07732032267871969,0.056006964596633776,56
2011,True,21,4.9206,0.1199,-0.2302,0.1429,0.866,-0.21862821168563729,-0.09627573903329567,0.05107370864770749,61
2011,True,22,5.067,0.1216,-0.2302,0.1432,0.875,-0.2186282116856375,-0.09627573903329589,0.05107370864770749,64
2011,True,23,5.0639,0.1216,-0.2302,0.1446,0.868,-0.21496411855081288,-0.09203789744507307,0.0412071967498549,68
2011,True,24,5.0821,0.1218,-0.2302,0.1447,0.869,-0.21496411855081254,-0.09203789744507296,0.040336622170632615,73
2011,True,25,4.8922,0.1195,-0.2302,0.1449,0.854,-0.21937792103736353,-0.09714284293947861,0.04236796285548462,74
2011,True,26,5.7431,0.1292,-0.2302,0.1471,0.902,-0.21937792103736364,-0.07166070296066551,0.025827045850261174,81
2011,True,27,5.8616,0.1305,-0.2302,0.1476,0.907,-0.21937792103736387,-0.04175141488451861,0.017701683110853163,88
2011,True,28,6.1939,0.1339,-0.2302,0.1496,0.917,-0.21937792103736387,-0.041751414884518834,0.017991874637260593,91
2011,True,29,6.1398,0.1333,-0.2302,0.1504,0.91,-0.21937792103736375,-0.04941519324896593,0.01857225769007545,90
2011,True,30,6.3058,0.135,-0.2302,0.1505,0.919,-0.21937792103736353,-0.04817096084743655,0.01857225769007545,87
2011,True,31,6.395,0.1359,-0.2302,0.1506,0.924,-0.21937792103736387,-0.04817096084743644,0.01654091700522345,86
2011,True,32,6.1456,0.1334,-0.2394,0.1509,0.907,-0.23261084588739445,-0.04817096084743666,0.022925130586186882,88
2011,True,33,6.096,0.1329,-0.2394,0.151,0.904,-0.23261084588739445,-0.04817096084743666,0.022344747533372025,87
2011,True,34,5.8795,0.1306,-0.2394,0.1513,0.89,-0.23261084588739456,-0.04806682264370932,0.024666279744631456,90
2011,True,35,5.7173,0.1289,-0.2394,0.1521,0.875,-0.23261084588739456,-0.048066822643709095,0.03221125943122461,87
2011,True,36,6.1315,0.1332,-0.2394,0.1528,0.897,-0.23261084588739445,-0.04806682264370943,0.021474172954149738,96
2011,True,37,6.4895,0.1368,-0.2394,0.1531,0.916,-0.23261084588739445,-0.04806682264370954,0.019733023795705164,101
2011,True,38,6.6714,0.1385,-0.2394,0.1543,0.92,-0.23261084588739456,-0.04806682264370932,0.014219384793964016,103
2011,True,39,6.6553,0.1384,-0.2394,0.1544,0.919,-0.23261084588739445,-0.04806682264370943,0.014219384793964016,115
2011,True,40,6.6287,0.1381,-0.2394,0.1546,0.916,-0.23261084588739445,-0.04806682264370932,0.014509576320371444,121
2011,True,41,6.5085,0.137,-0.2394,0.1565,0.901,-0.23261084588739445,-0.048066822643709206,0.01567034242600116,129
2011,True,42,6.5041,0.1369,-0.2394,0.1571,0.898,-0.23261084588739445,-0.04806682264370954,0.01567034242600116,124
2011,True,43,6.5179,0.137,-0.2394,0.1571,0.898,-0.23261084588739456,-0.048066822643709206,0.01567034242600116,118
2011,True,44,6.64,0.1382,-0.2394,0.1574,0.903,-0.23261084588739467,-0.05069113015416715,0.011897852582704585,116
2011,True,45,6.6327,0.1381,-0.2394,0.1585,0.898,-0.23261084588739445,-0.07212416774450581,0.011317469529889728,124
2011,True,46,6.3295,0.1352,-0.2394,0.1588,0.881,-0.23261084588739445,-0.08326939729166616,0.011607661056297156,121
2011,True,47,6.6024,0.1379,-0.2394,0.1593,0.892,-0.23261084588739456,-0.08326939729166605,0.017411491584445733,121
2011,True,48,6.5486,0.1373,-0.2394,0.1594,0.889,-0.23261084588739434,-0.08382665573733827,0.017411491584445733,117
2011,True,49,6.4925,0.1368,-0.2394,0.1596,0.885,-0.23261084588739445,-0.0840234147082104,0.022054556006964595,112
2011,True,50,6.4972,0.1368,-0.2394,0.1601,0.883,-0.23261084588739467,-0.08402341470821051,0.022054556006964595,112
2011,False,10,3.0902,0.0938,-0.3233,0.1728,0.607,-0.31717352493720585,-0.21025194309119843,0.10504933255948927,37
2011,False,11,3.4795,0.1002,-0.3233,0.1748,0.635,-0.31717352493720574,-0.21025194309119832,0.1033081834010447,42
2011,False,12,3.4867,0.1003,-0.3233,0.1748,0.636,-0.31717352493720563,-0.2102519430911982,0.1033081834010447,43
2011,False,13,3.4541,0.0998,-0.323,0.1751,0.632,-0.3169018965411017,-0.20993778128602691,0.1033081834010447,45
2011,False,14,3.7511,0.1043,-0.3251,0.176,0.653,-0.31898782351684807,-0.21235033679772986,0.1044689495066744,46
2011,False,15,4.1435,0.1099,-0.325,0.1764,0.681,-0.31893077900918854,-0.2122843598757349,0.10388856645385955,45
2011,False,16,4.2057,0.1107,-0.325,0.1765,0.685,-0.31893077900918887,-0.2122843598757348,0.10388856645385955,47
2011,False,17,4.5041,0.1147,-0.3236,0.178,0.701,-0.3175438952052594,-0.21068030843761398,0.10359837492745212,50
2011,False,18,4.6375,0.1164,-0.3325,0.1791,0.706,-0.3265204410041156,-0.22106246241274752,0.1065002901915264,53
2011,False,19,4.988,0.1207,-0.3331,0.1804,0.724,-0.3271254083968208,-0.22176215968625768,0.1073708647707487,53
2011,False,20,5.1118,0.1222,-0.3263,0.1806,0.73,-0.32021835998356407,-0.21377355897647599,0.10591990713871155,56
2011,False,21,5.1749,0.1229,-0.3565,0.1826,0.728,-0.3468064529412631,-0.244524995127692,0.10591990713871155,61
2011,False,22,5.3275,0.1246,-0.3565,0.1828,0.736,-0.3468064529412631,-0.2445249951276922,0.10591990713871155,64
2011,False,23,5.3238,0.1246,-0.3565,0.1839,0.732,-0.34374342708432415,-0.24098233999183682,0.10156703424260012,68
2011,False,24,5.3373,0.1247,-0.3565,0.184,0.733,-0.34374342708432404,-0.2409823399918367,0.0954730121880441,73
2011,False,25,5.1395,0.1225,-0.3565,0.1842,0.721,-0.3474331780394059,-0.24524985707512703,0.09721416134648868,74
2011,False,26,6.0233,0.1321,-0.3565,0.1858,0.763,-0.347433178039406,-0.22394787298978425,0.09053975623911782,81
2011,False,27,6.1462,0.1334,-0.3565,0.1863,0.767,-0.3474331780394059,-0.19894498158695295,0.08183401044689495,88
2011,False,28,6.4923,0.1368,-0.3565,0.1879,0.778,-0.3474331780394059,-0.19894498158695295,0.08183401044689495,91
2011,False,29,7.0109,0.1417,-0.3565,0.1891,0.797,-0.3474331780394059,-0.19045338479838458,0.08154381892048752,90
2011,False,30,7.1956,0.1433,-0.3565,0.1891,0.805,-0.347433178039406,-0.19045338479838492,0.08096343586767267,87
2011,False,31,7.2952,0.1442,-0.3565,0.1892,0.809,-0.3474331780394059,-0.19045338479838458,0.08096343586767267,86
2011,False,32,7.049,0.142,-0.3642,0.1895,0.798,-0.3584953398041658,-0.20417663169372702,0.08850841555426582,88
2011,False,33,6.9833,0.1414,-0.3642,0.1896,0.794,-0.3584953398041658,-0.20417663169372702,0.08850841555426582,87
2011,False,34,6.7391,0.1391,-0.3642,0.1898,0.783,-0.3584953398041659,-0.20417663169372713,0.09112013929193268,90
2011,False,35,6.5472,0.1373,-0.3642,0.1904,0.773,-0.3584953398041658,-0.20417663169372702,0.09112013929193268,87
2011,False,36,6.8525,0.1402,-0.3642,0.191,0.784,-0.3584953398041658,-0.20417663169372702,0.09112013929193268,96
2011,False,37,7.2453,0.1437,-0.3642,0.1913,0.8,-0.3584953398041659,-0.20417663169372713,0.09112013929193268,101
2011,False,38,7.4329,0.1454,-0.3642,0.1922,0.804,-0.3584953398041659,-0.189669537314188,0.08850841555426582,103
2011,False,39,7.4265,0.1453,-0.3642,0.1923,0.804,-0.35849533980416604,-0.189669537314188,0.08850841555426582,115
2011,False,40,7.3493,0.1447,-0.3642,0.1925,0.8,-0.3584953398041659,-0.1896695373141879,0.08850841555426582,121
2011,False,41,6.9308,0.1409,-0.3642,0.1936,0.78,-0.3584953398041658,-0.18966953731418779,0.0922809053975624,129
2011,False,42,6.9262,0.1409,-0.3642,0.194,0.778,-0.3584953398041659,-0.18966953731418779,0.09170052234474753,124
2011,False,43,6.9408,0.141,-0.3642,0.194,0.779,-0.3584953398041658,-0.18966953731418779,0.09170052234474753,118
2011,False,44,7.0697,0.1422,-0.3642,0.1943,0.783,-0.3584953398041658,-0.1831446321749044,0.0914103308183401,116
2011,False,45,7.3343,0.1445,-0.3642,0.1953,0.791,-0.3584953398041659,-0.18314463217490473,0.09286128845037725,124
2011,False,46,7.0032,0.1416,-0.3642,0.1955,0.777,-0.3584953398041658,-0.1831446321749045,0.0934416715031921,121
2011,False,47,7.3101,0.1443,-0.3642,0.196,0.788,-0.3584953398041658,-0.19837882866967338,0.0902495647127104,121
2011,False,48,7.2513,0.1438,-0.3642,0.196,0.786,-0.3584953398041657,-0.19837882866967327,0.0902495647127104,117
2011,False,49,7.19,0.1433,-0.3642,0.1962,0.783,-0.3584953398041658,-0.19837882866967327,0.09518282066163668,112
2011,False,50,7.1952,0.1433,-0.3642,0.1966,0.782,-0.3584953398041658,-0.19837882866967338,0.09518282066163668,112
