sample,resell,crash,crash_buy,sell,total_return,cagr,max_drawdown,annualized_vol,sharpe_like
5y,55,10,1.0,1.0,0.4165,0.0722,-0.1357,0.108,0.701
5y,55,10,0.5,0.5,0.4458,0.0766,-0.1324,0.1105,0.726
5y,55,15,1.0,1.0,0.1914,0.0357,-0.1999,0.1315,0.333
5y,55,15,0.5,0.5,0.2379,0.0437,-0.2032,0.1332,0.388
5y,55,20,1.0,1.0,0.3202,0.0572,-0.2387,0.155,0.437
5y,55,20,0.5,0.5,0.3065,0.055,-0.2222,0.1559,0.423
5y,55,25,1.0,1.0,0.4968,0.0841,-0.2387,0.1676,0.568
5y,55,25,0.5,0.5,0.4917,0.0834,-0.2318,0.1701,0.557
5y,55,30,1.0,1.0,0.6284,0.1026,-0.2387,0.1715,0.657
5y,55,30,0.5,0.5,0.6012,0.0989,-0.2387,0.1765,0.624
5y,55,35,1.0,1.0,0.463,0.0792,-0.2387,0.175,0.524
5y,55,35,0.5,0.5,0.6194,0.1013,-0.2387,0.1802,0.628
5y,55,40,1.0,1.0,0.4506,0.0773,-0.2387,0.184,0.498
5y,55,40,0.5,0.5,0.6349,0.1035,-0.2498,0.1885,0.619
5y,60,10,1.0,1.0,0.4878,0.0828,-0.1357,0.1117,0.77
5y,60,10,0.5,0.5,0.4948,0.0838,-0.1325,0.1116,0.78
5y,60,15,1.0,1.0,0.2473,0.0452,-0.2119,0.1346,0.397
5y,60,15,0.5,0.5,0.2893,0.0522,-0.2054,0.1337,0.448
5y,60,20,1.0,1.0,0.3247,0.0579,-0.2536,0.1587,0.435
5y,60,20,0.5,0.5,0.3027,0.0544,-0.237,0.156,0.418
5y,60,25,1.0,1.0,0.5048,0.0853,-0.2536,0.1709,0.566
5y,60,25,0.5,0.5,0.4219,0.073,-0.2318,0.1706,0.5
5y,60,30,1.0,1.0,0.6355,0.1035,-0.2536,0.1748,0.653
5y,60,30,0.5,0.5,0.5198,0.0874,-0.2387,0.1783,0.561
5y,60,35,1.0,1.0,0.4749,0.0809,-0.2459,0.1782,0.527
5y,60,35,0.5,0.5,0.513,0.0865,-0.2387,0.1828,0.547
5y,60,40,1.0,1.0,0.3792,0.0665,-0.2387,0.1884,0.437
5y,60,40,0.5,0.5,0.518,0.0872,-0.2567,0.1905,0.536
5y,65,10,1.0,1.0,0.6301,0.1028,-0.151,0.1173,0.896
5y,65,10,0.5,0.5,0.4795,0.0816,-0.1861,0.1256,0.69
5y,65,15,1.0,1.0,0.4379,0.0754,-0.1999,0.1444,0.578
5y,65,15,0.5,0.5,0.3152,0.0564,-0.2098,0.1458,0.45
5y,65,20,1.0,1.0,0.4036,0.0703,-0.2718,0.1706,0.484
5y,65,20,0.5,0.5,0.3226,0.0576,-0.2718,0.1703,0.415
5y,65,25,1.0,1.0,0.5791,0.0958,-0.2718,0.1827,0.594
5y,65,25,0.5,0.5,0.4372,0.0753,-0.276,0.1825,0.49
5y,65,30,1.0,1.0,0.6953,0.1115,-0.2718,0.1905,0.652
5y,65,30,0.5,0.5,0.5292,0.0888,-0.282,0.1909,0.543
5y,65,35,1.0,1.0,0.6047,0.0993,-0.2718,0.1928,0.589
5y,65,35,0.5,0.5,0.5762,0.0954,-0.2825,0.1952,0.566
5y,65,40,1.0,1.0,0.6,0.0987,-0.2718,0.1979,0.576
5y,65,40,0.5,0.5,0.608,0.0998,-0.2833,0.1998,0.578
5y,70,10,1.0,1.0,0.3513,0.0621,-0.2138,0.1506,0.477
5y,70,10,0.5,0.5,0.4349,0.075,-0.2295,0.1567,0.541
5y,70,15,1.0,1.0,0.1955,0.0364,-0.2294,0.16,0.304
5y,70,15,0.5,0.5,0.2944,0.053,-0.2477,0.1674,0.393
5y,70,20,1.0,1.0,0.2105,0.039,-0.294,0.1813,0.302
5y,70,20,0.5,0.5,0.3136,0.0561,-0.294,0.1831,0.391
5y,70,25,1.0,1.0,0.3509,0.0621,-0.3497,0.1973,0.405
5y,70,25,0.5,0.5,0.3936,0.0687,-0.3481,0.1966,0.437
5y,70,30,1.0,1.0,0.4756,0.081,-0.3497,0.2037,0.486
5y,70,30,0.5,0.5,0.4604,0.0788,-0.3485,0.2031,0.476
5y,70,35,1.0,1.0,0.4315,0.0745,-0.3497,0.2048,0.454
5y,70,35,0.5,0.5,0.5028,0.085,-0.3496,0.2063,0.5
5y,70,40,1.0,1.0,0.5446,0.091,-0.3497,0.208,0.524
5y,70,40,0.5,0.5,0.5453,0.0911,-0.3497,0.2093,0.523
5y,75,10,1.0,1.0,0.4336,0.0748,-0.2432,0.1756,0.5
5y,75,10,0.5,0.5,0.4093,0.0711,-0.2922,0.1875,0.461
5y,75,15,1.0,1.0,0.3877,0.0678,-0.2432,0.1782,0.459
5y,75,15,0.5,0.5,0.3969,0.0692,-0.299,0.1884,0.451
5y,75,20,1.0,1.0,0.4387,0.0756,-0.294,0.1946,0.473
5y,75,20,0.5,0.5,0.4503,0.0773,-0.3208,0.1978,0.477
5y,75,25,1.0,1.0,0.5638,0.0937,-0.3497,0.2065,0.538
5y,75,25,0.5,0.5,0.6059,0.0995,-0.3486,0.2077,0.562
5y,75,30,1.0,1.0,0.7033,0.1125,-0.3497,0.2109,0.613
5y,75,30,0.5,0.5,0.6819,0.1097,-0.3489,0.2114,0.6
5y,75,35,1.0,1.0,0.605,0.0994,-0.3608,0.2116,0.555
5y,75,35,0.5,0.5,0.7219,0.115,-0.3522,0.2132,0.619
5y,75,40,1.0,1.0,0.8165,0.127,-0.3608,0.215,0.666
5y,75,40,0.5,0.5,0.7867,0.1232,-0.3536,0.2161,0.648
5y,80,10,1.0,1.0,0.4379,0.0754,-0.364,0.2088,0.454
5y,80,10,0.5,0.5,0.5656,0.0939,-0.3585,0.2119,0.531
5y,80,15,1.0,1.0,0.4379,0.0754,-0.364,0.2088,0.454
5y,80,15,0.5,0.5,0.5656,0.0939,-0.3585,0.2119,0.531
5y,80,20,1.0,1.0,0.4924,0.0835,-0.364,0.2101,0.488
5y,80,20,0.5,0.5,0.6044,0.0993,-0.364,0.2134,0.552
5y,80,25,1.0,1.0,0.8394,0.1298,-0.364,0.2159,0.675
5y,80,25,0.5,0.5,0.8023,0.1252,-0.364,0.2183,0.652
5y,80,30,1.0,1.0,0.9674,0.1451,-0.364,0.2192,0.73
5y,80,30,0.5,0.5,0.851,0.1312,-0.364,0.2197,0.673
5y,80,35,1.0,1.0,0.9299,0.1407,-0.364,0.2195,0.712
5y,80,35,0.5,0.5,0.8814,0.1349,-0.364,0.2203,0.687
5y,80,40,1.0,1.0,0.9228,0.1399,-0.364,0.2196,0.708
5y,80,40,0.5,0.5,0.8817,0.135,-0.364,0.2206,0.687
5y,85,10,1.0,1.0,0.8219,0.1276,-0.364,0.2278,0.643
5y,85,10,0.5,0.5,0.7839,0.1229,-0.3585,0.2268,0.627
5y,85,15,1.0,1.0,0.8219,0.1276,-0.364,0.2278,0.643
5y,85,15,0.5,0.5,0.7839,0.1229,-0.3585,0.2268,0.627
5y,85,20,1.0,1.0,0.8357,0.1293,-0.364,0.2278,0.65
5y,85,20,0.5,0.5,0.8151,0.1268,-0.364,0.2277,0.64
5y,85,25,1.0,1.0,0.8357,0.1293,-0.364,0.2278,0.65
5y,85,25,0.5,0.5,0.8256,0.1281,-0.364,0.2278,0.645
5y,85,30,1.0,1.0,0.8357,0.1293,-0.364,0.2278,0.65
5y,85,30,0.5,0.5,0.8264,0.1282,-0.364,0.2278,0.646
5y,85,35,1.0,1.0,0.8357,0.1293,-0.364,0.2278,0.65
5y,85,35,0.5,0.5,0.8265,0.1282,-0.364,0.2278,0.646
5y,85,40,1.0,1.0,0.8357,0.1293,-0.364,0.2278,0.65
5y,85,40,0.5,0.5,0.8265,0.1282,-0.364,0.2278,0.646
5y,90,10,1.0,1.0,0.8219,0.1276,-0.364,0.2278,0.643
5y,90,10,0.5,0.5,0.7839,0.1229,-0.3585,0.2268,0.627
5y,90,15,1.0,1.0,0.8219,0.1276,-0.364,0.2278,0.643
5y,90,15,0.5,0.5,0.7839,0.1229,-0.3585,0.2268,0.627
5y,90,20,1.0,1.0,0.8357,0.1293,-0.364,0.2278,0.65
5y,90,20,0.5,0.5,0.8151,0.1268,-0.364,0.2277,0.64
5y,90,25,1.0,1.0,0.8357,0.1293,-0.364,0.2278,0.65
5y,90,25,0.5,0.5,0.8256,0.1281,-0.364,0.2278,0.645
5y,90,30,1.0,1.0,0.8357,0.1293,-0.364,0.2278,0.65
5y,90,30,0.5,0.5,0.8264,0.1282,-0.364,0.2278,0.646
5y,90,35,1.0,1.0,0.8357,0.1293,-0.364,0.2278,0.65
5y,90,35,0.5,0.5,0.8265,0.1282,-0.364,0.2278,0.646
5y,90,40,1.0,1.0,0.8357,0.1293,-0.364,0.2278,0.65
5y,90,40,0.5,0.5,0.8265,0.1282,-0.364,0.2278,0.646
2011,55,10,1.0,1.0,0.9144,0.0422,-0.2533,0.1265,0.391
2011,55,10,0.5,0.5,1.3242,0.0552,-0.1869,0.1244,0.495
2011,55,15,1.0,1.0,0.9724,0.0442,-0.2526,0.137,0.385
2011,55,15,0.5,0.5,1.2423,0.0528,-0.235,0.1382,0.442
2011,55,20,1.0,1.0,1.4797,0.0595,-0.2392,0.1474,0.467
2011,55,20,0.5,0.5,1.8982,0.0701,-0.2365,0.1477,0.534
2011,55,25,1.0,1.0,2.0049,0.0726,-0.2392,0.1541,0.533
2011,55,25,0.5,0.5,2.5822,0.0846,-0.2385,0.1554,0.602
2011,55,30,1.0,1.0,2.5695,0.0844,-0.2403,0.1592,0.59
2011,55,30,0.5,0.5,3.6105,0.1022,-0.2389,0.1609,0.687
2011,55,35,1.0,1.0,2.183,0.0765,-0.2403,0.1622,0.537
2011,55,35,0.5,0.5,3.7515,0.1043,-0.2389,0.1643,0.688
2011,55,40,1.0,1.0,2.9558,0.0915,-0.2403,0.1676,0.608
2011,55,40,0.5,0.5,4.4848,0.1144,-0.2498,0.1698,0.725
2011,60,10,1.0,1.0,1.2616,0.0533,-0.2196,0.1282,0.47
2011,60,10,0.5,0.5,1.6436,0.0638,-0.1869,0.1265,0.554
2011,60,15,1.0,1.0,1.3068,0.0547,-0.2392,0.139,0.453
2011,60,15,0.5,0.5,1.539,0.0611,-0.2352,0.1398,0.495
2011,60,20,1.0,1.0,1.7845,0.0674,-0.2536,0.1497,0.512
2011,60,20,0.5,0.5,2.2468,0.0779,-0.237,0.1491,0.579
2011,60,25,1.0,1.0,2.418,0.0814,-0.2536,0.1563,0.58
2011,60,25,0.5,0.5,2.9184,0.0908,-0.2386,0.1569,0.634
2011,60,30,1.0,1.0,2.9851,0.092,-0.2536,0.1613,0.628
2011,60,30,0.5,0.5,3.8436,0.1057,-0.2454,0.1626,0.701
2011,60,35,1.0,1.0,2.4859,0.0827,-0.2459,0.1643,0.567
2011,60,35,0.5,0.5,3.7548,0.1044,-0.2476,0.1662,0.682
2011,60,40,1.0,1.0,2.8478,0.0896,-0.2392,0.1712,0.588
2011,60,40,0.5,0.5,4.2567,0.1114,-0.2567,0.1718,0.702
2011,65,10,1.0,1.0,1.7077,0.0655,-0.212,0.132,0.548
2011,65,10,0.5,0.5,1.7686,0.067,-0.2044,0.1334,0.554
2011,65,15,1.0,1.0,1.9843,0.0721,-0.2392,0.1442,0.556
2011,65,15,0.5,0.5,1.8225,0.0683,-0.2356,0.1461,0.527
2011,65,20,1.0,1.0,2.2645,0.0782,-0.2718,0.1554,0.564
2011,65,20,0.5,0.5,2.5148,0.0833,-0.2718,0.1559,0.593
2011,65,25,1.0,1.0,2.5417,0.0838,-0.2718,0.1621,0.579
2011,65,25,0.5,0.5,2.9163,0.0908,-0.276,0.1629,0.617
2011,65,30,1.0,1.0,3.4228,0.0993,-0.2718,0.1685,0.647
2011,65,30,0.5,0.5,3.7496,0.1043,-0.282,0.1688,0.674
2011,65,35,1.0,1.0,3.061,0.0933,-0.2718,0.1711,0.608
2011,65,35,0.5,0.5,3.8294,0.1055,-0.2825,0.1721,0.67
2011,65,40,1.0,1.0,3.8653,0.106,-0.2718,0.1762,0.661
2011,65,40,0.5,0.5,4.3652,0.1129,-0.2833,0.1763,0.696
2011,70,10,1.0,1.0,1.7602,0.0668,-0.2138,0.1458,0.517
2011,70,10,0.5,0.5,2.3916,0.0809,-0.24,0.1475,0.602
2011,70,15,1.0,1.0,2.0241,0.073,-0.2392,0.1526,0.539
2011,70,15,0.5,0.5,2.4195,0.0814,-0.2558,0.1569,0.579
2011,70,20,1.0,1.0,2.4053,0.0811,-0.294,0.1629,0.562
2011,70,20,0.5,0.5,3.2308,0.0962,-0.294,0.1647,0.641
2011,70,25,1.0,1.0,2.7196,0.0872,-0.3497,0.171,0.576
2011,70,25,0.5,0.5,3.5566,0.1014,-0.3481,0.172,0.649
2011,70,30,1.0,1.0,3.8386,0.1056,-0.3497,0.1772,0.657
2011,70,30,0.5,0.5,4.3956,0.1133,-0.3485,0.1773,0.695
2011,70,35,1.0,1.0,3.3902,0.0988,-0.3497,0.179,0.617
2011,70,35,0.5,0.5,4.2892,0.1119,-0.3496,0.1799,0.681
2011,70,40,1.0,1.0,4.473,0.1143,-0.3497,0.184,0.682
2011,70,40,0.5,0.5,4.7453,0.1177,-0.3497,0.1836,0.7
2011,75,10,1.0,1.0,1.8469,0.0689,-0.2432,0.1623,0.493
2011,75,10,0.5,0.5,2.6752,0.0864,-0.3157,0.1673,0.58
2011,75,15,1.0,1.0,2.3937,0.0809,-0.2432,0.1666,0.552
2011,75,15,0.5,0.5,3.0505,0.0931,-0.3175,0.1718,0.606
2011,75,20,1.0,1.0,3.0285,0.0928,-0.294,0.174,0.598
2011,75,20,0.5,0.5,3.9964,0.1078,-0.3208,0.1758,0.672
2011,75,25,1.0,1.0,3.1044,0.0941,-0.3497,0.1793,0.592
2011,75,25,0.5,0.5,4.4041,0.1134,-0.3486,0.1805,0.687
2011,75,30,1.0,1.0,4.6558,0.1166,-0.3497,0.1841,0.693
2011,75,30,0.5,0.5,5.7345,0.1291,-0.3489,0.1846,0.752
2011,75,35,1.0,1.0,4.0695,0.1089,-0.3608,0.1857,0.651
2011,75,35,0.5,0.5,5.8749,0.1306,-0.3522,0.1866,0.753
2011,75,40,1.0,1.0,5.4509,0.126,-0.3608,0.1895,0.723
2011,75,40,0.5,0.5,6.5453,0.1373,-0.3536,0.1895,0.776
2011,80,10,1.0,1.0,2.4701,0.0824,-0.364,0.1801,0.531
2011,80,10,0.5,0.5,4.3109,0.1122,-0.364,0.1855,0.667
2011,80,15,1.0,1.0,3.1268,0.0944,-0.364,0.1832,0.586
2011,80,15,0.5,0.5,4.5899,0.1158,-0.364,0.1881,0.678
2011,80,20,1.0,1.0,3.8637,0.106,-0.364,0.1853,0.638
2011,80,20,0.5,0.5,5.354,0.1249,-0.364,0.1896,0.718
2011,80,25,1.0,1.0,4.7012,0.1172,-0.364,0.1883,0.684
2011,80,25,0.5,0.5,6.0502,0.1324,-0.364,0.192,0.745
2011,80,30,1.0,1.0,5.9629,0.1315,-0.364,0.1935,0.737
2011,80,30,0.5,0.5,6.8018,0.1397,-0.364,0.1944,0.772
2011,80,35,1.0,1.0,5.5233,0.1268,-0.364,0.1948,0.712
2011,80,35,0.5,0.5,6.8191,0.1399,-0.364,0.1953,0.77
2011,80,40,1.0,1.0,6.4391,0.1363,-0.364,0.196,0.752
2011,80,40,0.5,0.5,7.1294,0.1427,-0.364,0.1963,0.78
2011,85,10,1.0,1.0,3.804,0.1051,-0.364,0.1905,0.621
2011,85,10,0.5,0.5,5.4856,0.1264,-0.364,0.1926,0.716
2011,85,15,1.0,1.0,4.4974,0.1146,-0.364,0.1932,0.66
2011,85,15,0.5,0.5,5.8191,0.13,-0.364,0.1958,0.724
2011,85,20,1.0,1.0,5.2396,0.1236,-0.364,0.1947,0.698
2011,85,20,0.5,0.5,6.6201,0.138,-0.364,0.197,0.757
2011,85,25,1.0,1.0,4.6265,0.1163,-0.364,0.1953,0.663
2011,85,25,0.5,0.5,6.3525,0.1354,-0.364,0.1975,0.744
2011,85,30,1.0,1.0,5.4314,0.1258,-0.364,0.1989,0.697
2011,85,30,0.5,0.5,6.5365,0.1372,-0.364,0.1986,0.749
2011,85,35,1.0,1.0,5.3297,0.1247,-0.364,0.1995,0.69
2011,85,35,0.5,0.5,6.3816,0.1357,-0.364,0.1991,0.74
2011,85,40,1.0,1.0,5.7449,0.1292,-0.364,0.2004,0.708
2011,85,40,0.5,0.5,6.5672,0.1375,-0.364,0.1999,0.746
2011,90,10,1.0,1.0,4.5466,0.1152,-0.364,0.1913,0.667
2011,90,10,0.5,0.5,7.4163,0.1452,-0.364,0.1965,0.79
2011,90,15,1.0,1.0,5.6458,0.1282,-0.364,0.1943,0.72
2011,90,15,0.5,0.5,7.2371,0.1437,-0.364,0.1983,0.778
2011,90,20,1.0,1.0,6.4861,0.1367,-0.364,0.1957,0.755
2011,90,20,0.5,0.5,7.727,0.1479,-0.364,0.1989,0.795
2011,90,25,1.0,1.0,5.7514,0.1293,-0.364,0.1962,0.72
2011,90,25,0.5,0.5,7.5103,0.1461,-0.364,0.1994,0.785
2011,90,30,1.0,1.0,6.4215,0.1361,-0.364,0.1993,0.742
2011,90,30,0.5,0.5,7.5831,0.1467,-0.364,0.2003,0.785
2011,90,35,1.0,1.0,6.2217,0.1341,-0.364,0.1999,0.731
2011,90,35,0.5,0.5,7.4889,0.1459,-0.364,0.2006,0.781
2011,90,40,1.0,1.0,6.7126,0.1389,-0.364,0.2008,0.75
2011,90,40,0.5,0.5,7.4769,0.1458,-0.364,0.2011,0.779
