sample,variant,date,action,fg,price,pctOfPortfolio,resultingWeight
5y,H 100/100(기존),2021-09-20,RAMP_BUY,11.1,14713.9,0.04,0.04
5y,H 100/100(기존),2021-09-21,RAMP_BUY,11.1,14746.4,0.04,0.0801
5y,H 100/100(기존),2021-09-22,RAMP_BUY,11.45,14896.85,0.04,0.1208
5y,H 100/100(기존),2021-09-23,RAMP_BUY,20.03,15052.24,0.04,0.1619
5y,H 100/100(기존),2021-09-24,RAMP_BUY,24.5,15047.7,0.04,0.2019
5y,H 100/100(기존),2021-09-27,RAMP_BUY,23.83,14969.97,0.04,0.2411
5y,H 100/100(기존),2021-09-28,RAMP_BUY,24.77,14546.68,0.04,0.2759
5y,H 100/100(기존),2021-09-29,RAMP_BUY,12.47,14512.44,0.04,0.3154
5y,H 100/100(기존),2021-09-30,RAMP_BUY,12.48,14448.58,0.04,0.3544
5y,H 100/100(기존),2021-10-01,RAMP_BUY,9.97,14566.7,0.04,0.3963
5y,H 100/100(기존),2021-10-04,CRASH_FULL_BUY,18.33,14255.48,0.6089,1.0
5y,H 100/100(기존),2023-02-02,SELL_ALL,82.17,12200.82,,0.0
5y,H 100/100(기존),2023-03-06,WEEKLY_BUY,55.69,11675.74,0.1,0.1
5y,H 100/100(기존),2023-03-13,CRASH_FULL_BUY,26.89,11188.84,0.9038,1.0
5y,H 100/100(기존),2023-06-14,SELL_ALL,79.63,13626.48,,0.0
5y,H 100/100(기존),2023-07-25,WEEKLY_BUY,82.51,14144.56,0.1,0.1
5y,H 100/100(기존),2023-07-26,SELL_ALL,81.23,14127.28,,0.0
5y,H 100/100(기존),2023-08-25,WEEKLY_BUY,40.59,13590.65,0.1,0.1
5y,H 100/100(기존),2023-09-26,WEEKLY_BUY,38.43,13063.61,0.1,0.1965
5y,H 100/100(기존),2023-09-27,CRASH_FULL_BUY,24.23,13092.85,0.8032,1.0
5y,H 100/100(기존),2023-12-20,SELL_ALL,82.97,14777.94,,0.0
5y,H 100/100(기존),2024-01-23,WEEKLY_BUY,72.86,15425.94,0.1,0.1
5y,H 100/100(기존),2024-02-22,WEEKLY_BUY,63.7,16041.62,0.1,0.2036
5y,H 100/100(기존),2024-03-05,SELL_ALL,79.23,15939.59,,0.0
5y,H 100/100(기존),2024-04-04,WEEKLY_BUY,69.4,16049.08,0.1,0.1
5y,H 100/100(기존),2024-04-19,CRASH_FULL_BUY,30.4,15282.01,0.9043,1.0
5y,H 매도만50%,2021-09-20,RAMP_BUY,11.1,14713.9,0.04,0.04
5y,H 매도만50%,2021-09-21,RAMP_BUY,11.1,14746.4,0.04,0.0801
5y,H 매도만50%,2021-09-22,RAMP_BUY,11.45,14896.85,0.04,0.1208
5y,H 매도만50%,2021-09-23,RAMP_BUY,20.03,15052.24,0.04,0.1619
5y,H 매도만50%,2021-09-24,RAMP_BUY,24.5,15047.7,0.04,0.2019
5y,H 매도만50%,2021-09-27,RAMP_BUY,23.83,14969.97,0.04,0.2411
5y,H 매도만50%,2021-09-28,RAMP_BUY,24.77,14546.68,0.04,0.2759
5y,H 매도만50%,2021-09-29,RAMP_BUY,12.47,14512.44,0.04,0.3154
5y,H 매도만50%,2021-09-30,RAMP_BUY,12.48,14448.58,0.04,0.3544
5y,H 매도만50%,2021-10-01,RAMP_BUY,9.97,14566.7,0.04,0.3963
5y,H 매도만50%,2021-10-04,CRASH_FULL_BUY,18.33,14255.48,0.6089,1.0
5y,H 매도만50%,2023-02-02,SELL_HALF,82.17,12200.82,0.5,0.5
5y,H 매도만50%,2023-03-06,WEEKLY_BUY,55.69,11675.74,0.1,0.589
5y,H 매도만50%,2023-03-13,CRASH_FULL_BUY,26.89,11188.84,0.4213,1.0
5y,H 매도만50%,2023-06-14,SELL_HALF,79.63,13626.48,0.5,0.5
5y,H 매도만50%,2023-06-30,SELL_HALF,79.2,13787.92,0.2515,0.2515
5y,H 매도만50%,2023-07-14,SELL_HALF,79.4,14113.7,0.1279,0.1279
5y,H 매도만50%,2023-08-25,WEEKLY_BUY,40.59,13590.65,0.1,0.2238
5y,H 매도만50%,2023-09-26,WEEKLY_BUY,38.43,13063.61,0.1,0.317
5y,H 매도만50%,2023-09-27,CRASH_FULL_BUY,24.23,13092.85,0.6825,1.0
5y,H 매도만50%,2023-12-20,SELL_HALF,82.97,14777.94,0.5,0.5
5y,H 매도만50%,2023-12-26,SELL_HALF,79.74,15074.57,0.2525,0.2525
5y,H 매도만50%,2024-02-02,WEEKLY_BUY,72.34,15628.95,0.1,0.3594
5y,H 매도만50%,2024-03-05,SELL_HALF,79.23,15939.59,0.182,0.182
5y,H 매도만50%,2024-04-04,WEEKLY_BUY,69.4,16049.08,0.1,0.283
5y,H 매도만50%,2024-04-19,CRASH_FULL_BUY,30.4,15282.01,0.7269,1.0
5y,H 둘다50%,2021-09-20,RAMP_BUY,11.1,14713.9,0.04,0.04
5y,H 둘다50%,2021-09-21,RAMP_BUY,11.1,14746.4,0.04,0.0801
5y,H 둘다50%,2021-09-22,RAMP_BUY,11.45,14896.85,0.04,0.1208
5y,H 둘다50%,2021-09-23,RAMP_BUY,20.03,15052.24,0.04,0.1619
5y,H 둘다50%,2021-09-24,RAMP_BUY,24.5,15047.7,0.04,0.2019
5y,H 둘다50%,2021-09-27,RAMP_BUY,23.83,14969.97,0.04,0.2411
5y,H 둘다50%,2021-09-28,RAMP_BUY,24.77,14546.68,0.04,0.2759
5y,H 둘다50%,2021-09-29,RAMP_BUY,12.47,14512.44,0.04,0.3154
5y,H 둘다50%,2021-09-30,RAMP_BUY,12.48,14448.58,0.04,0.3544
5y,H 둘다50%,2021-10-01,RAMP_BUY,9.97,14566.7,0.04,0.3963
5y,H 둘다50%,2021-10-04,CRASH_HALF_BUY,18.33,14255.48,0.3044,0.6956
5y,H 둘다50%,2021-10-05,CRASH_HALF_BUY,9.5,14433.83,0.1509,0.8491
5y,H 둘다50%,2021-10-06,CRASH_HALF_BUY,18.77,14501.91,0.0751,0.9249
5y,H 둘다50%,2021-10-07,CRASH_HALF_BUY,20.07,14654.02,0.0372,0.9628
5y,H 둘다50%,2021-10-08,CRASH_HALF_BUY,24.6,14579.54,0.0187,0.9813
5y,H 둘다50%,2021-10-11,CRASH_HALF_BUY,25.27,14486.2,0.0094,0.9906
5y,H 둘다50%,2021-10-12,CRASH_HALF_BUY,25.9,14465.92,0.0047,0.9953
5y,H 둘다50%,2021-10-13,CRASH_HALF_BUY,22.7,14571.64,0.0023,0.9977
5y,H 둘다50%,2021-10-14,CRASH_HALF_BUY,24.1,14823.43,0.0011,0.9989
5y,H 둘다50%,2021-11-12,WEEKLY_BUY,72.23,15860.96,0.0011,1.0
5y,H 둘다50%,2023-02-02,SELL_HALF,82.17,12200.82,0.5,0.5
5y,H 둘다50%,2023-03-06,WEEKLY_BUY,55.69,11675.74,0.1,0.589
5y,H 둘다50%,2023-03-13,CRASH_HALF_BUY,26.89,11188.84,0.2107,0.7893
5y,H 둘다50%,2023-03-14,CRASH_HALF_BUY,23.36,11428.15,0.1036,0.8964
5y,H 둘다50%,2023-03-15,CRASH_HALF_BUY,25.09,11434.05,0.0518,0.9482
5y,H 둘다50%,2023-03-16,CRASH_HALF_BUY,22.69,11717.28,0.0253,0.9747
5y,H 둘다50%,2023-03-20,CRASH_HALF_BUY,27.0,11675.54,0.0127,0.9873
5y,H 둘다50%,2023-03-21,CRASH_HALF_BUY,30.43,11860.11,0.0062,0.9938
5y,H 둘다50%,2023-04-20,WEEKLY_BUY,67.26,12059.56,0.0061,1.0
5y,H 둘다50%,2023-06-14,SELL_HALF,79.63,13626.48,0.5,0.5
5y,H 둘다50%,2023-06-30,SELL_HALF,79.2,13787.92,0.2515,0.2515
5y,H 둘다50%,2023-07-14,SELL_HALF,79.4,14113.7,0.1279,0.1279
5y,H 둘다50%,2023-08-25,WEEKLY_BUY,40.59,13590.65,0.1,0.2238
5y,H 둘다50%,2023-09-26,WEEKLY_BUY,38.43,13063.61,0.1,0.317
5y,H 둘다50%,2023-09-27,CRASH_HALF_BUY,24.23,13092.85,0.3413,0.6587
5y,H 둘다50%,2023-09-28,CRASH_HALF_BUY,22.83,13201.28,0.1697,0.8303
5y,H 둘다50%,2023-09-29,CRASH_HALF_BUY,29.0,13219.32,0.0848,0.9152
5y,H 둘다50%,2023-10-02,CRASH_HALF_BUY,28.4,13307.77,0.0421,0.9579
5y,H 둘다50%,2023-10-03,CRASH_HALF_BUY,28.31,13059.47,0.0214,0.9786
5y,H 둘다50%,2023-10-04,CRASH_HALF_BUY,20.53,13236.01,0.0106,0.9894
5y,H 둘다50%,2023-10-05,CRASH_HALF_BUY,20.99,13219.83,0.0053,0.9947
5y,H 둘다50%,2023-10-06,CRASH_HALF_BUY,20.33,13431.34,0.0026,0.9974
5y,H 둘다50%,2023-10-09,CRASH_HALF_BUY,27.71,13484.24,0.0013,0.9987
5y,H 둘다50%,2023-10-10,CRASH_HALF_BUY,29.26,13562.84,0.0006,0.9994
5y,H 둘다50%,2023-10-16,CRASH_HALF_BUY,26.27,13567.98,0.0003,0.9997
5y,H 둘다50%,2023-10-19,CRASH_HALF_BUY,30.57,13186.18,0.0002,0.9998
5y,H 둘다50%,2023-10-20,CRASH_HALF_BUY,29.54,12983.81,0.0001,0.9999
5y,H 둘다50%,2023-10-23,CRASH_HALF_BUY,22.86,13018.33,0.0,1.0
5y,H 둘다50%,2023-10-24,CRASH_HALF_BUY,25.84,13139.87,0.0,1.0
5y,H 둘다50%,2023-10-26,CRASH_HALF_BUY,25.21,12595.61,0.0,1.0
5y,H 둘다50%,2023-10-27,CRASH_HALF_BUY,22.71,12643.01,0.0,1.0
5y,H 둘다50%,2023-10-30,CRASH_HALF_BUY,21.61,12789.48,0.0,1.0
5y,H 둘다50%,2023-10-31,CRASH_HALF_BUY,29.2,12851.24,0.0,1.0
5y,H 둘다50%,2023-11-01,CRASH_HALF_BUY,30.14,13061.47,0.0,1.0
5y,H 둘다50%,2023-12-01,WEEKLY_BUY,64.37,14305.03,0.0,1.0
5y,H 둘다50%,2023-12-20,SELL_HALF,82.97,14777.94,0.5,0.5
5y,H 둘다50%,2023-12-26,SELL_HALF,79.74,15074.57,0.2525,0.2525
5y,H 둘다50%,2024-02-02,WEEKLY_BUY,72.34,15628.95,0.1,0.3594
5y,H 둘다50%,2024-03-05,SELL_HALF,79.23,15939.59,0.182,0.182
5y,H 둘다50%,2024-04-04,WEEKLY_BUY,69.4,16049.08,0.1,0.283
5y,H 둘다50%,2024-04-19,CRASH_HALF_BUY,30.4,15282.01,0.3634,0.6366
5y,H 둘다50%,2024-04-22,CRASH_HALF_BUY,27.67,15451.31,0.1804,0.8196
5y,H 둘다50%,2024-05-21,WEEKLY_BUY,60.43,16832.62,0.1,0.9319
5y,H 둘다50%,2024-06-21,WEEKLY_BUY,38.71,17689.36,0.065,1.0
2011,H 100/100(기존),2011-01-03,RAMP_BUY,68.0,2691.52,0.04,0.04
2011,H 100/100(기존),2011-01-04,RAMP_BUY,68.0,2681.25,0.04,0.0799
2011,H 100/100(기존),2011-01-05,RAMP_BUY,68.0,2702.2,0.04,0.1204
2011,H 100/100(기존),2011-01-06,RAMP_BUY,67.0,2709.89,0.04,0.1607
2011,H 100/100(기존),2011-01-07,RAMP_BUY,64.0,2703.17,0.04,0.2004
2011,H 100/100(기존),2011-01-10,RAMP_BUY,63.0,2707.8,0.04,0.2407
2011,H 100/100(기존),2011-01-11,RAMP_BUY,58.0,2716.83,0.04,0.2813
2011,H 100/100(기존),2011-01-12,RAMP_BUY,58.0,2737.33,0.04,0.3228
2011,H 100/100(기존),2011-01-13,RAMP_BUY,58.0,2735.29,0.04,0.3626
2011,H 100/100(기존),2011-01-14,RAMP_BUY,58.0,2755.3,0.04,0.4043
2011,H 100/100(기존),2011-02-15,WEEKLY_BUY,61.0,2804.35,0.1,0.5086
2011,H 100/100(기존),2011-03-09,CRASH_FULL_BUY,27.0,2751.72,0.4962,1.0
2011,H 100/100(기존),2012-01-10,SELL_ALL,81.0,2702.5,,0.0
2011,H 100/100(기존),2012-03-22,WEEKLY_BUY,71.0,3063.32,0.1,0.1
2011,H 100/100(기존),2012-04-23,WEEKLY_BUY,35.0,2970.45,0.1,0.1973
2011,H 100/100(기존),2012-05-14,CRASH_FULL_BUY,25.0,2902.58,0.8064,1.0
2011,H 100/100(기존),2012-08-20,SELL_ALL,79.0,3076.21,,0.0
2011,H 100/100(기존),2012-09-19,WEEKLY_BUY,92.0,3182.62,0.1,0.1
2011,H 100/100(기존),2012-09-20,SELL_ALL,92.0,3175.96,,0.0
2011,H 100/100(기존),2012-10-25,WEEKLY_BUY,45.0,2986.12,0.1,0.1
2011,H 100/100(기존),2012-11-16,CRASH_FULL_BUY,28.0,2853.13,0.904,1.0
2011,H 100/100(기존),2013-01-07,SELL_ALL,82.0,3098.81,,0.0
2011,H 100/100(기존),2013-03-22,WEEKLY_BUY,69.0,3245.0,0.1,0.1
2011,H 100/100(기존),2013-04-23,WEEKLY_BUY,42.0,3269.33,0.1,0.2007
2011,H 100/100(기존),2013-05-14,SELL_ALL,80.0,3462.61,,0.0
2011,H 100/100(기존),2013-06-13,CRASH_FULL_BUY,30.0,3445.36,1.0,1.0
2011,H 100/100(기존),2014-03-07,SELL_ALL,80.0,4336.22,,0.0
2011,H 100/100(기존),2014-04-09,WEEKLY_BUY,34.0,4183.9,0.1,0.1
2011,H 100/100(기존),2014-04-14,CRASH_FULL_BUY,21.0,4022.69,0.9035,1.0
2011,H 100/100(기존),2014-06-06,SELL_ALL,81.0,4321.4,,0.0
2011,H 100/100(기존),2014-07-28,WEEKLY_BUY,34.0,4444.91,0.1,0.1
2011,H 100/100(기존),2014-07-31,CRASH_FULL_BUY,26.0,4369.77,0.9015,1.0
2011,H 100/100(기존),2015-02-19,SELL_ALL,79.0,4924.7,,0.0
2011,H 100/100(기존),2015-03-20,WEEKLY_BUY,43.0,5026.42,0.1,0.1
2011,H 100/100(기존),2015-04-21,WEEKLY_BUY,55.0,5014.1,0.1,0.1998
2011,H 100/100(기존),2015-05-20,WEEKLY_BUY,62.0,5071.74,0.1,0.3016
2011,H 100/100(기존),2015-06-15,CRASH_FULL_BUY,30.0,5029.97,0.7001,1.0
2011,H 100/100(기존),2016-03-21,SELL_ALL,79.0,4808.87,,0.0
2011,H 100/100(기존),2016-04-20,WEEKLY_BUY,73.0,4948.13,0.1,0.1
2011,H 100/100(기존),2016-05-19,WEEKLY_BUY,56.0,4712.53,0.1,0.1957
2011,H 100/100(기존),2016-06-03,SELL_ALL,79.0,4942.52,,0.0
2011,H 100/100(기존),2016-07-05,WEEKLY_BUY,71.0,4822.9,0.1,0.1
2011,H 100/100(기존),2016-07-12,SELL_ALL,80.0,5022.82,,0.0
2011,H 100/100(기존),2016-08-30,WEEKLY_BUY,64.0,5222.99,0.1,0.1
2011,H 100/100(기존),2016-09-29,WEEKLY_BUY,45.0,5269.15,0.1,0.2008
2011,H 100/100(기존),2016-10-28,WEEKLY_BUY,46.0,5190.1,0.1,0.2984
2011,H 100/100(기존),2016-11-01,CRASH_FULL_BUY,26.0,5153.58,0.7031,1.0
2011,H 100/100(기존),2016-12-07,SELL_ALL,79.0,5393.76,,0.0
2011,H 100/100(기존),2017-01-23,WEEKLY_BUY,53.0,5552.94,0.1,0.1
2011,H 100/100(기존),2017-02-16,SELL_ALL,80.0,5814.9,,0.0
2011,H 100/100(기존),2017-03-21,WEEKLY_BUY,43.0,5793.83,0.1,0.1
2011,H 100/100(기존),2017-03-28,CRASH_FULL_BUY,27.0,5875.14,0.8987,1.0
2011,H 100/100(기존),2017-09-19,SELL_ALL,80.0,6461.32,,0.0
2011,H 100/100(기존),2017-10-20,WEEKLY_BUY,83.0,6629.05,0.1,0.1
2011,H 100/100(기존),2017-10-23,SELL_ALL,89.0,6586.83,,0.0
2011,H 100/100(기존),2017-11-22,WEEKLY_BUY,54.0,6867.36,0.1,0.1
2011,H 100/100(기존),2017-12-22,WEEKLY_BUY,68.0,6959.96,0.1,0.2012
2011,H 100/100(기존),2018-01-16,SELL_ALL,79.0,7223.69,,0.0
2011,H 100/100(기존),2018-02-05,CRASH_FULL_BUY,17.0,6967.53,1.0,1.0
2011,H 100/100(기존),2019-11-04,SELL_ALL,80.0,8433.2,,0.0
2011,H 100/100(기존),2019-12-20,WEEKLY_BUY,90.0,8924.96,0.1,0.1
2011,H 100/100(기존),2019-12-23,SELL_ALL,91.0,8945.65,,0.0
2011,H 100/100(기존),2020-02-21,WEEKLY_BUY,50.0,9576.59,0.1,0.1
2011,H 100/100(기존),2020-02-25,CRASH_FULL_BUY,29.0,8965.61,0.9058,1.0
2011,H 100/100(기존),2020-11-25,SELL_ALL,88.0,12094.4,,0.0
2011,H 100/100(기존),2021-01-12,WEEKLY_BUY,65.0,13072.43,0.1,0.1
2011,H 100/100(기존),2021-01-28,CRASH_FULL_BUY,28.2,13337.16,0.8982,1.0
2011,H 100/100(기존),2023-02-02,SELL_ALL,82.17,12200.82,,0.0
2011,H 100/100(기존),2023-03-06,WEEKLY_BUY,55.69,11675.74,0.1,0.1
2011,H 100/100(기존),2023-03-13,CRASH_FULL_BUY,26.89,11188.84,0.9038,1.0
2011,H 100/100(기존),2023-06-14,SELL_ALL,79.63,13626.48,,0.0
2011,H 100/100(기존),2023-07-25,WEEKLY_BUY,82.51,14144.56,0.1,0.1
2011,H 100/100(기존),2023-07-26,SELL_ALL,81.23,14127.28,,0.0
2011,H 100/100(기존),2023-08-25,WEEKLY_BUY,40.59,13590.65,0.1,0.1
2011,H 100/100(기존),2023-09-26,WEEKLY_BUY,38.43,13063.61,0.1,0.1965
2011,H 100/100(기존),2023-09-27,CRASH_FULL_BUY,24.23,13092.85,0.8032,1.0
2011,H 100/100(기존),2023-12-20,SELL_ALL,82.97,14777.94,,0.0
2011,H 100/100(기존),2024-01-23,WEEKLY_BUY,72.86,15425.94,0.1,0.1
2011,H 100/100(기존),2024-02-22,WEEKLY_BUY,63.7,16041.62,0.1,0.2036
2011,H 100/100(기존),2024-03-05,SELL_ALL,79.23,15939.59,,0.0
2011,H 100/100(기존),2024-04-04,WEEKLY_BUY,69.4,16049.08,0.1,0.1
2011,H 100/100(기존),2024-04-19,CRASH_FULL_BUY,30.4,15282.01,0.9043,1.0
2011,H 매도만50%,2011-01-03,RAMP_BUY,68.0,2691.52,0.04,0.04
2011,H 매도만50%,2011-01-04,RAMP_BUY,68.0,2681.25,0.04,0.0799
2011,H 매도만50%,2011-01-05,RAMP_BUY,68.0,2702.2,0.04,0.1204
2011,H 매도만50%,2011-01-06,RAMP_BUY,67.0,2709.89,0.04,0.1607
2011,H 매도만50%,2011-01-07,RAMP_BUY,64.0,2703.17,0.04,0.2004
2011,H 매도만50%,2011-01-10,RAMP_BUY,63.0,2707.8,0.04,0.2407
2011,H 매도만50%,2011-01-11,RAMP_BUY,58.0,2716.83,0.04,0.2813
2011,H 매도만50%,2011-01-12,RAMP_BUY,58.0,2737.33,0.04,0.3228
2011,H 매도만50%,2011-01-13,RAMP_BUY,58.0,2735.29,0.04,0.3626
2011,H 매도만50%,2011-01-14,RAMP_BUY,58.0,2755.3,0.04,0.4043
2011,H 매도만50%,2011-02-15,WEEKLY_BUY,61.0,2804.35,0.1,0.5086
2011,H 매도만50%,2011-03-09,CRASH_FULL_BUY,27.0,2751.72,0.4962,1.0
2011,H 매도만50%,2012-01-10,SELL_HALF,81.0,2702.5,0.5,0.5
2011,H 매도만50%,2012-02-24,SELL_HALF,79.0,2963.75,0.2615,0.2615
2011,H 매도만50%,2012-03-14,SELL_HALF,79.0,3040.73,0.1333,0.1333
2011,H 매도만50%,2012-04-17,WEEKLY_BUY,37.0,3042.82,0.1,0.2333
2011,H 매도만50%,2012-05-14,CRASH_FULL_BUY,25.0,2902.58,0.775,1.0
2011,H 매도만50%,2012-08-20,SELL_HALF,79.0,3076.21,0.5,0.5
2011,H 매도만50%,2012-09-10,SELL_HALF,83.0,3104.02,0.2511,0.2511
2011,H 매도만50%,2012-09-12,SELL_HALF,86.0,3114.31,0.1259,0.1259
2011,H 매도만50%,2012-10-25,WEEKLY_BUY,45.0,2986.12,0.1,0.2213
2011,H 매도만50%,2012-11-16,CRASH_FULL_BUY,28.0,2853.13,0.7864,1.0
2011,H 매도만50%,2013-01-07,SELL_HALF,82.0,3098.81,0.5,0.5
2011,H 매도만50%,2013-03-11,SELL_HALF,82.0,3252.87,0.2561,0.2561
2011,H 매도만50%,2013-03-15,SELL_HALF,79.0,3249.07,0.1279,0.1279
2011,H 매도만50%,2013-04-16,WEEKLY_BUY,41.0,3264.63,0.1,0.2285
2011,H 매도만50%,2013-05-14,SELL_HALF,80.0,3462.61,0.1195,0.1195
2011,H 매도만50%,2013-06-13,CRASH_FULL_BUY,30.0,3445.36,0.881,1.0
2011,H 매도만50%,2014-03-07,SELL_HALF,80.0,4336.22,0.5,0.5
2011,H 매도만50%,2014-04-09,WEEKLY_BUY,34.0,4183.9,0.1,0.5911
2011,H 매도만50%,2014-04-14,CRASH_FULL_BUY,21.0,4022.69,0.4185,1.0
2011,H 매도만50%,2014-06-06,SELL_HALF,81.0,4321.4,0.5,0.5
2011,H 매도만50%,2014-07-01,SELL_HALF,87.0,4458.65,0.2539,0.2539
2011,H 매도만50%,2014-07-31,CRASH_FULL_BUY,26.0,4369.77,0.7499,1.0
2011,H 매도만50%,2015-02-19,SELL_HALF,79.0,4924.7,0.5,0.5
2011,H 매도만50%,2015-02-23,SELL_HALF,80.0,4960.97,0.2509,0.2509
2011,H 매도만50%,2015-03-24,WEEKLY_BUY,48.0,4994.73,0.1,0.3522
2011,H 매도만50%,2015-04-23,WEEKLY_BUY,59.0,5056.06,0.1,0.455
2011,H 매도만50%,2015-05-22,WEEKLY_BUY,64.0,5089.36,0.1,0.5566
2011,H 매도만50%,2015-06-15,CRASH_FULL_BUY,30.0,5029.97,0.4463,1.0
2011,H 매도만50%,2016-03-21,SELL_HALF,79.0,4808.87,0.5,0.5
2011,H 매도만50%,2016-04-20,WEEKLY_BUY,73.0,4948.13,0.1,0.6071
2011,H 매도만50%,2016-05-19,WEEKLY_BUY,56.0,4712.53,0.1,0.6954
2011,H 매도만50%,2016-06-03,SELL_HALF,79.0,4942.52,0.3527,0.3527
2011,H 매도만50%,2016-06-07,SELL_HALF,79.0,4961.75,0.1768,0.1768
2011,H 매도만50%,2016-07-12,SELL_HALF,80.0,5022.82,0.0893,0.0893
2011,H 매도만50%,2016-08-04,SELL_HALF,80.0,5166.25,0.0458,0.0458
2011,H 매도만50%,2016-09-08,WEEKLY_BUY,64.0,5259.48,0.1,0.1466
2011,H 매도만50%,2016-10-07,WEEKLY_BUY,52.0,5292.4,0.1,0.2474
2011,H 매도만50%,2016-11-01,CRASH_FULL_BUY,26.0,5153.58,0.7575,1.0
2011,H 매도만50%,2016-12-07,SELL_HALF,79.0,5393.76,0.5,0.5
2011,H 매도만50%,2017-01-23,WEEKLY_BUY,53.0,5552.94,0.1,0.6073
2011,H 매도만50%,2017-02-16,SELL_HALF,80.0,5814.9,0.3091,0.3091
2011,H 매도만50%,2017-02-22,SELL_HALF,83.0,5860.63,0.1554,0.1554
2011,H 매도만50%,2017-03-02,SELL_HALF,81.0,5861.22,0.0777,0.0777
2011,H 매도만50%,2017-03-28,CRASH_FULL_BUY,27.0,5875.14,0.9221,1.0
2011,H 매도만50%,2017-09-19,SELL_HALF,80.0,6461.32,0.5,0.5
2011,H 매도만50%,2017-09-29,SELL_HALF,79.0,6495.96,0.2507,0.2507
2011,H 매도만50%,2017-10-19,SELL_HALF,82.0,6605.07,0.1269,0.1269
2011,H 매도만50%,2017-11-22,WEEKLY_BUY,54.0,6867.36,0.1,0.2313
2011,H 매도만50%,2017-12-22,WEEKLY_BUY,68.0,6959.96,0.1,0.3337
2011,H 매도만50%,2018-01-16,SELL_HALF,79.0,7223.69,0.171,0.171
2011,H 매도만50%,2018-01-22,SELL_HALF,80.0,7408.03,0.0873,0.0873
2011,H 매도만50%,2018-01-29,SELL_HALF,79.0,7466.51,0.044,0.044
2011,H 매도만50%,2018-02-05,CRASH_FULL_BUY,17.0,6967.53,0.9589,1.0
2011,H 매도만50%,2019-11-04,SELL_HALF,80.0,8433.2,0.5,0.5
2011,H 매도만50%,2019-12-02,SELL_HALF,79.0,8567.99,0.252,0.252
2011,H 매도만50%,2019-12-17,SELL_HALF,82.0,8823.36,0.1288,0.1288
2011,H 매도만50%,2020-02-21,WEEKLY_BUY,50.0,9576.59,0.1,0.2383
2011,H 매도만50%,2020-02-25,CRASH_FULL_BUY,29.0,8965.61,0.7735,1.0
2011,H 매도만50%,2020-11-25,SELL_HALF,88.0,12094.4,0.5,0.5
2011,H 매도만50%,2021-01-12,WEEKLY_BUY,65.0,13072.43,0.1,0.6194
2011,H 매도만50%,2021-01-28,CRASH_FULL_BUY,28.2,13337.16,0.3759,1.0
2011,H 매도만50%,2023-02-02,SELL_HALF,82.17,12200.82,0.5,0.5
2011,H 매도만50%,2023-03-06,WEEKLY_BUY,55.69,11675.74,0.1,0.589
2011,H 매도만50%,2023-03-13,CRASH_FULL_BUY,26.89,11188.84,0.4213,1.0
2011,H 매도만50%,2023-06-14,SELL_HALF,79.63,13626.48,0.5,0.5
2011,H 매도만50%,2023-06-30,SELL_HALF,79.2,13787.92,0.2515,0.2515
2011,H 매도만50%,2023-07-14,SELL_HALF,79.4,14113.7,0.1279,0.1279
2011,H 매도만50%,2023-08-25,WEEKLY_BUY,40.59,13590.65,0.1,0.2238
2011,H 매도만50%,2023-09-26,WEEKLY_BUY,38.43,13063.61,0.1,0.317
2011,H 매도만50%,2023-09-27,CRASH_FULL_BUY,24.23,13092.85,0.6825,1.0
2011,H 매도만50%,2023-12-20,SELL_HALF,82.97,14777.94,0.5,0.5
2011,H 매도만50%,2023-12-26,SELL_HALF,79.74,15074.57,0.2525,0.2525
2011,H 매도만50%,2024-02-02,WEEKLY_BUY,72.34,15628.95,0.1,0.3594
2011,H 매도만50%,2024-03-05,SELL_HALF,79.23,15939.59,0.182,0.182
2011,H 매도만50%,2024-04-04,WEEKLY_BUY,69.4,16049.08,0.1,0.283
2011,H 매도만50%,2024-04-19,CRASH_FULL_BUY,30.4,15282.01,0.7269,1.0
2011,H 둘다50%,2011-01-03,RAMP_BUY,68.0,2691.52,0.04,0.04
2011,H 둘다50%,2011-01-04,RAMP_BUY,68.0,2681.25,0.04,0.0799
2011,H 둘다50%,2011-01-05,RAMP_BUY,68.0,2702.2,0.04,0.1204
2011,H 둘다50%,2011-01-06,RAMP_BUY,67.0,2709.89,0.04,0.1607
2011,H 둘다50%,2011-01-07,RAMP_BUY,64.0,2703.17,0.04,0.2004
2011,H 둘다50%,2011-01-10,RAMP_BUY,63.0,2707.8,0.04,0.2407
2011,H 둘다50%,2011-01-11,RAMP_BUY,58.0,2716.83,0.04,0.2813
2011,H 둘다50%,2011-01-12,RAMP_BUY,58.0,2737.33,0.04,0.3228
2011,H 둘다50%,2011-01-13,RAMP_BUY,58.0,2735.29,0.04,0.3626
2011,H 둘다50%,2011-01-14,RAMP_BUY,58.0,2755.3,0.04,0.4043
2011,H 둘다50%,2011-02-15,WEEKLY_BUY,61.0,2804.35,0.1,0.5086
2011,H 둘다50%,2011-03-09,CRASH_HALF_BUY,27.0,2751.72,0.2481,0.7519
2011,H 둘다50%,2011-03-10,CRASH_HALF_BUY,26.0,2701.02,0.1258,0.8742
2011,H 둘다50%,2011-03-11,CRASH_HALF_BUY,26.0,2715.61,0.0626,0.9374
2011,H 둘다50%,2011-03-14,CRASH_HALF_BUY,26.0,2700.97,0.0315,0.9685
2011,H 둘다50%,2011-03-15,CRASH_HALF_BUY,13.0,2667.33,0.0159,0.9841
2011,H 둘다50%,2011-03-16,CRASH_HALF_BUY,13.0,2616.82,0.0081,0.9919
2011,H 둘다50%,2011-03-17,CRASH_HALF_BUY,11.0,2636.05,0.004,0.996
2011,H 둘다50%,2011-03-18,CRASH_HALF_BUY,9.0,2643.67,0.002,0.998
2011,H 둘다50%,2011-03-21,CRASH_HALF_BUY,9.0,2692.09,0.001,0.999
2011,H 둘다50%,2011-03-22,CRASH_HALF_BUY,14.0,2683.87,0.0005,0.9995
2011,H 둘다50%,2011-03-23,CRASH_HALF_BUY,15.0,2698.3,0.0002,0.9998
2011,H 둘다50%,2011-03-24,CRASH_HALF_BUY,16.0,2736.42,0.0001,0.9999
2011,H 둘다50%,2011-03-25,CRASH_HALF_BUY,16.0,2743.06,0.0001,0.9999
2011,H 둘다50%,2011-03-28,CRASH_HALF_BUY,19.0,2730.68,0.0,1.0
2011,H 둘다50%,2011-03-29,CRASH_HALF_BUY,23.0,2756.89,0.0,1.0
2011,H 둘다50%,2011-03-30,CRASH_HALF_BUY,23.0,2776.79,0.0,1.0
2011,H 둘다50%,2011-03-31,CRASH_HALF_BUY,24.0,2781.07,0.0,1.0
2011,H 둘다50%,2011-04-01,CRASH_HALF_BUY,24.0,2789.6,0.0,1.0
2011,H 둘다50%,2011-04-04,CRASH_HALF_BUY,27.0,2789.19,0.0,1.0
2011,H 둘다50%,2011-04-15,CRASH_HALF_BUY,30.0,2764.65,0.0,1.0
2011,H 둘다50%,2011-04-18,CRASH_HALF_BUY,28.0,2735.38,0.0,1.0
2011,H 둘다50%,2011-04-19,CRASH_HALF_BUY,24.0,2744.97,0.0,1.0
2011,H 둘다50%,2011-04-20,CRASH_HALF_BUY,24.0,2802.51,0.0,1.0
2011,H 둘다50%,2011-04-21,CRASH_HALF_BUY,25.0,2820.16,0.0,1.0
2011,H 둘다50%,2011-04-25,CRASH_HALF_BUY,30.0,2825.88,0.0,1.0
2011,H 둘다50%,2011-05-05,CRASH_HALF_BUY,30.0,2814.72,0.0,1.0
2011,H 둘다50%,2011-05-06,CRASH_HALF_BUY,29.0,2827.56,0.0,1.0
2011,H 둘다50%,2011-05-09,CRASH_HALF_BUY,27.0,2843.25,0.0,1.0
2011,H 둘다50%,2011-05-10,CRASH_HALF_BUY,28.0,2871.89,0.0,1.0
2011,H 둘다50%,2011-08-08,CRASH_HALF_BUY,5.0,2357.69,0.0,1.0
2011,H 둘다50%,2012-01-10,SELL_HALF,81.0,2702.5,0.5,0.5
2011,H 둘다50%,2012-02-24,SELL_HALF,79.0,2963.75,0.2615,0.2615
2011,H 둘다50%,2012-03-14,SELL_HALF,79.0,3040.73,0.1333,0.1333
2011,H 둘다50%,2012-04-17,WEEKLY_BUY,37.0,3042.82,0.1,0.2333
2011,H 둘다50%,2012-05-14,CRASH_HALF_BUY,25.0,2902.58,0.3875,0.6125
2011,H 둘다50%,2012-05-15,CRASH_HALF_BUY,23.0,2893.76,0.1941,0.8059
2011,H 둘다50%,2012-05-16,CRASH_HALF_BUY,20.0,2874.04,0.0976,0.9024
2011,H 둘다50%,2012-05-17,CRASH_HALF_BUY,14.0,2813.69,0.0497,0.9503
2011,H 둘다50%,2012-05-18,CRASH_HALF_BUY,12.0,2778.79,0.0252,0.9748
2011,H 둘다50%,2012-05-21,CRASH_HALF_BUY,12.0,2847.21,0.0123,0.9877
2011,H 둘다50%,2012-05-22,CRASH_HALF_BUY,16.0,2839.08,0.0062,0.9938
2011,H 둘다50%,2012-05-23,CRASH_HALF_BUY,15.0,2850.12,0.0031,0.9969
2011,H 둘다50%,2012-05-24,CRASH_HALF_BUY,15.0,2839.38,0.0015,0.9985
2011,H 둘다50%,2012-05-25,CRASH_HALF_BUY,14.0,2837.53,0.0008,0.9992
2011,H 둘다50%,2012-05-29,CRASH_HALF_BUY,13.0,2870.99,0.0004,0.9996
2011,H 둘다50%,2012-05-30,CRASH_HALF_BUY,14.0,2837.36,0.0002,0.9998
2011,H 둘다50%,2012-05-31,CRASH_HALF_BUY,12.0,2827.34,0.0001,0.9999
2011,H 둘다50%,2012-06-01,CRASH_HALF_BUY,10.0,2747.48,0.0,1.0
2011,H 둘다50%,2012-06-04,CRASH_HALF_BUY,10.0,2760.01,0.0,1.0
2011,H 둘다50%,2012-06-05,CRASH_HALF_BUY,14.0,2778.11,0.0,1.0
2011,H 둘다50%,2012-06-06,CRASH_HALF_BUY,14.0,2844.72,0.0,1.0
2011,H 둘다50%,2012-06-07,CRASH_HALF_BUY,15.0,2831.02,0.0,1.0
2011,H 둘다50%,2012-06-08,CRASH_HALF_BUY,16.0,2858.42,0.0,1.0
2011,H 둘다50%,2012-06-11,CRASH_HALF_BUY,19.0,2809.73,0.0,1.0
2011,H 둘다50%,2012-06-12,CRASH_HALF_BUY,20.0,2843.07,0.0,1.0
2011,H 둘다50%,2012-06-13,CRASH_HALF_BUY,22.0,2818.61,0.0,1.0
2011,H 둘다50%,2012-06-14,CRASH_HALF_BUY,19.0,2836.33,0.0,1.0
2011,H 둘다50%,2012-06-15,CRASH_HALF_BUY,27.0,2872.8,0.0,1.0
2011,H 둘다50%,2012-07-17,WEEKLY_BUY,48.0,2910.04,0.0,1.0
2011,H 둘다50%,2012-08-20,SELL_HALF,79.0,3076.21,0.5,0.5
2011,H 둘다50%,2012-09-10,SELL_HALF,83.0,3104.02,0.2511,0.2511
2011,H 둘다50%,2012-09-12,SELL_HALF,86.0,3114.31,0.1259,0.1259
2011,H 둘다50%,2012-10-25,WEEKLY_BUY,45.0,2986.12,0.1,0.2213
2011,H 둘다50%,2012-11-16,CRASH_HALF_BUY,28.0,2853.13,0.3932,0.6068
2011,H 둘다50%,2012-11-19,CRASH_HALF_BUY,28.0,2916.07,0.194,0.806
2011,H 둘다50%,2012-12-19,WEEKLY_BUY,67.0,3044.36,0.1,0.9126
2011,H 둘다50%,2013-01-07,SELL_HALF,82.0,3098.81,0.457,0.457
2011,H 둘다50%,2013-03-11,SELL_HALF,82.0,3252.87,0.2345,0.2345
2011,H 둘다50%,2013-03-15,SELL_HALF,79.0,3249.07,0.1172,0.1172
2011,H 둘다50%,2013-04-16,WEEKLY_BUY,41.0,3264.63,0.1,0.2177
2011,H 둘다50%,2013-05-14,SELL_HALF,80.0,3462.61,0.1139,0.1139
2011,H 둘다50%,2013-06-13,CRASH_HALF_BUY,30.0,3445.36,0.4433,0.5567
2011,H 둘다50%,2013-06-14,CRASH_HALF_BUY,30.0,3423.56,0.2224,0.7776
2011,H 둘다50%,2013-06-17,CRASH_HALF_BUY,29.0,3452.13,0.1105,0.8895
2011,H 둘다50%,2013-06-18,CRASH_HALF_BUY,24.0,3482.18,0.0548,0.9452
2011,H 둘다50%,2013-06-19,CRASH_HALF_BUY,24.0,3443.2,0.0277,0.9723
2011,H 둘다50%,2013-06-20,CRASH_HALF_BUY,21.0,3364.64,0.0142,0.9858
2011,H 둘다50%,2013-06-21,CRASH_HALF_BUY,19.0,3357.25,0.0071,0.9929
2011,H 둘다50%,2013-06-24,CRASH_HALF_BUY,19.0,3320.76,0.0036,0.9964
2011,H 둘다50%,2013-06-25,CRASH_HALF_BUY,18.0,3347.89,0.0018,0.9982
2011,H 둘다50%,2013-06-26,CRASH_HALF_BUY,19.0,3376.22,0.0009,0.9991
2011,H 둘다50%,2013-06-27,CRASH_HALF_BUY,20.0,3401.86,0.0004,0.9996
2011,H 둘다50%,2013-06-28,CRASH_HALF_BUY,21.0,3403.25,0.0002,0.9998
2011,H 둘다50%,2013-07-01,CRASH_HALF_BUY,22.0,3434.49,0.0001,0.9999
2011,H 둘다50%,2013-07-02,CRASH_HALF_BUY,25.0,3433.4,0.0001,0.9999
2011,H 둘다50%,2013-07-03,CRASH_HALF_BUY,29.0,3443.67,0.0,1.0
2011,H 둘다50%,2013-07-05,CRASH_HALF_BUY,30.0,3479.38,0.0,1.0
2011,H 둘다50%,2013-08-05,WEEKLY_BUY,62.0,3692.95,0.0,1.0
2011,H 둘다50%,2014-03-07,SELL_HALF,80.0,4336.22,0.5,0.5
2011,H 둘다50%,2014-04-09,WEEKLY_BUY,34.0,4183.9,0.1,0.5911
2011,H 둘다50%,2014-04-14,CRASH_HALF_BUY,21.0,4022.69,0.2092,0.7908
2011,H 둘다50%,2014-04-15,CRASH_HALF_BUY,23.0,4034.16,0.1044,0.8956
2011,H 둘다50%,2014-04-16,CRASH_HALF_BUY,23.0,4086.23,0.0516,0.9484
2011,H 둘다50%,2014-04-17,CRASH_HALF_BUY,28.0,4095.52,0.0257,0.9743
2011,H 둘다50%,2014-04-21,CRASH_HALF_BUY,28.0,4121.55,0.0128,0.9872
2011,H 둘다50%,2014-05-02,CRASH_HALF_BUY,30.0,4123.9,0.0064,0.9936
2011,H 둘다50%,2014-05-16,CRASH_HALF_BUY,28.0,4090.59,0.0032,0.9968
2011,H 둘다50%,2014-05-19,CRASH_HALF_BUY,28.0,4125.81,0.0016,0.9984
2011,H 둘다50%,2014-05-20,CRASH_HALF_BUY,26.0,4096.89,0.0008,0.9992
2011,H 둘다50%,2014-05-21,CRASH_HALF_BUY,21.0,4131.54,0.0004,0.9996
2011,H 둘다50%,2014-05-22,CRASH_HALF_BUY,29.0,4154.34,0.0002,0.9998
2011,H 둘다50%,2014-06-06,SELL_HALF,81.0,4321.4,0.4999,0.4999
2011,H 둘다50%,2014-07-01,SELL_HALF,87.0,4458.65,0.2539,0.2539
2011,H 둘다50%,2014-07-31,CRASH_HALF_BUY,26.0,4369.77,0.375,0.625
2011,H 둘다50%,2014-08-01,CRASH_HALF_BUY,10.0,4352.64,0.1879,0.8121
2011,H 둘다50%,2014-08-04,CRASH_HALF_BUY,5.0,4383.89,0.0934,0.9066
2011,H 둘다50%,2014-08-05,CRASH_HALF_BUY,5.0,4352.84,0.047,0.953
2011,H 둘다50%,2014-08-06,CRASH_HALF_BUY,5.0,4355.05,0.0235,0.9765
2011,H 둘다50%,2014-08-07,CRASH_HALF_BUY,5.0,4334.97,0.0118,0.9882
2011,H 둘다50%,2014-08-08,CRASH_HALF_BUY,5.0,4370.9,0.0059,0.9941
2011,H 둘다50%,2014-08-11,CRASH_HALF_BUY,10.0,4401.33,0.0029,0.9971
2011,H 둘다50%,2014-08-12,CRASH_HALF_BUY,7.0,4389.25,0.0015,0.9985
2011,H 둘다50%,2014-08-13,CRASH_HALF_BUY,8.0,4434.13,0.0007,0.9993
2011,H 둘다50%,2014-08-14,CRASH_HALF_BUY,13.0,4453.0,0.0004,0.9996
2011,H 둘다50%,2014-08-15,CRASH_HALF_BUY,16.0,4464.93,0.0002,0.9998
2011,H 둘다50%,2014-08-18,CRASH_HALF_BUY,14.0,4508.31,0.0001,0.9999
2011,H 둘다50%,2014-08-19,CRASH_HALF_BUY,26.0,4527.51,0.0,1.0
2011,H 둘다50%,2014-09-18,WEEKLY_BUY,42.0,4593.43,0.0,1.0
2011,H 둘다50%,2015-02-19,SELL_HALF,79.0,4924.7,0.5,0.5
2011,H 둘다50%,2015-02-23,SELL_HALF,80.0,4960.97,0.2509,0.2509
2011,H 둘다50%,2015-03-24,WEEKLY_BUY,48.0,4994.73,0.1,0.3522
2011,H 둘다50%,2015-04-23,WEEKLY_BUY,59.0,5056.06,0.1,0.455
2011,H 둘다50%,2015-05-22,WEEKLY_BUY,64.0,5089.36,0.1,0.5566
2011,H 둘다50%,2015-06-15,CRASH_HALF_BUY,30.0,5029.97,0.2231,0.7769
2011,H 둘다50%,2015-06-16,CRASH_HALF_BUY,26.0,5055.55,0.1111,0.8889
2011,H 둘다50%,2015-06-17,CRASH_HALF_BUY,27.0,5064.88,0.0555,0.9445
2011,H 둘다50%,2015-06-18,CRASH_HALF_BUY,26.0,5132.95,0.0274,0.9726
2011,H 둘다50%,2015-06-22,CRASH_HALF_BUY,30.0,5153.97,0.0136,0.9864
2011,H 둘다50%,2015-06-30,CRASH_HALF_BUY,8.0,4986.87,0.007,0.993
2011,H 둘다50%,2015-07-01,CRASH_HALF_BUY,11.0,5013.12,0.0035,0.9965
2011,H 둘다50%,2015-07-02,CRASH_HALF_BUY,18.0,5009.21,0.0018,0.9982
2011,H 둘다50%,2015-07-06,CRASH_HALF_BUY,16.0,4991.94,0.0009,0.9991
2011,H 둘다50%,2015-07-07,CRASH_HALF_BUY,13.0,4997.46,0.0004,0.9996
2011,H 둘다50%,2015-07-08,CRASH_HALF_BUY,13.0,4909.76,0.0002,0.9998
2011,H 둘다50%,2015-07-09,CRASH_HALF_BUY,9.0,4922.4,0.0001,0.9999
2011,H 둘다50%,2015-07-10,CRASH_HALF_BUY,12.0,4997.7,0.0001,0.9999
2011,H 둘다50%,2015-07-13,CRASH_HALF_BUY,14.0,5071.51,0.0,1.0
2011,H 둘다50%,2015-07-14,CRASH_HALF_BUY,24.0,5104.89,0.0,1.0
2011,H 둘다50%,2015-07-15,CRASH_HALF_BUY,24.0,5098.94,0.0,1.0
2011,H 둘다50%,2015-07-16,CRASH_HALF_BUY,30.0,5163.18,0.0,1.0
2011,H 둘다50%,2015-07-17,CRASH_HALF_BUY,30.0,5210.14,0.0,1.0
2011,H 둘다50%,2015-07-22,CRASH_HALF_BUY,25.0,5171.77,0.0,1.0
2011,H 둘다50%,2015-07-23,CRASH_HALF_BUY,20.0,5146.41,0.0,1.0
2011,H 둘다50%,2015-07-24,CRASH_HALF_BUY,15.0,5088.63,0.0,1.0
2011,H 둘다50%,2015-07-27,CRASH_HALF_BUY,15.0,5039.78,0.0,1.0
2011,H 둘다50%,2015-07-28,CRASH_HALF_BUY,7.0,5089.21,0.0,1.0
2011,H 둘다50%,2015-07-29,CRASH_HALF_BUY,17.0,5111.73,0.0,1.0
2011,H 둘다50%,2015-07-30,CRASH_HALF_BUY,21.0,5128.78,0.0,1.0
2011,H 둘다50%,2015-07-31,CRASH_HALF_BUY,21.0,5128.28,0.0,1.0
2011,H 둘다50%,2015-08-03,CRASH_HALF_BUY,20.0,5115.38,0.0,1.0
2011,H 둘다50%,2015-08-04,CRASH_HALF_BUY,24.0,5105.55,0.0,1.0
2011,H 둘다50%,2015-08-05,CRASH_HALF_BUY,28.0,5139.94,0.0,1.0
2011,H 둘다50%,2016-03-21,SELL_HALF,79.0,4808.87,0.5,0.5
2011,H 둘다50%,2016-04-20,WEEKLY_BUY,73.0,4948.13,0.1,0.6071
2011,H 둘다50%,2016-05-19,WEEKLY_BUY,56.0,4712.53,0.1,0.6954
2011,H 둘다50%,2016-06-03,SELL_HALF,79.0,4942.52,0.3527,0.3527
2011,H 둘다50%,2016-06-07,SELL_HALF,79.0,4961.75,0.1768,0.1768
2011,H 둘다50%,2016-07-12,SELL_HALF,80.0,5022.82,0.0893,0.0893
2011,H 둘다50%,2016-08-04,SELL_HALF,80.0,5166.25,0.0458,0.0458
2011,H 둘다50%,2016-09-08,WEEKLY_BUY,64.0,5259.48,0.1,0.1466
2011,H 둘다50%,2016-10-07,WEEKLY_BUY,52.0,5292.4,0.1,0.2474
2011,H 둘다50%,2016-11-01,CRASH_HALF_BUY,26.0,5153.58,0.3788,0.6212
2011,H 둘다50%,2016-11-02,CRASH_HALF_BUY,22.0,5105.57,0.1905,0.8095
2011,H 둘다50%,2016-11-03,CRASH_HALF_BUY,18.0,5058.41,0.096,0.904
2011,H 둘다50%,2016-11-04,CRASH_HALF_BUY,14.0,5046.37,0.0481,0.9519
2011,H 둘다50%,2016-11-07,CRASH_HALF_BUY,14.0,5166.17,0.0235,0.9765
2011,H 둘다50%,2016-11-09,CRASH_HALF_BUY,30.0,5251.07,0.0116,0.9884
2011,H 둘다50%,2016-12-07,SELL_HALF,79.0,5393.76,0.4944,0.4944
2011,H 둘다50%,2017-01-23,WEEKLY_BUY,53.0,5552.94,0.1,0.6016
2011,H 둘다50%,2017-02-16,SELL_HALF,80.0,5814.9,0.3063,0.3063
2011,H 둘다50%,2017-02-22,SELL_HALF,83.0,5860.63,0.154,0.154
2011,H 둘다50%,2017-03-02,SELL_HALF,81.0,5861.22,0.077,0.077
2011,H 둘다50%,2017-03-28,CRASH_HALF_BUY,27.0,5875.14,0.4614,0.5386
2011,H 둘다50%,2017-04-13,CRASH_HALF_BUY,28.0,5805.15,0.2322,0.7678
2011,H 둘다50%,2017-04-17,CRASH_HALF_BUY,25.0,5856.79,0.1153,0.8847
2011,H 둘다50%,2017-04-18,CRASH_HALF_BUY,30.0,5849.47,0.0577,0.9423
2011,H 둘다50%,2017-04-20,CRASH_HALF_BUY,30.0,5916.78,0.0286,0.9714
2011,H 둘다50%,2017-05-19,WEEKLY_BUY,47.0,6083.7,0.0278,1.0
2011,H 둘다50%,2017-09-19,SELL_HALF,80.0,6461.32,0.5,0.5
2011,H 둘다50%,2017-09-29,SELL_HALF,79.0,6495.96,0.2507,0.2507
2011,H 둘다50%,2017-10-19,SELL_HALF,82.0,6605.07,0.1269,0.1269
2011,H 둘다50%,2017-11-22,WEEKLY_BUY,54.0,6867.36,0.1,0.2313
2011,H 둘다50%,2017-12-22,WEEKLY_BUY,68.0,6959.96,0.1,0.3337
2011,H 둘다50%,2018-01-16,SELL_HALF,79.0,7223.69,0.171,0.171
2011,H 둘다50%,2018-01-22,SELL_HALF,80.0,7408.03,0.0873,0.0873
2011,H 둘다50%,2018-01-29,SELL_HALF,79.0,7466.51,0.044,0.044
2011,H 둘다50%,2018-02-05,CRASH_HALF_BUY,17.0,6967.53,0.4794,0.5206
2011,H 둘다50%,2018-02-06,CRASH_HALF_BUY,18.0,7115.88,0.2371,0.7629
2011,H 둘다50%,2018-02-07,CRASH_HALF_BUY,18.0,7051.98,0.1194,0.8806
2011,H 둘다50%,2018-02-08,CRASH_HALF_BUY,16.0,6777.16,0.0618,0.9382
2011,H 둘다50%,2018-02-09,CRASH_HALF_BUY,10.0,6874.49,0.0305,0.9695
2011,H 둘다50%,2018-02-12,CRASH_HALF_BUY,10.0,6981.96,0.015,0.985
2011,H 둘다50%,2018-02-13,CRASH_HALF_BUY,13.0,7013.51,0.0075,0.9925
2011,H 둘다50%,2018-02-14,CRASH_HALF_BUY,10.0,7143.62,0.0037,0.9963
2011,H 둘다50%,2018-02-15,CRASH_HALF_BUY,15.0,7256.43,0.0018,0.9982
2011,H 둘다50%,2018-02-16,CRASH_HALF_BUY,18.0,7239.47,0.0009,0.9991
2011,H 둘다50%,2018-02-20,CRASH_HALF_BUY,18.0,7234.31,0.0005,0.9995
2011,H 둘다50%,2018-02-21,CRASH_HALF_BUY,17.0,7218.23,0.0002,0.9998
2011,H 둘다50%,2018-02-22,CRASH_HALF_BUY,15.0,7210.09,0.0001,0.9999
2011,H 둘다50%,2018-02-23,CRASH_HALF_BUY,18.0,7337.39,0.0001,0.9999
2011,H 둘다50%,2018-02-26,CRASH_HALF_BUY,18.0,7421.46,0.0,1.0
2011,H 둘다50%,2018-02-27,CRASH_HALF_BUY,20.0,7330.35,0.0,1.0
2011,H 둘다50%,2018-02-28,CRASH_HALF_BUY,17.0,7273.01,0.0,1.0
2011,H 둘다50%,2018-03-01,CRASH_HALF_BUY,15.0,7180.56,0.0,1.0
2011,H 둘다50%,2018-03-02,CRASH_HALF_BUY,8.0,7257.87,0.0,1.0
2011,H 둘다50%,2018-03-05,CRASH_HALF_BUY,10.0,7330.71,0.0,1.0
2011,H 둘다50%,2018-03-06,CRASH_HALF_BUY,14.0,7372.01,0.0,1.0
2011,H 둘다50%,2018-03-07,CRASH_HALF_BUY,26.0,7396.65,0.0,1.0
2011,H 둘다50%,2018-03-08,CRASH_HALF_BUY,23.0,7427.95,0.0,1.0
2011,H 둘다50%,2018-03-09,CRASH_HALF_BUY,25.0,7560.81,0.0,1.0
2011,H 둘다50%,2018-03-15,CRASH_HALF_BUY,29.0,7481.74,0.0,1.0
2011,H 둘다50%,2018-03-16,CRASH_HALF_BUY,21.0,7481.99,0.0,1.0
2011,H 둘다50%,2018-03-19,CRASH_HALF_BUY,19.0,7344.24,0.0,1.0
2011,H 둘다50%,2018-03-20,CRASH_HALF_BUY,14.0,7364.3,0.0,1.0
2011,H 둘다50%,2018-03-21,CRASH_HALF_BUY,16.0,7345.29,0.0,1.0
2011,H 둘다50%,2018-03-22,CRASH_HALF_BUY,16.0,7166.68,0.0,1.0
2011,H 둘다50%,2018-12-24,CRASH_HALF_BUY,3.0,6192.92,0.0,1.0
2011,H 둘다50%,2019-11-04,SELL_HALF,80.0,8433.2,0.5,0.5
2011,H 둘다50%,2019-12-02,SELL_HALF,79.0,8567.99,0.252,0.252
2011,H 둘다50%,2019-12-17,SELL_HALF,82.0,8823.36,0.1288,0.1288
2011,H 둘다50%,2020-02-21,WEEKLY_BUY,50.0,9576.59,0.1,0.2383
2011,H 둘다50%,2020-02-25,CRASH_HALF_BUY,29.0,8965.61,0.3868,0.6132
2011,H 둘다50%,2020-02-26,CRASH_HALF_BUY,22.0,8980.78,0.1932,0.8068
2011,H 둘다50%,2020-02-27,CRASH_HALF_BUY,21.0,8566.48,0.1003,0.8997
2011,H 둘다50%,2020-02-28,CRASH_HALF_BUY,13.0,8567.37,0.0502,0.9498
2011,H 둘다50%,2020-03-02,CRASH_HALF_BUY,10.0,8952.17,0.0241,0.9759
2011,H 둘다50%,2020-03-03,CRASH_HALF_BUY,14.0,8684.09,0.0124,0.9876
2011,H 둘다50%,2020-03-04,CRASH_HALF_BUY,10.0,9018.09,0.006,0.994
2011,H 둘다50%,2020-03-05,CRASH_HALF_BUY,15.0,8738.59,0.0031,0.9969
2011,H 둘다50%,2020-03-06,CRASH_HALF_BUY,9.0,8575.62,0.0016,0.9984
2011,H 둘다50%,2020-03-09,CRASH_HALF_BUY,7.0,7950.68,0.0008,0.9992
2011,H 둘다50%,2020-03-10,CRASH_HALF_BUY,3.0,8344.25,0.0004,0.9996
2011,H 둘다50%,2020-03-11,CRASH_HALF_BUY,6.0,7952.05,0.0002,0.9998
2011,H 둘다50%,2020-03-12,CRASH_HALF_BUY,4.0,7201.8,0.0001,0.9999
2011,H 둘다50%,2020-03-13,CRASH_HALF_BUY,2.0,7874.88,0.0001,0.9999
2011,H 둘다50%,2020-03-16,CRASH_HALF_BUY,5.0,6904.59,0.0,1.0
2011,H 둘다50%,2020-03-17,CRASH_HALF_BUY,3.0,7334.78,0.0,1.0
2011,H 둘다50%,2020-03-18,CRASH_HALF_BUY,4.0,6989.84,0.0,1.0
2011,H 둘다50%,2020-03-19,CRASH_HALF_BUY,5.0,7150.58,0.0,1.0
2011,H 둘다50%,2020-03-20,CRASH_HALF_BUY,7.0,6879.52,0.0,1.0
2011,H 둘다50%,2020-03-23,CRASH_HALF_BUY,8.0,6860.67,0.0,1.0
2011,H 둘다50%,2020-03-24,CRASH_HALF_BUY,5.0,7417.86,0.0,1.0
2011,H 둘다50%,2020-03-25,CRASH_HALF_BUY,13.0,7384.3,0.0,1.0
2011,H 둘다50%,2020-03-26,CRASH_HALF_BUY,17.0,7797.54,0.0,1.0
2011,H 둘다50%,2020-03-27,CRASH_HALF_BUY,22.0,7502.38,0.0,1.0
2011,H 둘다50%,2020-03-30,CRASH_HALF_BUY,23.0,7774.15,0.0,1.0
2011,H 둘다50%,2020-03-31,CRASH_HALF_BUY,25.0,7700.1,0.0,1.0
2011,H 둘다50%,2020-04-01,CRASH_HALF_BUY,25.0,7360.58,0.0,1.0
2011,H 둘다50%,2020-04-02,CRASH_HALF_BUY,22.0,7487.31,0.0,1.0
2011,H 둘다50%,2020-04-03,CRASH_HALF_BUY,21.0,7373.08,0.0,1.0
2011,H 둘다50%,2020-04-06,CRASH_HALF_BUY,22.0,7913.24,0.0,1.0
2011,H 둘다50%,2020-11-25,SELL_HALF,88.0,12094.4,0.5,0.5
2011,H 둘다50%,2021-01-12,WEEKLY_BUY,65.0,13072.43,0.1,0.6194
2011,H 둘다50%,2021-01-28,CRASH_HALF_BUY,28.2,13337.16,0.1879,0.8121
2011,H 둘다50%,2021-03-01,WEEKLY_BUY,53.52,13588.83,0.1,0.9149
2011,H 둘다50%,2021-03-30,WEEKLY_BUY,39.57,13045.39,0.0883,1.0
2011,H 둘다50%,2023-02-02,SELL_HALF,82.17,12200.82,0.5,0.5
2011,H 둘다50%,2023-03-06,WEEKLY_BUY,55.69,11675.74,0.1,0.589
2011,H 둘다50%,2023-03-13,CRASH_HALF_BUY,26.89,11188.84,0.2107,0.7893
2011,H 둘다50%,2023-03-14,CRASH_HALF_BUY,23.36,11428.15,0.1036,0.8964
2011,H 둘다50%,2023-03-15,CRASH_HALF_BUY,25.09,11434.05,0.0518,0.9482
2011,H 둘다50%,2023-03-16,CRASH_HALF_BUY,22.69,11717.28,0.0253,0.9747
2011,H 둘다50%,2023-03-20,CRASH_HALF_BUY,27.0,11675.54,0.0127,0.9873
2011,H 둘다50%,2023-03-21,CRASH_HALF_BUY,30.43,11860.11,0.0062,0.9938
2011,H 둘다50%,2023-04-20,WEEKLY_BUY,67.26,12059.56,0.0061,1.0
2011,H 둘다50%,2023-06-14,SELL_HALF,79.63,13626.48,0.5,0.5
2011,H 둘다50%,2023-06-30,SELL_HALF,79.2,13787.92,0.2515,0.2515
2011,H 둘다50%,2023-07-14,SELL_HALF,79.4,14113.7,0.1279,0.1279
2011,H 둘다50%,2023-08-25,WEEKLY_BUY,40.59,13590.65,0.1,0.2238
2011,H 둘다50%,2023-09-26,WEEKLY_BUY,38.43,13063.61,0.1,0.317
2011,H 둘다50%,2023-09-27,CRASH_HALF_BUY,24.23,13092.85,0.3413,0.6587
2011,H 둘다50%,2023-09-28,CRASH_HALF_BUY,22.83,13201.28,0.1697,0.8303
2011,H 둘다50%,2023-09-29,CRASH_HALF_BUY,29.0,13219.32,0.0848,0.9152
2011,H 둘다50%,2023-10-02,CRASH_HALF_BUY,28.4,13307.77,0.0421,0.9579
2011,H 둘다50%,2023-10-03,CRASH_HALF_BUY,28.31,13059.47,0.0214,0.9786
2011,H 둘다50%,2023-10-04,CRASH_HALF_BUY,20.53,13236.01,0.0106,0.9894
2011,H 둘다50%,2023-10-05,CRASH_HALF_BUY,20.99,13219.83,0.0053,0.9947
2011,H 둘다50%,2023-10-06,CRASH_HALF_BUY,20.33,13431.34,0.0026,0.9974
2011,H 둘다50%,2023-10-09,CRASH_HALF_BUY,27.71,13484.24,0.0013,0.9987
2011,H 둘다50%,2023-10-10,CRASH_HALF_BUY,29.26,13562.84,0.0006,0.9994
2011,H 둘다50%,2023-10-16,CRASH_HALF_BUY,26.27,13567.98,0.0003,0.9997
2011,H 둘다50%,2023-10-19,CRASH_HALF_BUY,30.57,13186.18,0.0002,0.9998
2011,H 둘다50%,2023-10-20,CRASH_HALF_BUY,29.54,12983.81,0.0001,0.9999
2011,H 둘다50%,2023-10-23,CRASH_HALF_BUY,22.86,13018.33,0.0,1.0
2011,H 둘다50%,2023-10-24,CRASH_HALF_BUY,25.84,13139.87,0.0,1.0
2011,H 둘다50%,2023-10-26,CRASH_HALF_BUY,25.21,12595.61,0.0,1.0
2011,H 둘다50%,2023-10-27,CRASH_HALF_BUY,22.71,12643.01,0.0,1.0
2011,H 둘다50%,2023-10-30,CRASH_HALF_BUY,21.61,12789.48,0.0,1.0
2011,H 둘다50%,2023-10-31,CRASH_HALF_BUY,29.2,12851.24,0.0,1.0
2011,H 둘다50%,2023-11-01,CRASH_HALF_BUY,30.14,13061.47,0.0,1.0
2011,H 둘다50%,2023-12-01,WEEKLY_BUY,64.37,14305.03,0.0,1.0
2011,H 둘다50%,2023-12-20,SELL_HALF,82.97,14777.94,0.5,0.5
2011,H 둘다50%,2023-12-26,SELL_HALF,79.74,15074.57,0.2525,0.2525
2011,H 둘다50%,2024-02-02,WEEKLY_BUY,72.34,15628.95,0.1,0.3594
2011,H 둘다50%,2024-03-05,SELL_HALF,79.23,15939.59,0.182,0.182
2011,H 둘다50%,2024-04-04,WEEKLY_BUY,69.4,16049.08,0.1,0.283
2011,H 둘다50%,2024-04-19,CRASH_HALF_BUY,30.4,15282.01,0.3634,0.6366
2011,H 둘다50%,2024-04-22,CRASH_HALF_BUY,27.67,15451.31,0.1804,0.8196
2011,H 둘다50%,2024-05-21,WEEKLY_BUY,60.43,16832.62,0.1,0.9319
2011,H 둘다50%,2024-06-21,WEEKLY_BUY,38.71,17689.36,0.065,1.0
