initial_allocation,buy_step,total_return,cagr,max_drawdown,annualized_vol,sharpe_like
0.3,0.0,1.2326,0.1389,-0.2083,0.1387,1.011
0.3,0.0025,1.2331,0.139,-0.2083,0.1387,1.011
0.3,0.005,1.2335,0.139,-0.2083,0.1387,1.012
0.3,0.0075,1.2339,0.139,-0.2083,0.1387,1.012
0.3,0.01,1.2344,0.1391,-0.2083,0.1387,1.012
0.3,0.0125,1.2348,0.1391,-0.2083,0.1387,1.012
0.3,0.015,1.2352,0.1391,-0.2083,0.1387,1.012
0.3,0.0175,1.2356,0.1392,-0.2083,0.1387,1.012
0.3,0.02,1.2361,0.1392,-0.2083,0.1387,1.013
0.3,0.0225,1.2365,0.1393,-0.2083,0.1387,1.013
0.3,0.025,1.2369,0.1393,-0.2083,0.1387,1.013
0.3,0.0275,1.2373,0.1393,-0.2083,0.1387,1.013
0.3,0.03,1.2378,0.1394,-0.2083,0.1387,1.013
0.3,0.0325,1.2382,0.1394,-0.2083,0.1387,1.014
0.3,0.035,1.2386,0.1394,-0.2083,0.1387,1.014
0.3,0.0375,1.239,0.1395,-0.2083,0.1388,1.014
0.3,0.04,1.2394,0.1395,-0.2083,0.1388,1.014
0.3,0.0425,1.2399,0.1395,-0.2083,0.1388,1.014
0.3,0.045,1.2403,0.1396,-0.2083,0.1388,1.014
0.3,0.0475,1.2407,0.1396,-0.2083,0.1388,1.014
0.3,0.05,1.2411,0.1396,-0.2083,0.1388,1.015
0.3,0.0525,1.2415,0.1397,-0.2083,0.1388,1.015
0.3,0.055,1.2419,0.1397,-0.2083,0.1388,1.015
0.3,0.0575,1.2424,0.1397,-0.2083,0.1388,1.015
0.3,0.06,1.2428,0.1398,-0.2083,0.1389,1.015
0.3,0.0625,1.2432,0.1398,-0.2083,0.1389,1.015
0.3,0.065,1.2436,0.1398,-0.2083,0.1389,1.015
0.3,0.0675,1.244,0.1399,-0.2083,0.1389,1.016
0.3,0.07,1.2444,0.1399,-0.2083,0.1389,1.016
0.3,0.0725,1.2448,0.1399,-0.2083,0.1389,1.016
0.3,0.075,1.2452,0.14,-0.2083,0.1389,1.016
0.3,0.0775,1.2456,0.14,-0.2083,0.139,1.016
0.3,0.08,1.246,0.14,-0.2083,0.139,1.016
0.3,0.0825,1.2465,0.1401,-0.2083,0.139,1.016
0.3,0.085,1.2469,0.1401,-0.2083,0.139,1.016
0.3,0.0875,1.2473,0.1401,-0.2083,0.139,1.016
0.3,0.09,1.2477,0.1402,-0.2083,0.139,1.017
0.3,0.0925,1.2481,0.1402,-0.2083,0.1391,1.017
0.3,0.095,1.2485,0.1402,-0.2083,0.1391,1.017
0.3,0.0975,1.2489,0.1403,-0.2083,0.1391,1.017
0.3,0.1,1.2493,0.1403,-0.2083,0.1391,1.017
0.3025,0.0,1.233,0.139,-0.2083,0.1387,1.011
0.3025,0.0025,1.2335,0.139,-0.2083,0.1387,1.012
0.3025,0.005,1.2339,0.139,-0.2083,0.1387,1.012
0.3025,0.0075,1.2343,0.1391,-0.2083,0.1387,1.012
0.3025,0.01,1.2348,0.1391,-0.2083,0.1387,1.012
0.3025,0.0125,1.2352,0.1391,-0.2083,0.1387,1.012
0.3025,0.015,1.2356,0.1392,-0.2083,0.1387,1.012
0.3025,0.0175,1.236,0.1392,-0.2083,0.1387,1.013
0.3025,0.02,1.2365,0.1393,-0.2083,0.1387,1.013
0.3025,0.0225,1.2369,0.1393,-0.2083,0.1387,1.013
0.3025,0.025,1.2373,0.1393,-0.2083,0.1387,1.013
0.3025,0.0275,1.2377,0.1394,-0.2083,0.1387,1.013
0.3025,0.03,1.2382,0.1394,-0.2083,0.1387,1.014
0.3025,0.0325,1.2386,0.1394,-0.2083,0.1387,1.014
0.3025,0.035,1.239,0.1395,-0.2083,0.1388,1.014
0.3025,0.0375,1.2394,0.1395,-0.2083,0.1388,1.014
0.3025,0.04,1.2398,0.1395,-0.2083,0.1388,1.014
0.3025,0.0425,1.2403,0.1396,-0.2083,0.1388,1.014
0.3025,0.045,1.2407,0.1396,-0.2083,0.1388,1.015
0.3025,0.0475,1.2411,0.1396,-0.2083,0.1388,1.015
0.3025,0.05,1.2415,0.1397,-0.2083,0.1388,1.015
0.3025,0.0525,1.2419,0.1397,-0.2083,0.1388,1.015
0.3025,0.055,1.2424,0.1397,-0.2083,0.1388,1.015
0.3025,0.0575,1.2428,0.1398,-0.2083,0.1389,1.015
0.3025,0.06,1.2432,0.1398,-0.2083,0.1389,1.015
0.3025,0.0625,1.2436,0.1398,-0.2083,0.1389,1.015
0.3025,0.065,1.244,0.1399,-0.2083,0.1389,1.016
0.3025,0.0675,1.2444,0.1399,-0.2083,0.1389,1.016
0.3025,0.07,1.2448,0.1399,-0.2083,0.1389,1.016
0.3025,0.0725,1.2452,0.14,-0.2083,0.1389,1.016
0.3025,0.075,1.2456,0.14,-0.2083,0.1389,1.016
0.3025,0.0775,1.246,0.14,-0.2083,0.139,1.016
0.3025,0.08,1.2465,0.1401,-0.2083,0.139,1.016
0.3025,0.0825,1.2469,0.1401,-0.2083,0.139,1.016
0.3025,0.085,1.2473,0.1401,-0.2083,0.139,1.017
0.3025,0.0875,1.2477,0.1402,-0.2083,0.139,1.017
0.3025,0.09,1.2481,0.1402,-0.2083,0.139,1.017
0.3025,0.0925,1.2485,0.1402,-0.2083,0.1391,1.017
0.3025,0.095,1.2489,0.1403,-0.2083,0.1391,1.017
0.3025,0.0975,1.2493,0.1403,-0.2083,0.1391,1.017
0.3025,0.1,1.2497,0.1403,-0.2083,0.1391,1.017
0.305,0.0,1.2334,0.139,-0.2083,0.1387,1.012
0.305,0.0025,1.2339,0.139,-0.2083,0.1387,1.012
0.305,0.005,1.2343,0.1391,-0.2083,0.1387,1.012
0.305,0.0075,1.2347,0.1391,-0.2083,0.1387,1.012
0.305,0.01,1.2352,0.1391,-0.2083,0.1387,1.012
0.305,0.0125,1.2356,0.1392,-0.2083,0.1387,1.012
0.305,0.015,1.236,0.1392,-0.2083,0.1387,1.013
0.305,0.0175,1.2365,0.1393,-0.2083,0.1387,1.013
0.305,0.02,1.2369,0.1393,-0.2083,0.1387,1.013
0.305,0.0225,1.2373,0.1393,-0.2083,0.1387,1.013
0.305,0.025,1.2377,0.1394,-0.2083,0.1387,1.013
0.305,0.0275,1.2382,0.1394,-0.2083,0.1387,1.014
0.305,0.03,1.2386,0.1394,-0.2083,0.1387,1.014
0.305,0.0325,1.239,0.1395,-0.2083,0.1387,1.014
0.305,0.035,1.2394,0.1395,-0.2083,0.1388,1.014
0.305,0.0375,1.2398,0.1395,-0.2083,0.1388,1.014
0.305,0.04,1.2403,0.1396,-0.2083,0.1388,1.014
0.305,0.0425,1.2407,0.1396,-0.2083,0.1388,1.015
0.305,0.045,1.2411,0.1396,-0.2083,0.1388,1.015
0.305,0.0475,1.2415,0.1397,-0.2083,0.1388,1.015
0.305,0.05,1.2419,0.1397,-0.2083,0.1388,1.015
0.305,0.0525,1.2423,0.1397,-0.2083,0.1388,1.015
0.305,0.055,1.2428,0.1398,-0.2083,0.1388,1.015
0.305,0.0575,1.2432,0.1398,-0.2083,0.1389,1.015
0.305,0.06,1.2436,0.1398,-0.2083,0.1389,1.016
0.305,0.0625,1.244,0.1399,-0.2083,0.1389,1.016
0.305,0.065,1.2444,0.1399,-0.2083,0.1389,1.016
0.305,0.0675,1.2448,0.1399,-0.2083,0.1389,1.016
0.305,0.07,1.2452,0.14,-0.2083,0.1389,1.016
0.305,0.0725,1.2456,0.14,-0.2083,0.1389,1.016
0.305,0.075,1.246,0.14,-0.2083,0.139,1.016
0.305,0.0775,1.2465,0.1401,-0.2083,0.139,1.016
0.305,0.08,1.2469,0.1401,-0.2083,0.139,1.017
0.305,0.0825,1.2473,0.1401,-0.2083,0.139,1.017
0.305,0.085,1.2477,0.1402,-0.2083,0.139,1.017
0.305,0.0875,1.2481,0.1402,-0.2083,0.139,1.017
0.305,0.09,1.2485,0.1402,-0.2083,0.1391,1.017
0.305,0.0925,1.2489,0.1403,-0.2083,0.1391,1.017
0.305,0.095,1.2493,0.1403,-0.2083,0.1391,1.017
0.305,0.0975,1.2497,0.1403,-0.2083,0.1391,1.017
0.305,0.1,1.2501,0.1404,-0.2083,0.1391,1.017
0.3075,0.0,1.2339,0.139,-0.2083,0.1387,1.012
0.3075,0.0025,1.2343,0.1391,-0.2083,0.1387,1.012
0.3075,0.005,1.2347,0.1391,-0.2083,0.1387,1.012
0.3075,0.0075,1.2351,0.1391,-0.2083,0.1387,1.012
0.3075,0.01,1.2356,0.1392,-0.2083,0.1387,1.012
0.3075,0.0125,1.236,0.1392,-0.2083,0.1387,1.013
0.3075,0.015,1.2364,0.1392,-0.2083,0.1387,1.013
0.3075,0.0175,1.2369,0.1393,-0.2083,0.1387,1.013
0.3075,0.02,1.2373,0.1393,-0.2083,0.1387,1.013
0.3075,0.0225,1.2377,0.1394,-0.2083,0.1387,1.013
0.3075,0.025,1.2381,0.1394,-0.2083,0.1387,1.014
0.3075,0.0275,1.2386,0.1394,-0.2083,0.1387,1.014
0.3075,0.03,1.239,0.1395,-0.2083,0.1387,1.014
0.3075,0.0325,1.2394,0.1395,-0.2083,0.1387,1.014
0.3075,0.035,1.2398,0.1395,-0.2083,0.1388,1.014
0.3075,0.0375,1.2402,0.1396,-0.2083,0.1388,1.014
0.3075,0.04,1.2407,0.1396,-0.2083,0.1388,1.015
0.3075,0.0425,1.2411,0.1396,-0.2083,0.1388,1.015
0.3075,0.045,1.2415,0.1397,-0.2083,0.1388,1.015
0.3075,0.0475,1.2419,0.1397,-0.2083,0.1388,1.015
0.3075,0.05,1.2423,0.1397,-0.2083,0.1388,1.015
0.3075,0.0525,1.2428,0.1398,-0.2083,0.1388,1.015
0.3075,0.055,1.2432,0.1398,-0.2083,0.1388,1.015
0.3075,0.0575,1.2436,0.1398,-0.2083,0.1389,1.016
0.3075,0.06,1.244,0.1399,-0.2083,0.1389,1.016
0.3075,0.0625,1.2444,0.1399,-0.2083,0.1389,1.016
0.3075,0.065,1.2448,0.1399,-0.2083,0.1389,1.016
0.3075,0.0675,1.2452,0.14,-0.2083,0.1389,1.016
0.3075,0.07,1.2456,0.14,-0.2083,0.1389,1.016
0.3075,0.0725,1.246,0.14,-0.2083,0.1389,1.016
0.3075,0.075,1.2465,0.1401,-0.2083,0.139,1.016
0.3075,0.0775,1.2469,0.1401,-0.2083,0.139,1.017
0.3075,0.08,1.2473,0.1401,-0.2083,0.139,1.017
0.3075,0.0825,1.2477,0.1402,-0.2083,0.139,1.017
0.3075,0.085,1.2481,0.1402,-0.2083,0.139,1.017
0.3075,0.0875,1.2485,0.1402,-0.2083,0.139,1.017
0.3075,0.09,1.2489,0.1403,-0.2083,0.1391,1.017
0.3075,0.0925,1.2493,0.1403,-0.2083,0.1391,1.017
0.3075,0.095,1.2497,0.1403,-0.2083,0.1391,1.017
0.3075,0.0975,1.2501,0.1404,-0.2083,0.1391,1.017
0.3075,0.1,1.2505,0.1404,-0.2083,0.1391,1.017
0.31,0.0,1.2343,0.1391,-0.2083,0.1387,1.012
0.31,0.0025,1.2347,0.1391,-0.2083,0.1387,1.012
0.31,0.005,1.2351,0.1391,-0.2083,0.1387,1.012
0.31,0.0075,1.2356,0.1392,-0.2083,0.1387,1.012
0.31,0.01,1.236,0.1392,-0.2083,0.1387,1.013
0.31,0.0125,1.2364,0.1392,-0.2083,0.1387,1.013
0.31,0.015,1.2368,0.1393,-0.2083,0.1387,1.013
0.31,0.0175,1.2373,0.1393,-0.2083,0.1387,1.013
0.31,0.02,1.2377,0.1394,-0.2083,0.1387,1.013
0.31,0.0225,1.2381,0.1394,-0.2083,0.1387,1.014
0.31,0.025,1.2385,0.1394,-0.2083,0.1387,1.014
0.31,0.0275,1.239,0.1395,-0.2083,0.1387,1.014
0.31,0.03,1.2394,0.1395,-0.2083,0.1387,1.014
0.31,0.0325,1.2398,0.1395,-0.2083,0.1388,1.014
0.31,0.035,1.2402,0.1396,-0.2083,0.1388,1.014
0.31,0.0375,1.2407,0.1396,-0.2083,0.1388,1.015
0.31,0.04,1.2411,0.1396,-0.2083,0.1388,1.015
0.31,0.0425,1.2415,0.1397,-0.2083,0.1388,1.015
0.31,0.045,1.2419,0.1397,-0.2083,0.1388,1.015
0.31,0.0475,1.2423,0.1397,-0.2083,0.1388,1.015
0.31,0.05,1.2427,0.1398,-0.2083,0.1388,1.015
0.31,0.0525,1.2432,0.1398,-0.2083,0.1388,1.016
0.31,0.055,1.2436,0.1398,-0.2083,0.1388,1.016
0.31,0.0575,1.244,0.1399,-0.2083,0.1389,1.016
0.31,0.06,1.2444,0.1399,-0.2083,0.1389,1.016
0.31,0.0625,1.2448,0.1399,-0.2083,0.1389,1.016
0.31,0.065,1.2452,0.14,-0.2083,0.1389,1.016
0.31,0.0675,1.2456,0.14,-0.2083,0.1389,1.016
0.31,0.07,1.246,0.14,-0.2083,0.1389,1.016
0.31,0.0725,1.2465,0.1401,-0.2083,0.1389,1.017
0.31,0.075,1.2469,0.1401,-0.2083,0.139,1.017
0.31,0.0775,1.2473,0.1401,-0.2083,0.139,1.017
0.31,0.08,1.2477,0.1402,-0.2083,0.139,1.017
0.31,0.0825,1.2481,0.1402,-0.2083,0.139,1.017
0.31,0.085,1.2485,0.1402,-0.2083,0.139,1.017
0.31,0.0875,1.2489,0.1403,-0.2083,0.139,1.017
0.31,0.09,1.2493,0.1403,-0.2083,0.1391,1.017
0.31,0.0925,1.2497,0.1403,-0.2083,0.1391,1.017
0.31,0.095,1.2501,0.1404,-0.2083,0.1391,1.018
0.31,0.0975,1.2505,0.1404,-0.2083,0.1391,1.018
0.31,0.1,1.2509,0.1404,-0.2083,0.1391,1.018
0.3125,0.0,1.2347,0.1391,-0.2083,0.1387,1.012
0.3125,0.0025,1.2351,0.1391,-0.2083,0.1387,1.012
0.3125,0.005,1.2355,0.1392,-0.2083,0.1387,1.012
0.3125,0.0075,1.236,0.1392,-0.2083,0.1387,1.013
0.3125,0.01,1.2364,0.1392,-0.2083,0.1387,1.013
0.3125,0.0125,1.2368,0.1393,-0.2083,0.1387,1.013
0.3125,0.015,1.2372,0.1393,-0.2083,0.1387,1.013
0.3125,0.0175,1.2377,0.1394,-0.2083,0.1387,1.013
0.3125,0.02,1.2381,0.1394,-0.2083,0.1387,1.014
0.3125,0.0225,1.2385,0.1394,-0.2083,0.1387,1.014
0.3125,0.025,1.2389,0.1395,-0.2083,0.1387,1.014
0.3125,0.0275,1.2394,0.1395,-0.2083,0.1387,1.014
0.3125,0.03,1.2398,0.1395,-0.2083,0.1387,1.014
0.3125,0.0325,1.2402,0.1396,-0.2083,0.1388,1.014
0.3125,0.035,1.2406,0.1396,-0.2083,0.1388,1.015
0.3125,0.0375,1.2411,0.1396,-0.2083,0.1388,1.015
0.3125,0.04,1.2415,0.1397,-0.2083,0.1388,1.015
0.3125,0.0425,1.2419,0.1397,-0.2083,0.1388,1.015
0.3125,0.045,1.2423,0.1397,-0.2083,0.1388,1.015
0.3125,0.0475,1.2427,0.1398,-0.2083,0.1388,1.015
0.3125,0.05,1.2432,0.1398,-0.2083,0.1388,1.016
0.3125,0.0525,1.2436,0.1398,-0.2083,0.1388,1.016
0.3125,0.055,1.244,0.1399,-0.2083,0.1389,1.016
0.3125,0.0575,1.2444,0.1399,-0.2083,0.1389,1.016
0.3125,0.06,1.2448,0.1399,-0.2083,0.1389,1.016
0.3125,0.0625,1.2452,0.14,-0.2083,0.1389,1.016
0.3125,0.065,1.2456,0.14,-0.2083,0.1389,1.016
0.3125,0.0675,1.246,0.14,-0.2083,0.1389,1.017
0.3125,0.07,1.2465,0.1401,-0.2083,0.1389,1.017
0.3125,0.0725,1.2469,0.1401,-0.2083,0.1389,1.017
0.3125,0.075,1.2473,0.1401,-0.2083,0.139,1.017
0.3125,0.0775,1.2477,0.1402,-0.2083,0.139,1.017
0.3125,0.08,1.2481,0.1402,-0.2083,0.139,1.017
0.3125,0.0825,1.2485,0.1402,-0.2083,0.139,1.017
0.3125,0.085,1.2489,0.1403,-0.2083,0.139,1.017
0.3125,0.0875,1.2493,0.1403,-0.2083,0.139,1.017
0.3125,0.09,1.2497,0.1403,-0.2083,0.1391,1.018
0.3125,0.0925,1.2501,0.1404,-0.2083,0.1391,1.018
0.3125,0.095,1.2505,0.1404,-0.2083,0.1391,1.018
0.3125,0.0975,1.2509,0.1404,-0.2083,0.1391,1.018
0.3125,0.1,1.2513,0.1405,-0.2083,0.1391,1.018
0.315,0.0,1.2351,0.1391,-0.2083,0.1387,1.012
0.315,0.0025,1.2355,0.1392,-0.2083,0.1387,1.012
0.315,0.005,1.2359,0.1392,-0.2083,0.1387,1.013
0.315,0.0075,1.2364,0.1392,-0.2083,0.1387,1.013
0.315,0.01,1.2368,0.1393,-0.2083,0.1387,1.013
0.315,0.0125,1.2372,0.1393,-0.2083,0.1387,1.013
0.315,0.015,1.2377,0.1393,-0.2083,0.1387,1.013
0.315,0.0175,1.2381,0.1394,-0.2083,0.1387,1.014
0.315,0.02,1.2385,0.1394,-0.2083,0.1387,1.014
0.315,0.0225,1.2389,0.1395,-0.2083,0.1387,1.014
0.315,0.025,1.2394,0.1395,-0.2083,0.1387,1.014
0.315,0.0275,1.2398,0.1395,-0.2083,0.1387,1.014
0.315,0.03,1.2402,0.1396,-0.2083,0.1388,1.015
0.315,0.0325,1.2406,0.1396,-0.2083,0.1388,1.015
0.315,0.035,1.241,0.1396,-0.2083,0.1388,1.015
0.315,0.0375,1.2415,0.1397,-0.2083,0.1388,1.015
0.315,0.04,1.2419,0.1397,-0.2083,0.1388,1.015
0.315,0.0425,1.2423,0.1397,-0.2083,0.1388,1.015
0.315,0.045,1.2427,0.1398,-0.2083,0.1388,1.015
0.315,0.0475,1.2431,0.1398,-0.2083,0.1388,1.016
0.315,0.05,1.2436,0.1398,-0.2083,0.1388,1.016
0.315,0.0525,1.244,0.1399,-0.2083,0.1388,1.016
0.315,0.055,1.2444,0.1399,-0.2083,0.1389,1.016
0.315,0.0575,1.2448,0.1399,-0.2083,0.1389,1.016
0.315,0.06,1.2452,0.14,-0.2083,0.1389,1.016
0.315,0.0625,1.2456,0.14,-0.2083,0.1389,1.016
0.315,0.065,1.246,0.14,-0.2083,0.1389,1.017
0.315,0.0675,1.2465,0.1401,-0.2083,0.1389,1.017
0.315,0.07,1.2469,0.1401,-0.2083,0.1389,1.017
0.315,0.0725,1.2473,0.1401,-0.2083,0.139,1.017
0.315,0.075,1.2477,0.1402,-0.2083,0.139,1.017
0.315,0.0775,1.2481,0.1402,-0.2083,0.139,1.017
0.315,0.08,1.2485,0.1402,-0.2083,0.139,1.017
0.315,0.0825,1.2489,0.1403,-0.2083,0.139,1.017
0.315,0.085,1.2493,0.1403,-0.2083,0.139,1.017
0.315,0.0875,1.2497,0.1403,-0.2083,0.139,1.018
0.315,0.09,1.2501,0.1404,-0.2083,0.1391,1.018
0.315,0.0925,1.2505,0.1404,-0.2083,0.1391,1.018
0.315,0.095,1.2509,0.1404,-0.2083,0.1391,1.018
0.315,0.0975,1.2513,0.1405,-0.2083,0.1391,1.018
0.315,0.1,1.2517,0.1405,-0.2083,0.1391,1.018
0.3175,0.0,1.2355,0.1392,-0.2083,0.1387,1.012
0.3175,0.0025,1.2359,0.1392,-0.2083,0.1387,1.013
0.3175,0.005,1.2363,0.1392,-0.2083,0.1387,1.013
0.3175,0.0075,1.2368,0.1393,-0.2083,0.1387,1.013
0.3175,0.01,1.2372,0.1393,-0.2083,0.1387,1.013
0.3175,0.0125,1.2376,0.1393,-0.2083,0.1387,1.013
0.3175,0.015,1.2381,0.1394,-0.2083,0.1387,1.014
0.3175,0.0175,1.2385,0.1394,-0.2083,0.1387,1.014
0.3175,0.02,1.2389,0.1395,-0.2083,0.1387,1.014
0.3175,0.0225,1.2393,0.1395,-0.2083,0.1387,1.014
0.3175,0.025,1.2398,0.1395,-0.2083,0.1387,1.014
0.3175,0.0275,1.2402,0.1396,-0.2083,0.1387,1.015
0.3175,0.03,1.2406,0.1396,-0.2083,0.1388,1.015
0.3175,0.0325,1.241,0.1396,-0.2083,0.1388,1.015
0.3175,0.035,1.2415,0.1397,-0.2083,0.1388,1.015
0.3175,0.0375,1.2419,0.1397,-0.2083,0.1388,1.015
0.3175,0.04,1.2423,0.1397,-0.2083,0.1388,1.015
0.3175,0.0425,1.2427,0.1398,-0.2083,0.1388,1.016
0.3175,0.045,1.2431,0.1398,-0.2083,0.1388,1.016
0.3175,0.0475,1.2436,0.1398,-0.2083,0.1388,1.016
0.3175,0.05,1.244,0.1399,-0.2083,0.1388,1.016
0.3175,0.0525,1.2444,0.1399,-0.2083,0.1388,1.016
0.3175,0.055,1.2448,0.1399,-0.2083,0.1389,1.016
0.3175,0.0575,1.2452,0.14,-0.2083,0.1389,1.016
0.3175,0.06,1.2456,0.14,-0.2083,0.1389,1.017
0.3175,0.0625,1.246,0.14,-0.2083,0.1389,1.017
0.3175,0.065,1.2465,0.1401,-0.2083,0.1389,1.017
0.3175,0.0675,1.2469,0.1401,-0.2083,0.1389,1.017
0.3175,0.07,1.2473,0.1401,-0.2083,0.1389,1.017
0.3175,0.0725,1.2477,0.1402,-0.2083,0.139,1.017
0.3175,0.075,1.2481,0.1402,-0.2083,0.139,1.017
0.3175,0.0775,1.2485,0.1402,-0.2083,0.139,1.017
0.3175,0.08,1.2489,0.1403,-0.2083,0.139,1.017
0.3175,0.0825,1.2493,0.1403,-0.2083,0.139,1.018
0.3175,0.085,1.2497,0.1403,-0.2083,0.139,1.018
0.3175,0.0875,1.2501,0.1404,-0.2083,0.1391,1.018
0.3175,0.09,1.2505,0.1404,-0.2083,0.1391,1.018
0.3175,0.0925,1.2509,0.1404,-0.2083,0.1391,1.018
0.3175,0.095,1.2513,0.1405,-0.2083,0.1391,1.018
0.3175,0.0975,1.2517,0.1405,-0.2083,0.1391,1.018
0.3175,0.1,1.2521,0.1405,-0.2083,0.1391,1.018
0.32,0.0,1.2359,0.1392,-0.2083,0.1387,1.013
0.32,0.0025,1.2363,0.1392,-0.2083,0.1387,1.013
0.32,0.005,1.2367,0.1393,-0.2083,0.1387,1.013
0.32,0.0075,1.2372,0.1393,-0.2083,0.1387,1.013
0.32,0.01,1.2376,0.1393,-0.2083,0.1387,1.013
0.32,0.0125,1.238,0.1394,-0.2083,0.1387,1.014
0.32,0.015,1.2385,0.1394,-0.2083,0.1387,1.014
0.32,0.0175,1.2389,0.1395,-0.2083,0.1387,1.014
0.32,0.02,1.2393,0.1395,-0.2083,0.1387,1.014
0.32,0.0225,1.2397,0.1395,-0.2083,0.1387,1.014
0.32,0.025,1.2402,0.1396,-0.2083,0.1387,1.015
0.32,0.0275,1.2406,0.1396,-0.2083,0.1387,1.015
0.32,0.03,1.241,0.1396,-0.2083,0.1388,1.015
0.32,0.0325,1.2414,0.1397,-0.2083,0.1388,1.015
0.32,0.035,1.2419,0.1397,-0.2083,0.1388,1.015
0.32,0.0375,1.2423,0.1397,-0.2083,0.1388,1.015
0.32,0.04,1.2427,0.1398,-0.2083,0.1388,1.016
0.32,0.0425,1.2431,0.1398,-0.2083,0.1388,1.016
0.32,0.045,1.2435,0.1398,-0.2083,0.1388,1.016
0.32,0.0475,1.244,0.1399,-0.2083,0.1388,1.016
0.32,0.05,1.2444,0.1399,-0.2083,0.1388,1.016
0.32,0.0525,1.2448,0.1399,-0.2083,0.1388,1.016
0.32,0.055,1.2452,0.14,-0.2083,0.1389,1.016
0.32,0.0575,1.2456,0.14,-0.2083,0.1389,1.017
0.32,0.06,1.246,0.14,-0.2083,0.1389,1.017
0.32,0.0625,1.2464,0.1401,-0.2083,0.1389,1.017
0.32,0.065,1.2469,0.1401,-0.2083,0.1389,1.017
0.32,0.0675,1.2473,0.1401,-0.2083,0.1389,1.017
0.32,0.07,1.2477,0.1402,-0.2083,0.1389,1.017
0.32,0.0725,1.2481,0.1402,-0.2083,0.139,1.017
0.32,0.075,1.2485,0.1402,-0.2083,0.139,1.017
0.32,0.0775,1.2489,0.1403,-0.2083,0.139,1.018
0.32,0.08,1.2493,0.1403,-0.2083,0.139,1.018
0.32,0.0825,1.2497,0.1403,-0.2083,0.139,1.018
0.32,0.085,1.2501,0.1404,-0.2083,0.139,1.018
0.32,0.0875,1.2505,0.1404,-0.2083,0.1391,1.018
0.32,0.09,1.2509,0.1404,-0.2083,0.1391,1.018
0.32,0.0925,1.2513,0.1405,-0.2083,0.1391,1.018
0.32,0.095,1.2517,0.1405,-0.2083,0.1391,1.018
0.32,0.0975,1.2521,0.1405,-0.2083,0.1391,1.018
0.32,0.1,1.2525,0.1406,-0.2083,0.1391,1.018
0.3225,0.0,1.2363,0.1392,-0.2083,0.1387,1.013
0.3225,0.0025,1.2367,0.1393,-0.2083,0.1387,1.013
0.3225,0.005,1.2372,0.1393,-0.2083,0.1387,1.013
0.3225,0.0075,1.2376,0.1393,-0.2083,0.1387,1.013
0.3225,0.01,1.238,0.1394,-0.2083,0.1387,1.014
0.3225,0.0125,1.2384,0.1394,-0.2083,0.1387,1.014
0.3225,0.015,1.2389,0.1395,-0.2083,0.1387,1.014
0.3225,0.0175,1.2393,0.1395,-0.2083,0.1387,1.014
0.3225,0.02,1.2397,0.1395,-0.2083,0.1387,1.014
0.3225,0.0225,1.2402,0.1396,-0.2083,0.1387,1.015
0.3225,0.025,1.2406,0.1396,-0.2083,0.1387,1.015
0.3225,0.0275,1.241,0.1396,-0.2083,0.1388,1.015
0.3225,0.03,1.2414,0.1397,-0.2083,0.1388,1.015
0.3225,0.0325,1.2418,0.1397,-0.2083,0.1388,1.015
0.3225,0.035,1.2423,0.1397,-0.2083,0.1388,1.015
0.3225,0.0375,1.2427,0.1398,-0.2083,0.1388,1.016
0.3225,0.04,1.2431,0.1398,-0.2083,0.1388,1.016
0.3225,0.0425,1.2435,0.1398,-0.2083,0.1388,1.016
0.3225,0.045,1.2439,0.1399,-0.2083,0.1388,1.016
0.3225,0.0475,1.2444,0.1399,-0.2083,0.1388,1.016
0.3225,0.05,1.2448,0.1399,-0.2083,0.1388,1.016
0.3225,0.0525,1.2452,0.14,-0.2083,0.1389,1.016
0.3225,0.055,1.2456,0.14,-0.2083,0.1389,1.017
0.3225,0.0575,1.246,0.14,-0.2083,0.1389,1.017
0.3225,0.06,1.2464,0.1401,-0.2083,0.1389,1.017
0.3225,0.0625,1.2469,0.1401,-0.2083,0.1389,1.017
0.3225,0.065,1.2473,0.1401,-0.2083,0.1389,1.017
0.3225,0.0675,1.2477,0.1402,-0.2083,0.1389,1.017
0.3225,0.07,1.2481,0.1402,-0.2083,0.1389,1.017
0.3225,0.0725,1.2485,0.1402,-0.2083,0.139,1.018
0.3225,0.075,1.2489,0.1403,-0.2083,0.139,1.018
0.3225,0.0775,1.2493,0.1403,-0.2083,0.139,1.018
0.3225,0.08,1.2497,0.1403,-0.2083,0.139,1.018
0.3225,0.0825,1.2501,0.1404,-0.2083,0.139,1.018
0.3225,0.085,1.2505,0.1404,-0.2083,0.139,1.018
0.3225,0.0875,1.2509,0.1404,-0.2083,0.1391,1.018
0.3225,0.09,1.2513,0.1405,-0.2083,0.1391,1.018
0.3225,0.0925,1.2517,0.1405,-0.2083,0.1391,1.018
0.3225,0.095,1.2521,0.1405,-0.2083,0.1391,1.018
0.3225,0.0975,1.2525,0.1406,-0.2083,0.1391,1.019
0.3225,0.1,1.253,0.1406,-0.2083,0.1392,1.019
0.325,0.0,1.2367,0.1393,-0.2083,0.1387,1.013
0.325,0.0025,1.2371,0.1393,-0.2083,0.1387,1.013
0.325,0.005,1.2376,0.1393,-0.2083,0.1387,1.013
0.325,0.0075,1.238,0.1394,-0.2083,0.1387,1.014
0.325,0.01,1.2384,0.1394,-0.2083,0.1387,1.014
0.325,0.0125,1.2389,0.1394,-0.2083,0.1387,1.014
0.325,0.015,1.2393,0.1395,-0.2083,0.1387,1.014
0.325,0.0175,1.2397,0.1395,-0.2083,0.1387,1.014
0.325,0.02,1.2401,0.1396,-0.2083,0.1387,1.015
0.325,0.0225,1.2406,0.1396,-0.2083,0.1387,1.015
0.325,0.025,1.241,0.1396,-0.2083,0.1387,1.015
0.325,0.0275,1.2414,0.1397,-0.2083,0.1388,1.015
0.325,0.03,1.2418,0.1397,-0.2083,0.1388,1.015
0.325,0.0325,1.2423,0.1397,-0.2083,0.1388,1.015
0.325,0.035,1.2427,0.1398,-0.2083,0.1388,1.016
0.325,0.0375,1.2431,0.1398,-0.2083,0.1388,1.016
0.325,0.04,1.2435,0.1398,-0.2083,0.1388,1.016
0.325,0.0425,1.2439,0.1399,-0.2083,0.1388,1.016
0.325,0.045,1.2444,0.1399,-0.2083,0.1388,1.016
0.325,0.0475,1.2448,0.1399,-0.2083,0.1388,1.016
0.325,0.05,1.2452,0.14,-0.2083,0.1388,1.017
0.325,0.0525,1.2456,0.14,-0.2083,0.1389,1.017
0.325,0.055,1.246,0.14,-0.2083,0.1389,1.017
0.325,0.0575,1.2464,0.1401,-0.2083,0.1389,1.017
0.325,0.06,1.2469,0.1401,-0.2083,0.1389,1.017
0.325,0.0625,1.2473,0.1401,-0.2083,0.1389,1.017
0.325,0.065,1.2477,0.1402,-0.2083,0.1389,1.017
0.325,0.0675,1.2481,0.1402,-0.2083,0.1389,1.017
0.325,0.07,1.2485,0.1402,-0.2083,0.139,1.018
0.325,0.0725,1.2489,0.1403,-0.2083,0.139,1.018
0.325,0.075,1.2493,0.1403,-0.2083,0.139,1.018
0.325,0.0775,1.2497,0.1403,-0.2083,0.139,1.018
0.325,0.08,1.2501,0.1404,-0.2083,0.139,1.018
0.325,0.0825,1.2505,0.1404,-0.2083,0.139,1.018
0.325,0.085,1.2509,0.1404,-0.2083,0.139,1.018
0.325,0.0875,1.2513,0.1405,-0.2083,0.1391,1.018
0.325,0.09,1.2518,0.1405,-0.2083,0.1391,1.018
0.325,0.0925,1.2522,0.1405,-0.2083,0.1391,1.019
0.325,0.095,1.2526,0.1406,-0.2083,0.1391,1.019
0.325,0.0975,1.253,0.1406,-0.2083,0.1391,1.019
0.325,0.1,1.2534,0.1406,-0.2083,0.1392,1.019
0.3275,0.0,1.2371,0.1393,-0.2083,0.1387,1.013
0.3275,0.0025,1.2375,0.1393,-0.2083,0.1387,1.013
0.3275,0.005,1.238,0.1394,-0.2083,0.1387,1.014
0.3275,0.0075,1.2384,0.1394,-0.2083,0.1387,1.014
0.3275,0.01,1.2388,0.1394,-0.2083,0.1387,1.014
0.3275,0.0125,1.2393,0.1395,-0.2083,0.1387,1.014
0.3275,0.015,1.2397,0.1395,-0.2083,0.1387,1.014
0.3275,0.0175,1.2401,0.1396,-0.2083,0.1387,1.015
0.3275,0.02,1.2405,0.1396,-0.2083,0.1387,1.015
0.3275,0.0225,1.241,0.1396,-0.2083,0.1387,1.015
0.3275,0.025,1.2414,0.1397,-0.2083,0.1387,1.015
0.3275,0.0275,1.2418,0.1397,-0.2083,0.1388,1.015
0.3275,0.03,1.2422,0.1397,-0.2083,0.1388,1.015
0.3275,0.0325,1.2427,0.1398,-0.2083,0.1388,1.016
0.3275,0.035,1.2431,0.1398,-0.2083,0.1388,1.016
0.3275,0.0375,1.2435,0.1398,-0.2083,0.1388,1.016
0.3275,0.04,1.2439,0.1399,-0.2083,0.1388,1.016
0.3275,0.0425,1.2443,0.1399,-0.2083,0.1388,1.016
0.3275,0.045,1.2448,0.1399,-0.2083,0.1388,1.016
0.3275,0.0475,1.2452,0.14,-0.2083,0.1388,1.017
0.3275,0.05,1.2456,0.14,-0.2083,0.1388,1.017
0.3275,0.0525,1.246,0.14,-0.2083,0.1389,1.017
0.3275,0.055,1.2464,0.1401,-0.2083,0.1389,1.017
0.3275,0.0575,1.2468,0.1401,-0.2083,0.1389,1.017
0.3275,0.06,1.2473,0.1401,-0.2083,0.1389,1.017
0.3275,0.0625,1.2477,0.1402,-0.2083,0.1389,1.017
0.3275,0.065,1.2481,0.1402,-0.2083,0.1389,1.018
0.3275,0.0675,1.2485,0.1402,-0.2083,0.1389,1.018
0.3275,0.07,1.2489,0.1403,-0.2083,0.139,1.018
0.3275,0.0725,1.2493,0.1403,-0.2083,0.139,1.018
0.3275,0.075,1.2497,0.1403,-0.2083,0.139,1.018
0.3275,0.0775,1.2501,0.1404,-0.2083,0.139,1.018
0.3275,0.08,1.2505,0.1404,-0.2083,0.139,1.018
0.3275,0.0825,1.2509,0.1404,-0.2083,0.139,1.018
0.3275,0.085,1.2514,0.1405,-0.2083,0.1391,1.018
0.3275,0.0875,1.2518,0.1405,-0.2083,0.1391,1.019
0.3275,0.09,1.2522,0.1405,-0.2083,0.1391,1.019
0.3275,0.0925,1.2526,0.1406,-0.2083,0.1391,1.019
0.3275,0.095,1.253,0.1406,-0.2083,0.1391,1.019
0.3275,0.0975,1.2534,0.1406,-0.2083,0.1391,1.019
0.3275,0.1,1.2538,0.1407,-0.2083,0.1392,1.019
0.33,0.0,1.2375,0.1393,-0.2083,0.1387,1.013
0.33,0.0025,1.2379,0.1394,-0.2083,0.1387,1.014
0.33,0.005,1.2384,0.1394,-0.2083,0.1387,1.014
0.33,0.0075,1.2388,0.1394,-0.2083,0.1387,1.014
0.33,0.01,1.2392,0.1395,-0.2083,0.1387,1.014
0.33,0.0125,1.2397,0.1395,-0.2083,0.1387,1.014
0.33,0.015,1.2401,0.1396,-0.2083,0.1387,1.015
0.33,0.0175,1.2405,0.1396,-0.2083,0.1387,1.015
0.33,0.02,1.2409,0.1396,-0.2083,0.1387,1.015
0.33,0.0225,1.2414,0.1397,-0.2083,0.1387,1.015
0.33,0.025,1.2418,0.1397,-0.2083,0.1388,1.015
0.33,0.0275,1.2422,0.1397,-0.2083,0.1388,1.016
0.33,0.03,1.2426,0.1398,-0.2083,0.1388,1.016
0.33,0.0325,1.2431,0.1398,-0.2083,0.1388,1.016
0.33,0.035,1.2435,0.1398,-0.2083,0.1388,1.016
0.33,0.0375,1.2439,0.1399,-0.2083,0.1388,1.016
0.33,0.04,1.2443,0.1399,-0.2083,0.1388,1.016
0.33,0.0425,1.2448,0.1399,-0.2083,0.1388,1.016
0.33,0.045,1.2452,0.14,-0.2083,0.1388,1.017
0.33,0.0475,1.2456,0.14,-0.2083,0.1388,1.017
0.33,0.05,1.246,0.14,-0.2083,0.1389,1.017
0.33,0.0525,1.2464,0.1401,-0.2083,0.1389,1.017
0.33,0.055,1.2468,0.1401,-0.2083,0.1389,1.017
0.33,0.0575,1.2473,0.1401,-0.2083,0.1389,1.017
0.33,0.06,1.2477,0.1402,-0.2083,0.1389,1.017
0.33,0.0625,1.2481,0.1402,-0.2083,0.1389,1.018
0.33,0.065,1.2485,0.1402,-0.2083,0.1389,1.018
0.33,0.0675,1.2489,0.1403,-0.2083,0.1389,1.018
0.33,0.07,1.2493,0.1403,-0.2083,0.139,1.018
0.33,0.0725,1.2497,0.1403,-0.2083,0.139,1.018
0.33,0.075,1.2501,0.1404,-0.2083,0.139,1.018
0.33,0.0775,1.2505,0.1404,-0.2083,0.139,1.018
0.33,0.08,1.2509,0.1404,-0.2083,0.139,1.018
0.33,0.0825,1.2514,0.1405,-0.2083,0.139,1.019
0.33,0.085,1.2518,0.1405,-0.2083,0.1391,1.019
0.33,0.0875,1.2522,0.1405,-0.2083,0.1391,1.019
0.33,0.09,1.2526,0.1406,-0.2083,0.1391,1.019
0.33,0.0925,1.253,0.1406,-0.2083,0.1391,1.019
0.33,0.095,1.2534,0.1406,-0.2083,0.1391,1.019
0.33,0.0975,1.2538,0.1407,-0.2083,0.1391,1.019
0.33,0.1,1.2542,0.1407,-0.2083,0.1392,1.019
0.3325,0.0,1.2379,0.1394,-0.2083,0.1387,1.014
0.3325,0.0025,1.2384,0.1394,-0.2083,0.1387,1.014
0.3325,0.005,1.2388,0.1394,-0.2083,0.1387,1.014
0.3325,0.0075,1.2392,0.1395,-0.2083,0.1387,1.014
0.3325,0.01,1.2396,0.1395,-0.2083,0.1387,1.014
0.3325,0.0125,1.2401,0.1395,-0.2083,0.1387,1.015
0.3325,0.015,1.2405,0.1396,-0.2083,0.1387,1.015
0.3325,0.0175,1.2409,0.1396,-0.2083,0.1387,1.015
0.3325,0.02,1.2414,0.1397,-0.2083,0.1387,1.015
0.3325,0.0225,1.2418,0.1397,-0.2083,0.1387,1.015
0.3325,0.025,1.2422,0.1397,-0.2083,0.1388,1.016
0.3325,0.0275,1.2426,0.1398,-0.2083,0.1388,1.016
0.3325,0.03,1.2431,0.1398,-0.2083,0.1388,1.016
0.3325,0.0325,1.2435,0.1398,-0.2083,0.1388,1.016
0.3325,0.035,1.2439,0.1399,-0.2083,0.1388,1.016
0.3325,0.0375,1.2443,0.1399,-0.2083,0.1388,1.016
0.3325,0.04,1.2447,0.1399,-0.2083,0.1388,1.017
0.3325,0.0425,1.2452,0.14,-0.2083,0.1388,1.017
0.3325,0.045,1.2456,0.14,-0.2083,0.1388,1.017
0.3325,0.0475,1.246,0.14,-0.2083,0.1388,1.017
0.3325,0.05,1.2464,0.1401,-0.2083,0.1389,1.017
0.3325,0.0525,1.2468,0.1401,-0.2083,0.1389,1.017
0.3325,0.055,1.2472,0.1401,-0.2083,0.1389,1.017
0.3325,0.0575,1.2477,0.1402,-0.2083,0.1389,1.018
0.3325,0.06,1.2481,0.1402,-0.2083,0.1389,1.018
0.3325,0.0625,1.2485,0.1402,-0.2083,0.1389,1.018
0.3325,0.065,1.2489,0.1403,-0.2083,0.1389,1.018
0.3325,0.0675,1.2493,0.1403,-0.2083,0.1389,1.018
0.3325,0.07,1.2497,0.1403,-0.2083,0.139,1.018
0.3325,0.0725,1.2501,0.1404,-0.2083,0.139,1.018
0.3325,0.075,1.2505,0.1404,-0.2083,0.139,1.018
0.3325,0.0775,1.2509,0.1404,-0.2083,0.139,1.018
0.3325,0.08,1.2514,0.1405,-0.2083,0.139,1.019
0.3325,0.0825,1.2518,0.1405,-0.2083,0.139,1.019
0.3325,0.085,1.2522,0.1405,-0.2083,0.1391,1.019
0.3325,0.0875,1.2526,0.1406,-0.2083,0.1391,1.019
0.3325,0.09,1.253,0.1406,-0.2083,0.1391,1.019
0.3325,0.0925,1.2534,0.1406,-0.2083,0.1391,1.019
0.3325,0.095,1.2538,0.1407,-0.2083,0.1391,1.019
0.3325,0.0975,1.2542,0.1407,-0.2083,0.1391,1.019
0.3325,0.1,1.2546,0.1407,-0.2083,0.1392,1.019
0.335,0.0,1.2383,0.1394,-0.2083,0.1387,1.014
0.335,0.0025,1.2388,0.1394,-0.2083,0.1387,1.014
0.335,0.005,1.2392,0.1395,-0.2083,0.1387,1.014
0.335,0.0075,1.2396,0.1395,-0.2083,0.1387,1.014
0.335,0.01,1.2401,0.1395,-0.2083,0.1387,1.015
0.335,0.0125,1.2405,0.1396,-0.2083,0.1387,1.015
0.335,0.015,1.2409,0.1396,-0.2083,0.1387,1.015
0.335,0.0175,1.2413,0.1397,-0.2083,0.1387,1.015
0.335,0.02,1.2418,0.1397,-0.2083,0.1387,1.015
0.335,0.0225,1.2422,0.1397,-0.2083,0.1388,1.016
0.335,0.025,1.2426,0.1398,-0.2083,0.1388,1.016
0.335,0.0275,1.243,0.1398,-0.2083,0.1388,1.016
0.335,0.03,1.2435,0.1398,-0.2083,0.1388,1.016
0.335,0.0325,1.2439,0.1399,-0.2083,0.1388,1.016
0.335,0.035,1.2443,0.1399,-0.2083,0.1388,1.016
0.335,0.0375,1.2447,0.1399,-0.2083,0.1388,1.017
0.335,0.04,1.2451,0.14,-0.2083,0.1388,1.017
0.335,0.0425,1.2456,0.14,-0.2083,0.1388,1.017
0.335,0.045,1.246,0.14,-0.2083,0.1388,1.017
0.335,0.0475,1.2464,0.1401,-0.2083,0.1388,1.017
0.335,0.05,1.2468,0.1401,-0.2083,0.1389,1.017
0.335,0.0525,1.2472,0.1401,-0.2083,0.1389,1.017
0.335,0.055,1.2477,0.1402,-0.2083,0.1389,1.018
0.335,0.0575,1.2481,0.1402,-0.2083,0.1389,1.018
0.335,0.06,1.2485,0.1402,-0.2083,0.1389,1.018
0.335,0.0625,1.2489,0.1403,-0.2083,0.1389,1.018
0.335,0.065,1.2493,0.1403,-0.2083,0.1389,1.018
0.335,0.0675,1.2497,0.1403,-0.2083,0.139,1.018
0.335,0.07,1.2501,0.1404,-0.2083,0.139,1.018
0.335,0.0725,1.2505,0.1404,-0.2083,0.139,1.018
0.335,0.075,1.2509,0.1404,-0.2083,0.139,1.019
0.335,0.0775,1.2514,0.1405,-0.2083,0.139,1.019
0.335,0.08,1.2518,0.1405,-0.2083,0.139,1.019
0.335,0.0825,1.2522,0.1405,-0.2083,0.139,1.019
0.335,0.085,1.2526,0.1406,-0.2083,0.1391,1.019
0.335,0.0875,1.253,0.1406,-0.2083,0.1391,1.019
0.335,0.09,1.2534,0.1406,-0.2083,0.1391,1.019
0.335,0.0925,1.2538,0.1407,-0.2083,0.1391,1.019
0.335,0.095,1.2542,0.1407,-0.2083,0.1391,1.019
0.335,0.0975,1.2546,0.1407,-0.2083,0.1392,1.019
0.335,0.1,1.255,0.1408,-0.2083,0.1392,1.02
0.3375,0.0,1.2387,0.1394,-0.2083,0.1387,1.014
0.3375,0.0025,1.2392,0.1395,-0.2083,0.1387,1.014
0.3375,0.005,1.2396,0.1395,-0.2083,0.1387,1.014
0.3375,0.0075,1.24,0.1395,-0.2083,0.1387,1.015
0.3375,0.01,1.2405,0.1396,-0.2083,0.1387,1.015
0.3375,0.0125,1.2409,0.1396,-0.2083,0.1387,1.015
0.3375,0.015,1.2413,0.1397,-0.2083,0.1387,1.015
0.3375,0.0175,1.2417,0.1397,-0.2083,0.1387,1.015
0.3375,0.02,1.2422,0.1397,-0.2083,0.1387,1.016
0.3375,0.0225,1.2426,0.1398,-0.2083,0.1388,1.016
0.3375,0.025,1.243,0.1398,-0.2083,0.1388,1.016
0.3375,0.0275,1.2434,0.1398,-0.2083,0.1388,1.016
0.3375,0.03,1.2439,0.1399,-0.2083,0.1388,1.016
0.3375,0.0325,1.2443,0.1399,-0.2083,0.1388,1.016
0.3375,0.035,1.2447,0.1399,-0.2083,0.1388,1.017
0.3375,0.0375,1.2451,0.14,-0.2083,0.1388,1.017
0.3375,0.04,1.2456,0.14,-0.2083,0.1388,1.017
0.3375,0.0425,1.246,0.14,-0.2083,0.1388,1.017
0.3375,0.045,1.2464,0.1401,-0.2083,0.1388,1.017
0.3375,0.0475,1.2468,0.1401,-0.2083,0.1388,1.017
0.3375,0.05,1.2472,0.1401,-0.2083,0.1389,1.017
0.3375,0.0525,1.2476,0.1402,-0.2083,0.1389,1.018
0.3375,0.055,1.2481,0.1402,-0.2083,0.1389,1.018
0.3375,0.0575,1.2485,0.1402,-0.2083,0.1389,1.018
0.3375,0.06,1.2489,0.1403,-0.2083,0.1389,1.018
0.3375,0.0625,1.2493,0.1403,-0.2083,0.1389,1.018
0.3375,0.065,1.2497,0.1403,-0.2083,0.1389,1.018
0.3375,0.0675,1.2501,0.1404,-0.2083,0.139,1.018
0.3375,0.07,1.2505,0.1404,-0.2083,0.139,1.019
0.3375,0.0725,1.2509,0.1404,-0.2083,0.139,1.019
0.3375,0.075,1.2514,0.1405,-0.2083,0.139,1.019
0.3375,0.0775,1.2518,0.1405,-0.2083,0.139,1.019
0.3375,0.08,1.2522,0.1405,-0.2083,0.139,1.019
0.3375,0.0825,1.2526,0.1406,-0.2083,0.139,1.019
0.3375,0.085,1.253,0.1406,-0.2083,0.1391,1.019
0.3375,0.0875,1.2534,0.1406,-0.2083,0.1391,1.019
0.3375,0.09,1.2538,0.1407,-0.2083,0.1391,1.019
0.3375,0.0925,1.2542,0.1407,-0.2083,0.1391,1.019
0.3375,0.095,1.2546,0.1407,-0.2083,0.1391,1.02
0.3375,0.0975,1.255,0.1408,-0.2083,0.1392,1.02
0.3375,0.1,1.2554,0.1408,-0.2083,0.1392,1.02
0.34,0.0,1.2391,0.1395,-0.2083,0.1387,1.014
0.34,0.0025,1.2396,0.1395,-0.2083,0.1387,1.014
0.34,0.005,1.24,0.1395,-0.2083,0.1387,1.015
0.34,0.0075,1.2404,0.1396,-0.2083,0.1387,1.015
0.34,0.01,1.2409,0.1396,-0.2083,0.1387,1.015
0.34,0.0125,1.2413,0.1396,-0.2083,0.1387,1.015
0.34,0.015,1.2417,0.1397,-0.2083,0.1387,1.015
0.34,0.0175,1.2421,0.1397,-0.2083,0.1387,1.016
0.34,0.02,1.2426,0.1398,-0.2083,0.1388,1.016
0.34,0.0225,1.243,0.1398,-0.2083,0.1388,1.016
0.34,0.025,1.2434,0.1398,-0.2083,0.1388,1.016
0.34,0.0275,1.2439,0.1399,-0.2083,0.1388,1.016
0.34,0.03,1.2443,0.1399,-0.2083,0.1388,1.016
0.34,0.0325,1.2447,0.1399,-0.2083,0.1388,1.017
0.34,0.035,1.2451,0.14,-0.2083,0.1388,1.017
0.34,0.0375,1.2455,0.14,-0.2083,0.1388,1.017
0.34,0.04,1.246,0.14,-0.2083,0.1388,1.017
0.34,0.0425,1.2464,0.1401,-0.2083,0.1388,1.017
0.34,0.045,1.2468,0.1401,-0.2083,0.1388,1.017
0.34,0.0475,1.2472,0.1401,-0.2083,0.1389,1.018
0.34,0.05,1.2476,0.1402,-0.2083,0.1389,1.018
0.34,0.0525,1.2481,0.1402,-0.2083,0.1389,1.018
0.34,0.055,1.2485,0.1402,-0.2083,0.1389,1.018
0.34,0.0575,1.2489,0.1403,-0.2083,0.1389,1.018
0.34,0.06,1.2493,0.1403,-0.2083,0.1389,1.018
0.34,0.0625,1.2497,0.1403,-0.2083,0.1389,1.018
0.34,0.065,1.2501,0.1404,-0.2083,0.1389,1.018
0.34,0.0675,1.2505,0.1404,-0.2083,0.139,1.019
0.34,0.07,1.2509,0.1404,-0.2083,0.139,1.019
0.34,0.0725,1.2514,0.1405,-0.2083,0.139,1.019
0.34,0.075,1.2518,0.1405,-0.2083,0.139,1.019
0.34,0.0775,1.2522,0.1405,-0.2083,0.139,1.019
0.34,0.08,1.2526,0.1406,-0.2083,0.139,1.019
0.34,0.0825,1.253,0.1406,-0.2083,0.1391,1.019
0.34,0.085,1.2534,0.1406,-0.2083,0.1391,1.019
0.34,0.0875,1.2538,0.1407,-0.2083,0.1391,1.019
0.34,0.09,1.2542,0.1407,-0.2083,0.1391,1.02
0.34,0.0925,1.2546,0.1407,-0.2083,0.1391,1.02
0.34,0.095,1.255,0.1408,-0.2083,0.1391,1.02
0.34,0.0975,1.2554,0.1408,-0.2083,0.1392,1.02
0.34,0.1,1.2558,0.1408,-0.2083,0.1392,1.02
0.3425,0.0,1.2395,0.1395,-0.2083,0.1387,1.014
0.3425,0.0025,1.24,0.1395,-0.2083,0.1387,1.015
0.3425,0.005,1.2404,0.1396,-0.2083,0.1387,1.015
0.3425,0.0075,1.2408,0.1396,-0.2083,0.1387,1.015
0.3425,0.01,1.2413,0.1396,-0.2083,0.1387,1.015
0.3425,0.0125,1.2417,0.1397,-0.2083,0.1387,1.015
0.3425,0.015,1.2421,0.1397,-0.2083,0.1387,1.016
0.3425,0.0175,1.2426,0.1398,-0.2083,0.1387,1.016
0.3425,0.02,1.243,0.1398,-0.2083,0.1388,1.016
0.3425,0.0225,1.2434,0.1398,-0.2083,0.1388,1.016
0.3425,0.025,1.2438,0.1399,-0.2083,0.1388,1.016
0.3425,0.0275,1.2443,0.1399,-0.2083,0.1388,1.016
0.3425,0.03,1.2447,0.1399,-0.2083,0.1388,1.017
0.3425,0.0325,1.2451,0.14,-0.2083,0.1388,1.017
0.3425,0.035,1.2455,0.14,-0.2083,0.1388,1.017
0.3425,0.0375,1.2459,0.14,-0.2083,0.1388,1.017
0.3425,0.04,1.2464,0.1401,-0.2083,0.1388,1.017
0.3425,0.0425,1.2468,0.1401,-0.2083,0.1388,1.017
0.3425,0.045,1.2472,0.1401,-0.2083,0.1388,1.018
0.3425,0.0475,1.2476,0.1402,-0.2083,0.1389,1.018
0.3425,0.05,1.248,0.1402,-0.2083,0.1389,1.018
0.3425,0.0525,1.2485,0.1402,-0.2083,0.1389,1.018
0.3425,0.055,1.2489,0.1403,-0.2083,0.1389,1.018
0.3425,0.0575,1.2493,0.1403,-0.2083,0.1389,1.018
0.3425,0.06,1.2497,0.1403,-0.2083,0.1389,1.018
0.3425,0.0625,1.2501,0.1404,-0.2083,0.1389,1.019
0.3425,0.065,1.2505,0.1404,-0.2083,0.1389,1.019
0.3425,0.0675,1.2509,0.1404,-0.2083,0.139,1.019
0.3425,0.07,1.2514,0.1405,-0.2083,0.139,1.019
0.3425,0.0725,1.2518,0.1405,-0.2083,0.139,1.019
0.3425,0.075,1.2522,0.1405,-0.2083,0.139,1.019
0.3425,0.0775,1.2526,0.1406,-0.2083,0.139,1.019
0.3425,0.08,1.253,0.1406,-0.2083,0.139,1.019
0.3425,0.0825,1.2534,0.1406,-0.2083,0.1391,1.019
0.3425,0.085,1.2538,0.1407,-0.2083,0.1391,1.02
0.3425,0.0875,1.2542,0.1407,-0.2083,0.1391,1.02
0.3425,0.09,1.2546,0.1407,-0.2083,0.1391,1.02
0.3425,0.0925,1.255,0.1408,-0.2083,0.1391,1.02
0.3425,0.095,1.2554,0.1408,-0.2083,0.1391,1.02
0.3425,0.0975,1.2558,0.1408,-0.2083,0.1392,1.02
0.3425,0.1,1.2562,0.1409,-0.2083,0.1392,1.02
0.345,0.0,1.24,0.1395,-0.2083,0.1387,1.015
0.345,0.0025,1.2404,0.1396,-0.2083,0.1387,1.015
0.345,0.005,1.2408,0.1396,-0.2083,0.1387,1.015
0.345,0.0075,1.2412,0.1396,-0.2083,0.1387,1.015
0.345,0.01,1.2417,0.1397,-0.2083,0.1387,1.015
0.345,0.0125,1.2421,0.1397,-0.2083,0.1387,1.016
0.345,0.015,1.2425,0.1398,-0.2083,0.1387,1.016
0.345,0.0175,1.243,0.1398,-0.2083,0.1388,1.016
0.345,0.02,1.2434,0.1398,-0.2083,0.1388,1.016
0.345,0.0225,1.2438,0.1399,-0.2083,0.1388,1.016
0.345,0.025,1.2442,0.1399,-0.2083,0.1388,1.016
0.345,0.0275,1.2447,0.1399,-0.2083,0.1388,1.017
0.345,0.03,1.2451,0.14,-0.2083,0.1388,1.017
0.345,0.0325,1.2455,0.14,-0.2083,0.1388,1.017
0.345,0.035,1.2459,0.14,-0.2083,0.1388,1.017
0.345,0.0375,1.2464,0.1401,-0.2083,0.1388,1.017
0.345,0.04,1.2468,0.1401,-0.2083,0.1388,1.017
0.345,0.0425,1.2472,0.1401,-0.2083,0.1388,1.018
0.345,0.045,1.2476,0.1402,-0.2083,0.1388,1.018
0.345,0.0475,1.248,0.1402,-0.2083,0.1389,1.018
0.345,0.05,1.2485,0.1402,-0.2083,0.1389,1.018
0.345,0.0525,1.2489,0.1403,-0.2083,0.1389,1.018
0.345,0.055,1.2493,0.1403,-0.2083,0.1389,1.018
0.345,0.0575,1.2497,0.1403,-0.2083,0.1389,1.018
0.345,0.06,1.2501,0.1404,-0.2083,0.1389,1.019
0.345,0.0625,1.2505,0.1404,-0.2083,0.1389,1.019
0.345,0.065,1.2509,0.1404,-0.2083,0.139,1.019
0.345,0.0675,1.2514,0.1405,-0.2083,0.139,1.019
0.345,0.07,1.2518,0.1405,-0.2083,0.139,1.019
0.345,0.0725,1.2522,0.1405,-0.2083,0.139,1.019
0.345,0.075,1.2526,0.1406,-0.2083,0.139,1.019
0.345,0.0775,1.253,0.1406,-0.2083,0.139,1.019
0.345,0.08,1.2534,0.1406,-0.2083,0.139,1.02
0.345,0.0825,1.2538,0.1407,-0.2083,0.1391,1.02
0.345,0.085,1.2542,0.1407,-0.2083,0.1391,1.02
0.345,0.0875,1.2546,0.1407,-0.2083,0.1391,1.02
0.345,0.09,1.255,0.1408,-0.2083,0.1391,1.02
0.345,0.0925,1.2554,0.1408,-0.2083,0.1391,1.02
0.345,0.095,1.2558,0.1408,-0.2083,0.1392,1.02
0.345,0.0975,1.2562,0.1409,-0.2083,0.1392,1.02
0.345,0.1,1.2566,0.1409,-0.2083,0.1392,1.02
0.3475,0.0,1.2404,0.1396,-0.2083,0.1387,1.015
0.3475,0.0025,1.2408,0.1396,-0.2083,0.1387,1.015
0.3475,0.005,1.2412,0.1396,-0.2083,0.1387,1.015
0.3475,0.0075,1.2417,0.1397,-0.2083,0.1387,1.015
0.3475,0.01,1.2421,0.1397,-0.2083,0.1387,1.016
0.3475,0.0125,1.2425,0.1398,-0.2083,0.1387,1.016
0.3475,0.015,1.2429,0.1398,-0.2083,0.1387,1.016
0.3475,0.0175,1.2434,0.1398,-0.2083,0.1388,1.016
0.3475,0.02,1.2438,0.1399,-0.2083,0.1388,1.016
0.3475,0.0225,1.2442,0.1399,-0.2083,0.1388,1.017
0.3475,0.025,1.2446,0.1399,-0.2083,0.1388,1.017
0.3475,0.0275,1.2451,0.14,-0.2083,0.1388,1.017
0.3475,0.03,1.2455,0.14,-0.2083,0.1388,1.017
0.3475,0.0325,1.2459,0.14,-0.2083,0.1388,1.017
0.3475,0.035,1.2463,0.1401,-0.2083,0.1388,1.017
0.3475,0.0375,1.2468,0.1401,-0.2083,0.1388,1.017
0.3475,0.04,1.2472,0.1401,-0.2083,0.1388,1.018
0.3475,0.0425,1.2476,0.1402,-0.2083,0.1388,1.018
0.3475,0.045,1.248,0.1402,-0.2083,0.1389,1.018
0.3475,0.0475,1.2484,0.1402,-0.2083,0.1389,1.018
0.3475,0.05,1.2489,0.1403,-0.2083,0.1389,1.018
0.3475,0.0525,1.2493,0.1403,-0.2083,0.1389,1.018
0.3475,0.055,1.2497,0.1403,-0.2083,0.1389,1.019
0.3475,0.0575,1.2501,0.1404,-0.2083,0.1389,1.019
0.3475,0.06,1.2505,0.1404,-0.2083,0.1389,1.019
0.3475,0.0625,1.2509,0.1404,-0.2083,0.1389,1.019
0.3475,0.065,1.2513,0.1405,-0.2083,0.139,1.019
0.3475,0.0675,1.2518,0.1405,-0.2083,0.139,1.019
0.3475,0.07,1.2522,0.1405,-0.2083,0.139,1.019
0.3475,0.0725,1.2526,0.1406,-0.2083,0.139,1.019
0.3475,0.075,1.253,0.1406,-0.2083,0.139,1.02
0.3475,0.0775,1.2534,0.1406,-0.2083,0.139,1.02
0.3475,0.08,1.2538,0.1407,-0.2083,0.139,1.02
0.3475,0.0825,1.2542,0.1407,-0.2083,0.1391,1.02
0.3475,0.085,1.2546,0.1407,-0.2083,0.1391,1.02
0.3475,0.0875,1.255,0.1408,-0.2083,0.1391,1.02
0.3475,0.09,1.2554,0.1408,-0.2083,0.1391,1.02
0.3475,0.0925,1.2558,0.1408,-0.2083,0.1391,1.02
0.3475,0.095,1.2562,0.1409,-0.2083,0.1392,1.02
0.3475,0.0975,1.2566,0.1409,-0.2083,0.1392,1.02
0.3475,0.1,1.257,0.1409,-0.2083,0.1392,1.02
0.35,0.0,1.2408,0.1396,-0.2083,0.1387,1.015
0.35,0.0025,1.2412,0.1396,-0.2083,0.1387,1.015
0.35,0.005,1.2416,0.1397,-0.2083,0.1387,1.015
0.35,0.0075,1.2421,0.1397,-0.2083,0.1387,1.016
0.35,0.01,1.2425,0.1397,-0.2083,0.1387,1.016
0.35,0.0125,1.2429,0.1398,-0.2083,0.1387,1.016
0.35,0.015,1.2433,0.1398,-0.2083,0.1387,1.016
0.35,0.0175,1.2438,0.1399,-0.2083,0.1388,1.016
0.35,0.02,1.2442,0.1399,-0.2083,0.1388,1.017
0.35,0.0225,1.2446,0.1399,-0.2083,0.1388,1.017
0.35,0.025,1.2451,0.14,-0.2083,0.1388,1.017
0.35,0.0275,1.2455,0.14,-0.2083,0.1388,1.017
0.35,0.03,1.2459,0.14,-0.2083,0.1388,1.017
0.35,0.0325,1.2463,0.1401,-0.2083,0.1388,1.017
0.35,0.035,1.2468,0.1401,-0.2083,0.1388,1.018
0.35,0.0375,1.2472,0.1401,-0.2083,0.1388,1.018
0.35,0.04,1.2476,0.1402,-0.2083,0.1388,1.018
0.35,0.0425,1.248,0.1402,-0.2083,0.1388,1.018
0.35,0.045,1.2484,0.1402,-0.2083,0.1389,1.018
0.35,0.0475,1.2489,0.1403,-0.2083,0.1389,1.018
0.35,0.05,1.2493,0.1403,-0.2083,0.1389,1.018
0.35,0.0525,1.2497,0.1403,-0.2083,0.1389,1.019
0.35,0.055,1.2501,0.1404,-0.2083,0.1389,1.019
0.35,0.0575,1.2505,0.1404,-0.2083,0.1389,1.019
0.35,0.06,1.2509,0.1404,-0.2083,0.1389,1.019
0.35,0.0625,1.2513,0.1405,-0.2083,0.1389,1.019
0.35,0.065,1.2518,0.1405,-0.2083,0.139,1.019
0.35,0.0675,1.2522,0.1405,-0.2083,0.139,1.019
0.35,0.07,1.2526,0.1406,-0.2083,0.139,1.019
0.35,0.0725,1.253,0.1406,-0.2083,0.139,1.02
0.35,0.075,1.2534,0.1406,-0.2083,0.139,1.02
0.35,0.0775,1.2538,0.1407,-0.2083,0.139,1.02
0.35,0.08,1.2542,0.1407,-0.2083,0.1391,1.02
0.35,0.0825,1.2546,0.1407,-0.2083,0.1391,1.02
0.35,0.085,1.255,0.1408,-0.2083,0.1391,1.02
0.35,0.0875,1.2554,0.1408,-0.2083,0.1391,1.02
0.35,0.09,1.2558,0.1408,-0.2083,0.1391,1.02
0.35,0.0925,1.2562,0.1409,-0.2083,0.1391,1.02
0.35,0.095,1.2566,0.1409,-0.2083,0.1392,1.02
0.35,0.0975,1.257,0.1409,-0.2083,0.1392,1.021
0.35,0.1,1.2574,0.141,-0.2083,0.1392,1.021
0.3525,0.0,1.2412,0.1396,-0.2083,0.1387,1.015
0.3525,0.0025,1.2416,0.1397,-0.2083,0.1387,1.015
0.3525,0.005,1.242,0.1397,-0.2083,0.1387,1.016
0.3525,0.0075,1.2425,0.1397,-0.2083,0.1387,1.016
0.3525,0.01,1.2429,0.1398,-0.2083,0.1387,1.016
0.3525,0.0125,1.2433,0.1398,-0.2083,0.1387,1.016
0.3525,0.015,1.2438,0.1399,-0.2083,0.1388,1.016
0.3525,0.0175,1.2442,0.1399,-0.2083,0.1388,1.017
0.3525,0.02,1.2446,0.1399,-0.2083,0.1388,1.017
0.3525,0.0225,1.245,0.14,-0.2083,0.1388,1.017
0.3525,0.025,1.2455,0.14,-0.2083,0.1388,1.017
0.3525,0.0275,1.2459,0.14,-0.2083,0.1388,1.017
0.3525,0.03,1.2463,0.1401,-0.2083,0.1388,1.017
0.3525,0.0325,1.2467,0.1401,-0.2083,0.1388,1.018
0.3525,0.035,1.2472,0.1401,-0.2083,0.1388,1.018
0.3525,0.0375,1.2476,0.1402,-0.2083,0.1388,1.018
0.3525,0.04,1.248,0.1402,-0.2083,0.1388,1.018
0.3525,0.0425,1.2484,0.1402,-0.2083,0.1388,1.018
0.3525,0.045,1.2488,0.1403,-0.2083,0.1389,1.018
0.3525,0.0475,1.2493,0.1403,-0.2083,0.1389,1.018
0.3525,0.05,1.2497,0.1403,-0.2083,0.1389,1.019
0.3525,0.0525,1.2501,0.1404,-0.2083,0.1389,1.019
0.3525,0.055,1.2505,0.1404,-0.2083,0.1389,1.019
0.3525,0.0575,1.2509,0.1404,-0.2083,0.1389,1.019
0.3525,0.06,1.2513,0.1405,-0.2083,0.1389,1.019
0.3525,0.0625,1.2518,0.1405,-0.2083,0.1389,1.019
0.3525,0.065,1.2522,0.1405,-0.2083,0.139,1.019
0.3525,0.0675,1.2526,0.1406,-0.2083,0.139,1.02
0.3525,0.07,1.253,0.1406,-0.2083,0.139,1.02
0.3525,0.0725,1.2534,0.1406,-0.2083,0.139,1.02
0.3525,0.075,1.2538,0.1407,-0.2083,0.139,1.02
0.3525,0.0775,1.2542,0.1407,-0.2083,0.139,1.02
0.3525,0.08,1.2546,0.1407,-0.2083,0.1391,1.02
0.3525,0.0825,1.255,0.1408,-0.2083,0.1391,1.02
0.3525,0.085,1.2554,0.1408,-0.2083,0.1391,1.02
0.3525,0.0875,1.2558,0.1408,-0.2083,0.1391,1.02
0.3525,0.09,1.2562,0.1409,-0.2083,0.1391,1.021
0.3525,0.0925,1.2566,0.1409,-0.2083,0.1391,1.021
0.3525,0.095,1.2571,0.1409,-0.2083,0.1392,1.021
0.3525,0.0975,1.2575,0.141,-0.2083,0.1392,1.021
0.3525,0.1,1.2579,0.141,-0.2083,0.1392,1.021
0.355,0.0,1.2416,0.1397,-0.2083,0.1387,1.015
0.355,0.0025,1.242,0.1397,-0.2083,0.1387,1.016
0.355,0.005,1.2424,0.1397,-0.2083,0.1387,1.016
0.355,0.0075,1.2429,0.1398,-0.2083,0.1387,1.016
0.355,0.01,1.2433,0.1398,-0.2083,0.1387,1.016
0.355,0.0125,1.2437,0.1399,-0.2083,0.1387,1.016
0.355,0.015,1.2442,0.1399,-0.2083,0.1388,1.017
0.355,0.0175,1.2446,0.1399,-0.2083,0.1388,1.017
0.355,0.02,1.245,0.14,-0.2083,0.1388,1.017
0.355,0.0225,1.2454,0.14,-0.2083,0.1388,1.017
0.355,0.025,1.2459,0.14,-0.2083,0.1388,1.017
0.355,0.0275,1.2463,0.1401,-0.2083,0.1388,1.017
0.355,0.03,1.2467,0.1401,-0.2083,0.1388,1.018
0.355,0.0325,1.2471,0.1401,-0.2083,0.1388,1.018
0.355,0.035,1.2476,0.1402,-0.2083,0.1388,1.018
0.355,0.0375,1.248,0.1402,-0.2083,0.1388,1.018
0.355,0.04,1.2484,0.1402,-0.2083,0.1388,1.018
0.355,0.0425,1.2488,0.1403,-0.2083,0.1389,1.018
0.355,0.045,1.2492,0.1403,-0.2083,0.1389,1.019
0.355,0.0475,1.2497,0.1403,-0.2083,0.1389,1.019
0.355,0.05,1.2501,0.1404,-0.2083,0.1389,1.019
0.355,0.0525,1.2505,0.1404,-0.2083,0.1389,1.019
0.355,0.055,1.2509,0.1404,-0.2083,0.1389,1.019
0.355,0.0575,1.2513,0.1405,-0.2083,0.1389,1.019
0.355,0.06,1.2517,0.1405,-0.2083,0.1389,1.019
0.355,0.0625,1.2522,0.1405,-0.2083,0.139,1.019
0.355,0.065,1.2526,0.1406,-0.2083,0.139,1.02
0.355,0.0675,1.253,0.1406,-0.2083,0.139,1.02
0.355,0.07,1.2534,0.1406,-0.2083,0.139,1.02
0.355,0.0725,1.2538,0.1407,-0.2083,0.139,1.02
0.355,0.075,1.2542,0.1407,-0.2083,0.139,1.02
0.355,0.0775,1.2546,0.1407,-0.2083,0.139,1.02
0.355,0.08,1.255,0.1408,-0.2083,0.1391,1.02
0.355,0.0825,1.2554,0.1408,-0.2083,0.1391,1.02
0.355,0.085,1.2558,0.1408,-0.2083,0.1391,1.02
0.355,0.0875,1.2563,0.1409,-0.2083,0.1391,1.021
0.355,0.09,1.2567,0.1409,-0.2083,0.1391,1.021
0.355,0.0925,1.2571,0.1409,-0.2083,0.1391,1.021
0.355,0.095,1.2575,0.141,-0.2083,0.1392,1.021
0.355,0.0975,1.2579,0.141,-0.2083,0.1392,1.021
0.355,0.1,1.2583,0.141,-0.2083,0.1392,1.021
0.3575,0.0,1.242,0.1397,-0.2083,0.1387,1.016
0.3575,0.0025,1.2424,0.1397,-0.2083,0.1387,1.016
0.3575,0.005,1.2428,0.1398,-0.2083,0.1387,1.016
0.3575,0.0075,1.2433,0.1398,-0.2083,0.1387,1.016
0.3575,0.01,1.2437,0.1398,-0.2083,0.1387,1.016
0.3575,0.0125,1.2441,0.1399,-0.2083,0.1388,1.017
0.3575,0.015,1.2446,0.1399,-0.2083,0.1388,1.017
0.3575,0.0175,1.245,0.14,-0.2083,0.1388,1.017
0.3575,0.02,1.2454,0.14,-0.2083,0.1388,1.017
0.3575,0.0225,1.2459,0.14,-0.2083,0.1388,1.017
0.3575,0.025,1.2463,0.1401,-0.2083,0.1388,1.017
0.3575,0.0275,1.2467,0.1401,-0.2083,0.1388,1.018
0.3575,0.03,1.2471,0.1401,-0.2083,0.1388,1.018
0.3575,0.0325,1.2476,0.1402,-0.2083,0.1388,1.018
0.3575,0.035,1.248,0.1402,-0.2083,0.1388,1.018
0.3575,0.0375,1.2484,0.1402,-0.2083,0.1388,1.018
0.3575,0.04,1.2488,0.1403,-0.2083,0.1388,1.018
0.3575,0.0425,1.2492,0.1403,-0.2083,0.1389,1.019
0.3575,0.045,1.2497,0.1403,-0.2083,0.1389,1.019
0.3575,0.0475,1.2501,0.1404,-0.2083,0.1389,1.019
0.3575,0.05,1.2505,0.1404,-0.2083,0.1389,1.019
0.3575,0.0525,1.2509,0.1404,-0.2083,0.1389,1.019
0.3575,0.055,1.2513,0.1405,-0.2083,0.1389,1.019
0.3575,0.0575,1.2517,0.1405,-0.2083,0.1389,1.019
0.3575,0.06,1.2522,0.1405,-0.2083,0.1389,1.02
0.3575,0.0625,1.2526,0.1406,-0.2083,0.139,1.02
0.3575,0.065,1.253,0.1406,-0.2083,0.139,1.02
0.3575,0.0675,1.2534,0.1406,-0.2083,0.139,1.02
0.3575,0.07,1.2538,0.1407,-0.2083,0.139,1.02
0.3575,0.0725,1.2542,0.1407,-0.2083,0.139,1.02
0.3575,0.075,1.2546,0.1407,-0.2083,0.139,1.02
0.3575,0.0775,1.255,0.1408,-0.2083,0.139,1.02
0.3575,0.08,1.2554,0.1408,-0.2083,0.1391,1.02
0.3575,0.0825,1.2558,0.1408,-0.2083,0.1391,1.021
0.3575,0.085,1.2563,0.1409,-0.2083,0.1391,1.021
0.3575,0.0875,1.2567,0.1409,-0.2083,0.1391,1.021
0.3575,0.09,1.2571,0.1409,-0.2083,0.1391,1.021
0.3575,0.0925,1.2575,0.141,-0.2083,0.1392,1.021
0.3575,0.095,1.2579,0.141,-0.2083,0.1392,1.021
0.3575,0.0975,1.2583,0.141,-0.2083,0.1392,1.021
0.3575,0.1,1.2587,0.1411,-0.2083,0.1392,1.021
0.36,0.0,1.2424,0.1397,-0.2083,0.1387,1.016
0.36,0.0025,1.2428,0.1398,-0.2083,0.1387,1.016
0.36,0.005,1.2433,0.1398,-0.2083,0.1387,1.016
0.36,0.0075,1.2437,0.1398,-0.2083,0.1387,1.016
0.36,0.01,1.2441,0.1399,-0.2083,0.1388,1.017
0.36,0.0125,1.2445,0.1399,-0.2083,0.1388,1.017
0.36,0.015,1.245,0.14,-0.2083,0.1388,1.017
0.36,0.0175,1.2454,0.14,-0.2083,0.1388,1.017
0.36,0.02,1.2458,0.14,-0.2083,0.1388,1.017
0.36,0.0225,1.2463,0.1401,-0.2083,0.1388,1.017
0.36,0.025,1.2467,0.1401,-0.2083,0.1388,1.018
0.36,0.0275,1.2471,0.1401,-0.2083,0.1388,1.018
0.36,0.03,1.2475,0.1402,-0.2083,0.1388,1.018
0.36,0.0325,1.248,0.1402,-0.2083,0.1388,1.018
0.36,0.035,1.2484,0.1402,-0.2083,0.1388,1.018
0.36,0.0375,1.2488,0.1403,-0.2083,0.1388,1.018
0.36,0.04,1.2492,0.1403,-0.2083,0.1388,1.019
0.36,0.0425,1.2496,0.1403,-0.2083,0.1389,1.019
0.36,0.045,1.2501,0.1404,-0.2083,0.1389,1.019
0.36,0.0475,1.2505,0.1404,-0.2083,0.1389,1.019
0.36,0.05,1.2509,0.1404,-0.2083,0.1389,1.019
0.36,0.0525,1.2513,0.1405,-0.2083,0.1389,1.019
0.36,0.055,1.2517,0.1405,-0.2083,0.1389,1.019
0.36,0.0575,1.2521,0.1405,-0.2083,0.1389,1.02
0.36,0.06,1.2526,0.1406,-0.2083,0.1389,1.02
0.36,0.0625,1.253,0.1406,-0.2083,0.139,1.02
0.36,0.065,1.2534,0.1406,-0.2083,0.139,1.02
0.36,0.0675,1.2538,0.1407,-0.2083,0.139,1.02
0.36,0.07,1.2542,0.1407,-0.2083,0.139,1.02
0.36,0.0725,1.2546,0.1407,-0.2083,0.139,1.02
0.36,0.075,1.255,0.1408,-0.2083,0.139,1.02
0.36,0.0775,1.2554,0.1408,-0.2083,0.1391,1.021
0.36,0.08,1.2558,0.1408,-0.2083,0.1391,1.021
0.36,0.0825,1.2563,0.1409,-0.2083,0.1391,1.021
0.36,0.085,1.2567,0.1409,-0.2083,0.1391,1.021
0.36,0.0875,1.2571,0.1409,-0.2083,0.1391,1.021
0.36,0.09,1.2575,0.141,-0.2083,0.1391,1.021
0.36,0.0925,1.2579,0.141,-0.2083,0.1392,1.021
0.36,0.095,1.2583,0.141,-0.2083,0.1392,1.021
0.36,0.0975,1.2587,0.1411,-0.2083,0.1392,1.021
0.36,0.1,1.2591,0.1411,-0.2083,0.1392,1.021
0.3625,0.0,1.2428,0.1398,-0.2083,0.1387,1.016
0.3625,0.0025,1.2432,0.1398,-0.2083,0.1387,1.016
0.3625,0.005,1.2437,0.1398,-0.2083,0.1387,1.016
0.3625,0.0075,1.2441,0.1399,-0.2083,0.1387,1.017
0.3625,0.01,1.2445,0.1399,-0.2083,0.1388,1.017
0.3625,0.0125,1.245,0.14,-0.2083,0.1388,1.017
0.3625,0.015,1.2454,0.14,-0.2083,0.1388,1.017
0.3625,0.0175,1.2458,0.14,-0.2083,0.1388,1.017
0.3625,0.02,1.2462,0.1401,-0.2083,0.1388,1.017
0.3625,0.0225,1.2467,0.1401,-0.2083,0.1388,1.018
0.3625,0.025,1.2471,0.1401,-0.2083,0.1388,1.018
0.3625,0.0275,1.2475,0.1402,-0.2083,0.1388,1.018
0.3625,0.03,1.2479,0.1402,-0.2083,0.1388,1.018
0.3625,0.0325,1.2484,0.1402,-0.2083,0.1388,1.018
0.3625,0.035,1.2488,0.1403,-0.2083,0.1388,1.018
0.3625,0.0375,1.2492,0.1403,-0.2083,0.1388,1.019
0.3625,0.04,1.2496,0.1403,-0.2083,0.1389,1.019
0.3625,0.0425,1.2501,0.1404,-0.2083,0.1389,1.019
0.3625,0.045,1.2505,0.1404,-0.2083,0.1389,1.019
0.3625,0.0475,1.2509,0.1404,-0.2083,0.1389,1.019
0.3625,0.05,1.2513,0.1405,-0.2083,0.1389,1.019
0.3625,0.0525,1.2517,0.1405,-0.2083,0.1389,1.02
0.3625,0.055,1.2521,0.1405,-0.2083,0.1389,1.02
0.3625,0.0575,1.2526,0.1406,-0.2083,0.1389,1.02
0.3625,0.06,1.253,0.1406,-0.2083,0.1389,1.02
0.3625,0.0625,1.2534,0.1406,-0.2083,0.139,1.02
0.3625,0.065,1.2538,0.1407,-0.2083,0.139,1.02
0.3625,0.0675,1.2542,0.1407,-0.2083,0.139,1.02
0.3625,0.07,1.2546,0.1407,-0.2083,0.139,1.02
0.3625,0.0725,1.255,0.1408,-0.2083,0.139,1.021
0.3625,0.075,1.2554,0.1408,-0.2083,0.139,1.021
0.3625,0.0775,1.2558,0.1408,-0.2083,0.1391,1.021
0.3625,0.08,1.2563,0.1409,-0.2083,0.1391,1.021
0.3625,0.0825,1.2567,0.1409,-0.2083,0.1391,1.021
0.3625,0.085,1.2571,0.1409,-0.2083,0.1391,1.021
0.3625,0.0875,1.2575,0.141,-0.2083,0.1391,1.021
0.3625,0.09,1.2579,0.141,-0.2083,0.1391,1.021
0.3625,0.0925,1.2583,0.141,-0.2083,0.1392,1.021
0.3625,0.095,1.2587,0.1411,-0.2083,0.1392,1.021
0.3625,0.0975,1.2591,0.1411,-0.2083,0.1392,1.022
0.3625,0.1,1.2595,0.1411,-0.2083,0.1392,1.022
0.365,0.0,1.2432,0.1398,-0.2083,0.1387,1.016
0.365,0.0025,1.2436,0.1398,-0.2083,0.1387,1.016
0.365,0.005,1.2441,0.1399,-0.2083,0.1387,1.017
0.365,0.0075,1.2445,0.1399,-0.2083,0.1388,1.017
0.365,0.01,1.2449,0.1399,-0.2083,0.1388,1.017
0.365,0.0125,1.2454,0.14,-0.2083,0.1388,1.017
0.365,0.015,1.2458,0.14,-0.2083,0.1388,1.017
0.365,0.0175,1.2462,0.1401,-0.2083,0.1388,1.017
0.365,0.02,1.2466,0.1401,-0.2083,0.1388,1.018
0.365,0.0225,1.2471,0.1401,-0.2083,0.1388,1.018
0.365,0.025,1.2475,0.1402,-0.2083,0.1388,1.018
0.365,0.0275,1.2479,0.1402,-0.2083,0.1388,1.018
0.365,0.03,1.2483,0.1402,-0.2083,0.1388,1.018
0.365,0.0325,1.2488,0.1403,-0.2083,0.1388,1.019
0.365,0.035,1.2492,0.1403,-0.2083,0.1388,1.019
0.365,0.0375,1.2496,0.1403,-0.2083,0.1388,1.019
0.365,0.04,1.25,0.1404,-0.2083,0.1389,1.019
0.365,0.0425,1.2505,0.1404,-0.2083,0.1389,1.019
0.365,0.045,1.2509,0.1404,-0.2083,0.1389,1.019
0.365,0.0475,1.2513,0.1405,-0.2083,0.1389,1.019
0.365,0.05,1.2517,0.1405,-0.2083,0.1389,1.02
0.365,0.0525,1.2521,0.1405,-0.2083,0.1389,1.02
0.365,0.055,1.2525,0.1406,-0.2083,0.1389,1.02
0.365,0.0575,1.253,0.1406,-0.2083,0.1389,1.02
0.365,0.06,1.2534,0.1406,-0.2083,0.139,1.02
0.365,0.0625,1.2538,0.1407,-0.2083,0.139,1.02
0.365,0.065,1.2542,0.1407,-0.2083,0.139,1.02
0.365,0.0675,1.2546,0.1407,-0.2083,0.139,1.02
0.365,0.07,1.255,0.1408,-0.2083,0.139,1.021
0.365,0.0725,1.2554,0.1408,-0.2083,0.139,1.021
0.365,0.075,1.2558,0.1408,-0.2083,0.139,1.021
0.365,0.0775,1.2563,0.1409,-0.2083,0.1391,1.021
0.365,0.08,1.2567,0.1409,-0.2083,0.1391,1.021
0.365,0.0825,1.2571,0.1409,-0.2083,0.1391,1.021
0.365,0.085,1.2575,0.141,-0.2083,0.1391,1.021
0.365,0.0875,1.2579,0.141,-0.2083,0.1391,1.021
0.365,0.09,1.2583,0.141,-0.2083,0.1391,1.021
0.365,0.0925,1.2587,0.1411,-0.2083,0.1392,1.022
0.365,0.095,1.2591,0.1411,-0.2083,0.1392,1.022
0.365,0.0975,1.2595,0.1411,-0.2083,0.1392,1.022
0.365,0.1,1.2599,0.1412,-0.2083,0.1392,1.022
0.3675,0.0,1.2436,0.1398,-0.2083,0.1387,1.016
0.3675,0.0025,1.244,0.1399,-0.2083,0.1387,1.017
0.3675,0.005,1.2445,0.1399,-0.2083,0.1387,1.017
0.3675,0.0075,1.2449,0.1399,-0.2083,0.1388,1.017
0.3675,0.01,1.2453,0.14,-0.2083,0.1388,1.017
0.3675,0.0125,1.2458,0.14,-0.2083,0.1388,1.017
0.3675,0.015,1.2462,0.1401,-0.2083,0.1388,1.018
0.3675,0.0175,1.2466,0.1401,-0.2083,0.1388,1.018
0.3675,0.02,1.2471,0.1401,-0.2083,0.1388,1.018
0.3675,0.0225,1.2475,0.1402,-0.2083,0.1388,1.018
0.3675,0.025,1.2479,0.1402,-0.2083,0.1388,1.018
0.3675,0.0275,1.2483,0.1402,-0.2083,0.1388,1.018
0.3675,0.03,1.2488,0.1403,-0.2083,0.1388,1.019
0.3675,0.0325,1.2492,0.1403,-0.2083,0.1388,1.019
0.3675,0.035,1.2496,0.1403,-0.2083,0.1388,1.019
0.3675,0.0375,1.25,0.1404,-0.2083,0.1388,1.019
0.3675,0.04,1.2504,0.1404,-0.2083,0.1389,1.019
0.3675,0.0425,1.2509,0.1404,-0.2083,0.1389,1.019
0.3675,0.045,1.2513,0.1405,-0.2083,0.1389,1.019
0.3675,0.0475,1.2517,0.1405,-0.2083,0.1389,1.02
0.3675,0.05,1.2521,0.1405,-0.2083,0.1389,1.02
0.3675,0.0525,1.2525,0.1406,-0.2083,0.1389,1.02
0.3675,0.055,1.253,0.1406,-0.2083,0.1389,1.02
0.3675,0.0575,1.2534,0.1406,-0.2083,0.1389,1.02
0.3675,0.06,1.2538,0.1407,-0.2083,0.139,1.02
0.3675,0.0625,1.2542,0.1407,-0.2083,0.139,1.02
0.3675,0.065,1.2546,0.1407,-0.2083,0.139,1.021
0.3675,0.0675,1.255,0.1408,-0.2083,0.139,1.021
0.3675,0.07,1.2554,0.1408,-0.2083,0.139,1.021
0.3675,0.0725,1.2558,0.1408,-0.2083,0.139,1.021
0.3675,0.075,1.2563,0.1409,-0.2083,0.139,1.021
0.3675,0.0775,1.2567,0.1409,-0.2083,0.1391,1.021
0.3675,0.08,1.2571,0.1409,-0.2083,0.1391,1.021
0.3675,0.0825,1.2575,0.141,-0.2083,0.1391,1.021
0.3675,0.085,1.2579,0.141,-0.2083,0.1391,1.021
0.3675,0.0875,1.2583,0.141,-0.2083,0.1391,1.022
0.3675,0.09,1.2587,0.1411,-0.2083,0.1391,1.022
0.3675,0.0925,1.2591,0.1411,-0.2083,0.1392,1.022
0.3675,0.095,1.2595,0.1411,-0.2083,0.1392,1.022
0.3675,0.0975,1.2599,0.1412,-0.2083,0.1392,1.022
0.3675,0.1,1.2603,0.1412,-0.2083,0.1392,1.022
0.37,0.0,1.244,0.1399,-0.2083,0.1387,1.017
0.37,0.0025,1.2445,0.1399,-0.2083,0.1387,1.017
0.37,0.005,1.2449,0.1399,-0.2083,0.1388,1.017
0.37,0.0075,1.2453,0.14,-0.2083,0.1388,1.017
0.37,0.01,1.2457,0.14,-0.2083,0.1388,1.017
0.37,0.0125,1.2462,0.1401,-0.2083,0.1388,1.018
0.37,0.015,1.2466,0.1401,-0.2083,0.1388,1.018
0.37,0.0175,1.247,0.1401,-0.2083,0.1388,1.018
0.37,0.02,1.2475,0.1402,-0.2083,0.1388,1.018
0.37,0.0225,1.2479,0.1402,-0.2083,0.1388,1.018
0.37,0.025,1.2483,0.1402,-0.2083,0.1388,1.018
0.37,0.0275,1.2487,0.1403,-0.2083,0.1388,1.019
0.37,0.03,1.2492,0.1403,-0.2083,0.1388,1.019
0.37,0.0325,1.2496,0.1403,-0.2083,0.1388,1.019
0.37,0.035,1.25,0.1404,-0.2083,0.1388,1.019
0.37,0.0375,1.2504,0.1404,-0.2083,0.1389,1.019
0.37,0.04,1.2509,0.1404,-0.2083,0.1389,1.019
0.37,0.0425,1.2513,0.1405,-0.2083,0.1389,1.02
0.37,0.045,1.2517,0.1405,-0.2083,0.1389,1.02
0.37,0.0475,1.2521,0.1405,-0.2083,0.1389,1.02
0.37,0.05,1.2525,0.1406,-0.2083,0.1389,1.02
0.37,0.0525,1.2529,0.1406,-0.2083,0.1389,1.02
0.37,0.055,1.2534,0.1406,-0.2083,0.1389,1.02
0.37,0.0575,1.2538,0.1407,-0.2083,0.1389,1.02
0.37,0.06,1.2542,0.1407,-0.2083,0.139,1.02
0.37,0.0625,1.2546,0.1407,-0.2083,0.139,1.021
0.37,0.065,1.255,0.1408,-0.2083,0.139,1.021
0.37,0.0675,1.2554,0.1408,-0.2083,0.139,1.021
0.37,0.07,1.2558,0.1408,-0.2083,0.139,1.021
0.37,0.0725,1.2563,0.1409,-0.2083,0.139,1.021
0.37,0.075,1.2567,0.1409,-0.2083,0.1391,1.021
0.37,0.0775,1.2571,0.1409,-0.2083,0.1391,1.021
0.37,0.08,1.2575,0.141,-0.2083,0.1391,1.021
0.37,0.0825,1.2579,0.141,-0.2083,0.1391,1.022
0.37,0.085,1.2583,0.141,-0.2083,0.1391,1.022
0.37,0.0875,1.2587,0.1411,-0.2083,0.1391,1.022
0.37,0.09,1.2591,0.1411,-0.2083,0.1392,1.022
0.37,0.0925,1.2595,0.1411,-0.2083,0.1392,1.022
0.37,0.095,1.2599,0.1412,-0.2083,0.1392,1.022
0.37,0.0975,1.2603,0.1412,-0.2083,0.1392,1.022
0.37,0.1,1.2607,0.1412,-0.2083,0.1392,1.022
0.3725,0.0,1.2444,0.1399,-0.2083,0.1387,1.017
0.3725,0.0025,1.2449,0.1399,-0.2083,0.1388,1.017
0.3725,0.005,1.2453,0.14,-0.2083,0.1388,1.017
0.3725,0.0075,1.2457,0.14,-0.2083,0.1388,1.017
0.3725,0.01,1.2462,0.14,-0.2083,0.1388,1.018
0.3725,0.0125,1.2466,0.1401,-0.2083,0.1388,1.018
0.3725,0.015,1.247,0.1401,-0.2083,0.1388,1.018
0.3725,0.0175,1.2474,0.1402,-0.2083,0.1388,1.018
0.3725,0.02,1.2479,0.1402,-0.2083,0.1388,1.018
0.3725,0.0225,1.2483,0.1402,-0.2083,0.1388,1.018
0.3725,0.025,1.2487,0.1403,-0.2083,0.1388,1.019
0.3725,0.0275,1.2491,0.1403,-0.2083,0.1388,1.019
0.3725,0.03,1.2496,0.1403,-0.2083,0.1388,1.019
0.3725,0.0325,1.25,0.1404,-0.2083,0.1388,1.019
0.3725,0.035,1.2504,0.1404,-0.2083,0.1388,1.019
0.3725,0.0375,1.2508,0.1404,-0.2083,0.1389,1.019
0.3725,0.04,1.2513,0.1405,-0.2083,0.1389,1.02
0.3725,0.0425,1.2517,0.1405,-0.2083,0.1389,1.02
0.3725,0.045,1.2521,0.1405,-0.2083,0.1389,1.02
0.3725,0.0475,1.2525,0.1406,-0.2083,0.1389,1.02
0.3725,0.05,1.2529,0.1406,-0.2083,0.1389,1.02
0.3725,0.0525,1.2534,0.1406,-0.2083,0.1389,1.02
0.3725,0.055,1.2538,0.1407,-0.2083,0.1389,1.02
0.3725,0.0575,1.2542,0.1407,-0.2083,0.139,1.021
0.3725,0.06,1.2546,0.1407,-0.2083,0.139,1.021
0.3725,0.0625,1.255,0.1408,-0.2083,0.139,1.021
0.3725,0.065,1.2554,0.1408,-0.2083,0.139,1.021
0.3725,0.0675,1.2558,0.1408,-0.2083,0.139,1.021
0.3725,0.07,1.2563,0.1409,-0.2083,0.139,1.021
0.3725,0.0725,1.2567,0.1409,-0.2083,0.139,1.021
0.3725,0.075,1.2571,0.1409,-0.2083,0.1391,1.021
0.3725,0.0775,1.2575,0.141,-0.2083,0.1391,1.021
0.3725,0.08,1.2579,0.141,-0.2083,0.1391,1.022
0.3725,0.0825,1.2583,0.141,-0.2083,0.1391,1.022
0.3725,0.085,1.2587,0.1411,-0.2083,0.1391,1.022
0.3725,0.0875,1.2591,0.1411,-0.2083,0.1391,1.022
0.3725,0.09,1.2595,0.1411,-0.2083,0.1392,1.022
0.3725,0.0925,1.2599,0.1412,-0.2083,0.1392,1.022
0.3725,0.095,1.2603,0.1412,-0.2083,0.1392,1.022
0.3725,0.0975,1.2607,0.1412,-0.2083,0.1392,1.022
0.3725,0.1,1.2611,0.1413,-0.2083,0.1392,1.022
0.375,0.0,1.2448,0.1399,-0.2083,0.1387,1.017
0.375,0.0025,1.2453,0.14,-0.2083,0.1388,1.017
0.375,0.005,1.2457,0.14,-0.2083,0.1388,1.017
0.375,0.0075,1.2461,0.14,-0.2083,0.1388,1.018
0.375,0.01,1.2466,0.1401,-0.2083,0.1388,1.018
0.375,0.0125,1.247,0.1401,-0.2083,0.1388,1.018
0.375,0.015,1.2474,0.1402,-0.2083,0.1388,1.018
0.375,0.0175,1.2478,0.1402,-0.2083,0.1388,1.018
0.375,0.02,1.2483,0.1402,-0.2083,0.1388,1.018
0.375,0.0225,1.2487,0.1403,-0.2083,0.1388,1.019
0.375,0.025,1.2491,0.1403,-0.2083,0.1388,1.019
0.375,0.0275,1.2496,0.1403,-0.2083,0.1388,1.019
0.375,0.03,1.25,0.1404,-0.2083,0.1388,1.019
0.375,0.0325,1.2504,0.1404,-0.2083,0.1388,1.019
0.375,0.035,1.2508,0.1404,-0.2083,0.1388,1.019
0.375,0.0375,1.2512,0.1405,-0.2083,0.1389,1.02
0.375,0.04,1.2517,0.1405,-0.2083,0.1389,1.02
0.375,0.0425,1.2521,0.1405,-0.2083,0.1389,1.02
0.375,0.045,1.2525,0.1406,-0.2083,0.1389,1.02
0.375,0.0475,1.2529,0.1406,-0.2083,0.1389,1.02
0.375,0.05,1.2533,0.1406,-0.2083,0.1389,1.02
0.375,0.0525,1.2538,0.1407,-0.2083,0.1389,1.02
0.375,0.055,1.2542,0.1407,-0.2083,0.1389,1.021
0.375,0.0575,1.2546,0.1407,-0.2083,0.139,1.021
0.375,0.06,1.255,0.1408,-0.2083,0.139,1.021
0.375,0.0625,1.2554,0.1408,-0.2083,0.139,1.021
0.375,0.065,1.2558,0.1408,-0.2083,0.139,1.021
0.375,0.0675,1.2562,0.1409,-0.2083,0.139,1.021
0.375,0.07,1.2567,0.1409,-0.2083,0.139,1.021
0.375,0.0725,1.2571,0.1409,-0.2083,0.139,1.021
0.375,0.075,1.2575,0.141,-0.2083,0.1391,1.022
0.375,0.0775,1.2579,0.141,-0.2083,0.1391,1.022
0.375,0.08,1.2583,0.141,-0.2083,0.1391,1.022
0.375,0.0825,1.2587,0.1411,-0.2083,0.1391,1.022
0.375,0.085,1.2591,0.1411,-0.2083,0.1391,1.022
0.375,0.0875,1.2595,0.1411,-0.2083,0.1391,1.022
0.375,0.09,1.2599,0.1412,-0.2083,0.1392,1.022
0.375,0.0925,1.2603,0.1412,-0.2083,0.1392,1.022
0.375,0.095,1.2607,0.1412,-0.2083,0.1392,1.022
0.375,0.0975,1.2611,0.1413,-0.2083,0.1392,1.022
0.375,0.1,1.2615,0.1413,-0.2083,0.1392,1.023
0.3775,0.0,1.2452,0.14,-0.2083,0.1388,1.017
0.3775,0.0025,1.2457,0.14,-0.2083,0.1388,1.017
0.3775,0.005,1.2461,0.14,-0.2083,0.1388,1.018
0.3775,0.0075,1.2465,0.1401,-0.2083,0.1388,1.018
0.3775,0.01,1.247,0.1401,-0.2083,0.1388,1.018
0.3775,0.0125,1.2474,0.1402,-0.2083,0.1388,1.018
0.3775,0.015,1.2478,0.1402,-0.2083,0.1388,1.018
0.3775,0.0175,1.2483,0.1402,-0.2083,0.1388,1.018
0.3775,0.02,1.2487,0.1403,-0.2083,0.1388,1.019
0.3775,0.0225,1.2491,0.1403,-0.2083,0.1388,1.019
0.3775,0.025,1.2495,0.1403,-0.2083,0.1388,1.019
0.3775,0.0275,1.25,0.1404,-0.2083,0.1388,1.019
0.3775,0.03,1.2504,0.1404,-0.2083,0.1388,1.019
0.3775,0.0325,1.2508,0.1404,-0.2083,0.1388,1.019
0.3775,0.035,1.2512,0.1405,-0.2083,0.1389,1.02
0.3775,0.0375,1.2517,0.1405,-0.2083,0.1389,1.02
0.3775,0.04,1.2521,0.1405,-0.2083,0.1389,1.02
0.3775,0.0425,1.2525,0.1406,-0.2083,0.1389,1.02
0.3775,0.045,1.2529,0.1406,-0.2083,0.1389,1.02
0.3775,0.0475,1.2533,0.1406,-0.2083,0.1389,1.02
0.3775,0.05,1.2538,0.1407,-0.2083,0.1389,1.021
0.3775,0.0525,1.2542,0.1407,-0.2083,0.1389,1.021
0.3775,0.055,1.2546,0.1407,-0.2083,0.1389,1.021
0.3775,0.0575,1.255,0.1408,-0.2083,0.139,1.021
0.3775,0.06,1.2554,0.1408,-0.2083,0.139,1.021
0.3775,0.0625,1.2558,0.1408,-0.2083,0.139,1.021
0.3775,0.065,1.2562,0.1409,-0.2083,0.139,1.021
0.3775,0.0675,1.2567,0.1409,-0.2083,0.139,1.021
0.3775,0.07,1.2571,0.1409,-0.2083,0.139,1.022
0.3775,0.0725,1.2575,0.141,-0.2083,0.139,1.022
0.3775,0.075,1.2579,0.141,-0.2083,0.1391,1.022
0.3775,0.0775,1.2583,0.141,-0.2083,0.1391,1.022
0.3775,0.08,1.2587,0.1411,-0.2083,0.1391,1.022
0.3775,0.0825,1.2591,0.1411,-0.2083,0.1391,1.022
0.3775,0.085,1.2595,0.1411,-0.2083,0.1391,1.022
0.3775,0.0875,1.2599,0.1412,-0.2083,0.1391,1.022
0.3775,0.09,1.2603,0.1412,-0.2083,0.1392,1.022
0.3775,0.0925,1.2607,0.1412,-0.2083,0.1392,1.022
0.3775,0.095,1.2611,0.1413,-0.2083,0.1392,1.023
0.3775,0.0975,1.2615,0.1413,-0.2083,0.1392,1.023
0.3775,0.1,1.2619,0.1413,-0.2083,0.1392,1.023
0.38,0.0,1.2456,0.14,-0.2083,0.1388,1.017
0.38,0.0025,1.2461,0.14,-0.2083,0.1388,1.018
0.38,0.005,1.2465,0.1401,-0.2083,0.1388,1.018
0.38,0.0075,1.2469,0.1401,-0.2083,0.1388,1.018
0.38,0.01,1.2474,0.1402,-0.2083,0.1388,1.018
0.38,0.0125,1.2478,0.1402,-0.2083,0.1388,1.018
0.38,0.015,1.2482,0.1402,-0.2083,0.1388,1.018
0.38,0.0175,1.2487,0.1403,-0.2083,0.1388,1.019
0.38,0.02,1.2491,0.1403,-0.2083,0.1388,1.019
0.38,0.0225,1.2495,0.1403,-0.2083,0.1388,1.019
0.38,0.025,1.2499,0.1404,-0.2083,0.1388,1.019
0.38,0.0275,1.2504,0.1404,-0.2083,0.1388,1.019
0.38,0.03,1.2508,0.1404,-0.2083,0.1388,1.019
0.38,0.0325,1.2512,0.1405,-0.2083,0.1388,1.02
0.38,0.035,1.2516,0.1405,-0.2083,0.1389,1.02
0.38,0.0375,1.2521,0.1405,-0.2083,0.1389,1.02
0.38,0.04,1.2525,0.1406,-0.2083,0.1389,1.02
0.38,0.0425,1.2529,0.1406,-0.2083,0.1389,1.02
0.38,0.045,1.2533,0.1406,-0.2083,0.1389,1.02
0.38,0.0475,1.2537,0.1407,-0.2083,0.1389,1.021
0.38,0.05,1.2542,0.1407,-0.2083,0.1389,1.021
0.38,0.0525,1.2546,0.1407,-0.2083,0.1389,1.021
0.38,0.055,1.255,0.1408,-0.2083,0.1389,1.021
0.38,0.0575,1.2554,0.1408,-0.2083,0.139,1.021
0.38,0.06,1.2558,0.1408,-0.2083,0.139,1.021
0.38,0.0625,1.2562,0.1409,-0.2083,0.139,1.021
0.38,0.065,1.2567,0.1409,-0.2083,0.139,1.021
0.38,0.0675,1.2571,0.1409,-0.2083,0.139,1.022
0.38,0.07,1.2575,0.141,-0.2083,0.139,1.022
0.38,0.0725,1.2579,0.141,-0.2083,0.1391,1.022
0.38,0.075,1.2583,0.141,-0.2083,0.1391,1.022
0.38,0.0775,1.2587,0.1411,-0.2083,0.1391,1.022
0.38,0.08,1.2591,0.1411,-0.2083,0.1391,1.022
0.38,0.0825,1.2595,0.1411,-0.2083,0.1391,1.022
0.38,0.085,1.2599,0.1412,-0.2083,0.1391,1.022
0.38,0.0875,1.2603,0.1412,-0.2083,0.1392,1.022
0.38,0.09,1.2607,0.1412,-0.2083,0.1392,1.023
0.38,0.0925,1.2611,0.1413,-0.2083,0.1392,1.023
0.38,0.095,1.2615,0.1413,-0.2083,0.1392,1.023
0.38,0.0975,1.262,0.1413,-0.2083,0.1392,1.023
0.38,0.1,1.2624,0.1414,-0.2083,0.1392,1.023
0.3825,0.0,1.2461,0.14,-0.2083,0.1388,1.018
0.3825,0.0025,1.2465,0.1401,-0.2083,0.1388,1.018
0.3825,0.005,1.2469,0.1401,-0.2083,0.1388,1.018
0.3825,0.0075,1.2473,0.1401,-0.2083,0.1388,1.018
0.3825,0.01,1.2478,0.1402,-0.2083,0.1388,1.018
0.3825,0.0125,1.2482,0.1402,-0.2083,0.1388,1.018
0.3825,0.015,1.2486,0.1403,-0.2083,0.1388,1.019
0.3825,0.0175,1.2491,0.1403,-0.2083,0.1388,1.019
0.3825,0.02,1.2495,0.1403,-0.2083,0.1388,1.019
0.3825,0.0225,1.2499,0.1404,-0.2083,0.1388,1.019
0.3825,0.025,1.2504,0.1404,-0.2083,0.1388,1.019
0.3825,0.0275,1.2508,0.1404,-0.2083,0.1388,1.02
0.3825,0.03,1.2512,0.1405,-0.2083,0.1388,1.02
0.3825,0.0325,1.2516,0.1405,-0.2083,0.1389,1.02
0.3825,0.035,1.252,0.1405,-0.2083,0.1389,1.02
0.3825,0.0375,1.2525,0.1406,-0.2083,0.1389,1.02
0.3825,0.04,1.2529,0.1406,-0.2083,0.1389,1.02
0.3825,0.0425,1.2533,0.1406,-0.2083,0.1389,1.02
0.3825,0.045,1.2537,0.1407,-0.2083,0.1389,1.021
0.3825,0.0475,1.2542,0.1407,-0.2083,0.1389,1.021
0.3825,0.05,1.2546,0.1407,-0.2083,0.1389,1.021
0.3825,0.0525,1.255,0.1408,-0.2083,0.1389,1.021
0.3825,0.055,1.2554,0.1408,-0.2083,0.139,1.021
0.3825,0.0575,1.2558,0.1408,-0.2083,0.139,1.021
0.3825,0.06,1.2562,0.1409,-0.2083,0.139,1.021
0.3825,0.0625,1.2566,0.1409,-0.2083,0.139,1.022
0.3825,0.065,1.2571,0.1409,-0.2083,0.139,1.022
0.3825,0.0675,1.2575,0.141,-0.2083,0.139,1.022
0.3825,0.07,1.2579,0.141,-0.2083,0.139,1.022
0.3825,0.0725,1.2583,0.141,-0.2083,0.1391,1.022
0.3825,0.075,1.2587,0.1411,-0.2083,0.1391,1.022
0.3825,0.0775,1.2591,0.1411,-0.2083,0.1391,1.022
0.3825,0.08,1.2595,0.1411,-0.2083,0.1391,1.022
0.3825,0.0825,1.2599,0.1412,-0.2083,0.1391,1.022
0.3825,0.085,1.2603,0.1412,-0.2083,0.1391,1.023
0.3825,0.0875,1.2607,0.1412,-0.2083,0.1392,1.023
0.3825,0.09,1.2611,0.1413,-0.2083,0.1392,1.023
0.3825,0.0925,1.2616,0.1413,-0.2083,0.1392,1.023
0.3825,0.095,1.262,0.1413,-0.2083,0.1392,1.023
0.3825,0.0975,1.2624,0.1414,-0.2083,0.1392,1.023
0.3825,0.1,1.2628,0.1414,-0.2083,0.1393,1.023
0.385,0.0,1.2465,0.1401,-0.2083,0.1388,1.018
0.385,0.0025,1.2469,0.1401,-0.2083,0.1388,1.018
0.385,0.005,1.2473,0.1401,-0.2083,0.1388,1.018
0.385,0.0075,1.2478,0.1402,-0.2083,0.1388,1.018
0.385,0.01,1.2482,0.1402,-0.2083,0.1388,1.018
0.385,0.0125,1.2486,0.1403,-0.2083,0.1388,1.019
0.385,0.015,1.249,0.1403,-0.2083,0.1388,1.019
0.385,0.0175,1.2495,0.1403,-0.2083,0.1388,1.019
0.385,0.02,1.2499,0.1404,-0.2083,0.1388,1.019
0.385,0.0225,1.2503,0.1404,-0.2083,0.1388,1.019
0.385,0.025,1.2508,0.1404,-0.2083,0.1388,1.02
0.385,0.0275,1.2512,0.1405,-0.2083,0.1388,1.02
0.385,0.03,1.2516,0.1405,-0.2083,0.1388,1.02
0.385,0.0325,1.252,0.1405,-0.2083,0.1389,1.02
0.385,0.035,1.2525,0.1406,-0.2083,0.1389,1.02
0.385,0.0375,1.2529,0.1406,-0.2083,0.1389,1.02
0.385,0.04,1.2533,0.1406,-0.2083,0.1389,1.02
0.385,0.0425,1.2537,0.1407,-0.2083,0.1389,1.021
0.385,0.045,1.2541,0.1407,-0.2083,0.1389,1.021
0.385,0.0475,1.2546,0.1407,-0.2083,0.1389,1.021
0.385,0.05,1.255,0.1408,-0.2083,0.1389,1.021
0.385,0.0525,1.2554,0.1408,-0.2083,0.1389,1.021
0.385,0.055,1.2558,0.1408,-0.2083,0.139,1.021
0.385,0.0575,1.2562,0.1409,-0.2083,0.139,1.021
0.385,0.06,1.2566,0.1409,-0.2083,0.139,1.022
0.385,0.0625,1.2571,0.1409,-0.2083,0.139,1.022
0.385,0.065,1.2575,0.141,-0.2083,0.139,1.022
0.385,0.0675,1.2579,0.141,-0.2083,0.139,1.022
0.385,0.07,1.2583,0.141,-0.2083,0.139,1.022
0.385,0.0725,1.2587,0.1411,-0.2083,0.1391,1.022
0.385,0.075,1.2591,0.1411,-0.2083,0.1391,1.022
0.385,0.0775,1.2595,0.1411,-0.2083,0.1391,1.022
0.385,0.08,1.2599,0.1412,-0.2083,0.1391,1.023
0.385,0.0825,1.2603,0.1412,-0.2083,0.1391,1.023
0.385,0.085,1.2607,0.1412,-0.2083,0.1391,1.023
0.385,0.0875,1.2612,0.1413,-0.2083,0.1392,1.023
0.385,0.09,1.2616,0.1413,-0.2083,0.1392,1.023
0.385,0.0925,1.262,0.1413,-0.2083,0.1392,1.023
0.385,0.095,1.2624,0.1414,-0.2083,0.1392,1.023
0.385,0.0975,1.2628,0.1414,-0.2083,0.1392,1.023
0.385,0.1,1.2632,0.1414,-0.2083,0.1393,1.023
0.3875,0.0,1.2469,0.1401,-0.2083,0.1388,1.018
0.3875,0.0025,1.2473,0.1401,-0.2083,0.1388,1.018
0.3875,0.005,1.2477,0.1402,-0.2083,0.1388,1.018
0.3875,0.0075,1.2482,0.1402,-0.2083,0.1388,1.018
0.3875,0.01,1.2486,0.1403,-0.2083,0.1388,1.019
0.3875,0.0125,1.249,0.1403,-0.2083,0.1388,1.019
0.3875,0.015,1.2495,0.1403,-0.2083,0.1388,1.019
0.3875,0.0175,1.2499,0.1404,-0.2083,0.1388,1.019
0.3875,0.02,1.2503,0.1404,-0.2083,0.1388,1.019
0.3875,0.0225,1.2507,0.1404,-0.2083,0.1388,1.02
0.3875,0.025,1.2512,0.1405,-0.2083,0.1388,1.02
0.3875,0.0275,1.2516,0.1405,-0.2083,0.1388,1.02
0.3875,0.03,1.252,0.1405,-0.2083,0.1388,1.02
0.3875,0.0325,1.2524,0.1406,-0.2083,0.1389,1.02
0.3875,0.035,1.2529,0.1406,-0.2083,0.1389,1.02
0.3875,0.0375,1.2533,0.1406,-0.2083,0.1389,1.021
0.3875,0.04,1.2537,0.1407,-0.2083,0.1389,1.021
0.3875,0.0425,1.2541,0.1407,-0.2083,0.1389,1.021
0.3875,0.045,1.2545,0.1407,-0.2083,0.1389,1.021
0.3875,0.0475,1.255,0.1408,-0.2083,0.1389,1.021
0.3875,0.05,1.2554,0.1408,-0.2083,0.1389,1.021
0.3875,0.0525,1.2558,0.1408,-0.2083,0.1389,1.021
0.3875,0.055,1.2562,0.1409,-0.2083,0.139,1.022
0.3875,0.0575,1.2566,0.1409,-0.2083,0.139,1.022
0.3875,0.06,1.257,0.1409,-0.2083,0.139,1.022
0.3875,0.0625,1.2575,0.141,-0.2083,0.139,1.022
0.3875,0.065,1.2579,0.141,-0.2083,0.139,1.022
0.3875,0.0675,1.2583,0.141,-0.2083,0.139,1.022
0.3875,0.07,1.2587,0.1411,-0.2083,0.139,1.022
0.3875,0.0725,1.2591,0.1411,-0.2083,0.1391,1.022
0.3875,0.075,1.2595,0.1411,-0.2083,0.1391,1.022
0.3875,0.0775,1.2599,0.1412,-0.2083,0.1391,1.023
0.3875,0.08,1.2603,0.1412,-0.2083,0.1391,1.023
0.3875,0.0825,1.2607,0.1412,-0.2083,0.1391,1.023
0.3875,0.085,1.2612,0.1413,-0.2083,0.1391,1.023
0.3875,0.0875,1.2616,0.1413,-0.2083,0.1392,1.023
0.3875,0.09,1.262,0.1413,-0.2083,0.1392,1.023
0.3875,0.0925,1.2624,0.1414,-0.2083,0.1392,1.023
0.3875,0.095,1.2628,0.1414,-0.2083,0.1392,1.023
0.3875,0.0975,1.2632,0.1414,-0.2083,0.1392,1.023
0.3875,0.1,1.2636,0.1415,-0.2083,0.1393,1.023
0.39,0.0,1.2473,0.1401,-0.2083,0.1388,1.018
0.39,0.0025,1.2477,0.1402,-0.2083,0.1388,1.018
0.39,0.005,1.2481,0.1402,-0.2083,0.1388,1.018
0.39,0.0075,1.2486,0.1402,-0.2083,0.1388,1.019
0.39,0.01,1.249,0.1403,-0.2083,0.1388,1.019
0.39,0.0125,1.2494,0.1403,-0.2083,0.1388,1.019
0.39,0.015,1.2499,0.1404,-0.2083,0.1388,1.019
0.39,0.0175,1.2503,0.1404,-0.2083,0.1388,1.019
0.39,0.02,1.2507,0.1404,-0.2083,0.1388,1.02
0.39,0.0225,1.2511,0.1405,-0.2083,0.1388,1.02
0.39,0.025,1.2516,0.1405,-0.2083,0.1388,1.02
0.39,0.0275,1.252,0.1405,-0.2083,0.1388,1.02
0.39,0.03,1.2524,0.1406,-0.2083,0.1389,1.02
0.39,0.0325,1.2528,0.1406,-0.2083,0.1389,1.02
0.39,0.035,1.2533,0.1406,-0.2083,0.1389,1.021
0.39,0.0375,1.2537,0.1407,-0.2083,0.1389,1.021
0.39,0.04,1.2541,0.1407,-0.2083,0.1389,1.021
0.39,0.0425,1.2545,0.1407,-0.2083,0.1389,1.021
0.39,0.045,1.255,0.1408,-0.2083,0.1389,1.021
0.39,0.0475,1.2554,0.1408,-0.2083,0.1389,1.021
0.39,0.05,1.2558,0.1408,-0.2083,0.1389,1.021
0.39,0.0525,1.2562,0.1409,-0.2083,0.139,1.022
0.39,0.055,1.2566,0.1409,-0.2083,0.139,1.022
0.39,0.0575,1.257,0.1409,-0.2083,0.139,1.022
0.39,0.06,1.2575,0.141,-0.2083,0.139,1.022
0.39,0.0625,1.2579,0.141,-0.2083,0.139,1.022
0.39,0.065,1.2583,0.141,-0.2083,0.139,1.022
0.39,0.0675,1.2587,0.1411,-0.2083,0.139,1.022
0.39,0.07,1.2591,0.1411,-0.2083,0.1391,1.022
0.39,0.0725,1.2595,0.1411,-0.2083,0.1391,1.023
0.39,0.075,1.2599,0.1412,-0.2083,0.1391,1.023
0.39,0.0775,1.2603,0.1412,-0.2083,0.1391,1.023
0.39,0.08,1.2607,0.1412,-0.2083,0.1391,1.023
0.39,0.0825,1.2612,0.1413,-0.2083,0.1391,1.023
0.39,0.085,1.2616,0.1413,-0.2083,0.1392,1.023
0.39,0.0875,1.262,0.1413,-0.2083,0.1392,1.023
0.39,0.09,1.2624,0.1414,-0.2083,0.1392,1.023
0.39,0.0925,1.2628,0.1414,-0.2083,0.1392,1.023
0.39,0.095,1.2632,0.1414,-0.2083,0.1392,1.023
0.39,0.0975,1.2636,0.1415,-0.2083,0.1392,1.024
0.39,0.1,1.264,0.1415,-0.2083,0.1393,1.024
0.3925,0.0,1.2477,0.1402,-0.2083,0.1388,1.018
0.3925,0.0025,1.2481,0.1402,-0.2083,0.1388,1.018
0.3925,0.005,1.2485,0.1402,-0.2083,0.1388,1.019
0.3925,0.0075,1.249,0.1403,-0.2083,0.1388,1.019
0.3925,0.01,1.2494,0.1403,-0.2083,0.1388,1.019
0.3925,0.0125,1.2498,0.1404,-0.2083,0.1388,1.019
0.3925,0.015,1.2503,0.1404,-0.2083,0.1388,1.019
0.3925,0.0175,1.2507,0.1404,-0.2083,0.1388,1.02
0.3925,0.02,1.2511,0.1405,-0.2083,0.1388,1.02
0.3925,0.0225,1.2516,0.1405,-0.2083,0.1388,1.02
0.3925,0.025,1.252,0.1405,-0.2083,0.1388,1.02
0.3925,0.0275,1.2524,0.1406,-0.2083,0.1388,1.02
0.3925,0.03,1.2528,0.1406,-0.2083,0.1389,1.02
0.3925,0.0325,1.2533,0.1406,-0.2083,0.1389,1.021
0.3925,0.035,1.2537,0.1407,-0.2083,0.1389,1.021
0.3925,0.0375,1.2541,0.1407,-0.2083,0.1389,1.021
0.3925,0.04,1.2545,0.1407,-0.2083,0.1389,1.021
0.3925,0.0425,1.2549,0.1408,-0.2083,0.1389,1.021
0.3925,0.045,1.2554,0.1408,-0.2083,0.1389,1.021
0.3925,0.0475,1.2558,0.1408,-0.2083,0.1389,1.021
0.3925,0.05,1.2562,0.1409,-0.2083,0.1389,1.022
0.3925,0.0525,1.2566,0.1409,-0.2083,0.139,1.022
0.3925,0.055,1.257,0.1409,-0.2083,0.139,1.022
0.3925,0.0575,1.2575,0.141,-0.2083,0.139,1.022
0.3925,0.06,1.2579,0.141,-0.2083,0.139,1.022
0.3925,0.0625,1.2583,0.141,-0.2083,0.139,1.022
0.3925,0.065,1.2587,0.1411,-0.2083,0.139,1.022
0.3925,0.0675,1.2591,0.1411,-0.2083,0.139,1.023
0.3925,0.07,1.2595,0.1411,-0.2083,0.1391,1.023
0.3925,0.0725,1.2599,0.1412,-0.2083,0.1391,1.023
0.3925,0.075,1.2603,0.1412,-0.2083,0.1391,1.023
0.3925,0.0775,1.2607,0.1412,-0.2083,0.1391,1.023
0.3925,0.08,1.2612,0.1413,-0.2083,0.1391,1.023
0.3925,0.0825,1.2616,0.1413,-0.2083,0.1391,1.023
0.3925,0.085,1.262,0.1413,-0.2083,0.1392,1.023
0.3925,0.0875,1.2624,0.1414,-0.2083,0.1392,1.023
0.3925,0.09,1.2628,0.1414,-0.2083,0.1392,1.023
0.3925,0.0925,1.2632,0.1414,-0.2083,0.1392,1.024
0.3925,0.095,1.2636,0.1415,-0.2083,0.1392,1.024
0.3925,0.0975,1.264,0.1415,-0.2083,0.1393,1.024
0.3925,0.1,1.2644,0.1415,-0.2083,0.1393,1.024
0.395,0.0,1.2481,0.1402,-0.2083,0.1388,1.018
0.395,0.0025,1.2485,0.1402,-0.2083,0.1388,1.019
0.395,0.005,1.249,0.1403,-0.2083,0.1388,1.019
0.395,0.0075,1.2494,0.1403,-0.2083,0.1388,1.019
0.395,0.01,1.2498,0.1404,-0.2083,0.1388,1.019
0.395,0.0125,1.2502,0.1404,-0.2083,0.1388,1.019
0.395,0.015,1.2507,0.1404,-0.2083,0.1388,1.02
0.395,0.0175,1.2511,0.1405,-0.2083,0.1388,1.02
0.395,0.02,1.2515,0.1405,-0.2083,0.1388,1.02
0.395,0.0225,1.252,0.1405,-0.2083,0.1388,1.02
0.395,0.025,1.2524,0.1406,-0.2083,0.1388,1.02
0.395,0.0275,1.2528,0.1406,-0.2083,0.1389,1.02
0.395,0.03,1.2532,0.1406,-0.2083,0.1389,1.021
0.395,0.0325,1.2537,0.1407,-0.2083,0.1389,1.021
0.395,0.035,1.2541,0.1407,-0.2083,0.1389,1.021
0.395,0.0375,1.2545,0.1407,-0.2083,0.1389,1.021
0.395,0.04,1.2549,0.1408,-0.2083,0.1389,1.021
0.395,0.0425,1.2553,0.1408,-0.2083,0.1389,1.021
0.395,0.045,1.2558,0.1408,-0.2083,0.1389,1.022
0.395,0.0475,1.2562,0.1409,-0.2083,0.1389,1.022
0.395,0.05,1.2566,0.1409,-0.2083,0.1389,1.022
0.395,0.0525,1.257,0.1409,-0.2083,0.139,1.022
0.395,0.055,1.2574,0.141,-0.2083,0.139,1.022
0.395,0.0575,1.2579,0.141,-0.2083,0.139,1.022
0.395,0.06,1.2583,0.141,-0.2083,0.139,1.022
0.395,0.0625,1.2587,0.1411,-0.2083,0.139,1.022
0.395,0.065,1.2591,0.1411,-0.2083,0.139,1.023
0.395,0.0675,1.2595,0.1411,-0.2083,0.139,1.023
0.395,0.07,1.2599,0.1412,-0.2083,0.1391,1.023
0.395,0.0725,1.2603,0.1412,-0.2083,0.1391,1.023
0.395,0.075,1.2607,0.1412,-0.2083,0.1391,1.023
0.395,0.0775,1.2612,0.1413,-0.2083,0.1391,1.023
0.395,0.08,1.2616,0.1413,-0.2083,0.1391,1.023
0.395,0.0825,1.262,0.1413,-0.2083,0.1391,1.023
0.395,0.085,1.2624,0.1414,-0.2083,0.1392,1.023
0.395,0.0875,1.2628,0.1414,-0.2083,0.1392,1.024
0.395,0.09,1.2632,0.1414,-0.2083,0.1392,1.024
0.395,0.0925,1.2636,0.1415,-0.2083,0.1392,1.024
0.395,0.095,1.264,0.1415,-0.2083,0.1392,1.024
0.395,0.0975,1.2644,0.1415,-0.2083,0.1393,1.024
0.395,0.1,1.2648,0.1416,-0.2083,0.1393,1.024
0.3975,0.0,1.2485,0.1402,-0.2083,0.1388,1.019
0.3975,0.0025,1.2489,0.1403,-0.2083,0.1388,1.019
0.3975,0.005,1.2494,0.1403,-0.2083,0.1388,1.019
0.3975,0.0075,1.2498,0.1403,-0.2083,0.1388,1.019
0.3975,0.01,1.2502,0.1404,-0.2083,0.1388,1.019
0.3975,0.0125,1.2507,0.1404,-0.2083,0.1388,1.02
0.3975,0.015,1.2511,0.1405,-0.2083,0.1388,1.02
0.3975,0.0175,1.2515,0.1405,-0.2083,0.1388,1.02
0.3975,0.02,1.2519,0.1405,-0.2083,0.1388,1.02
0.3975,0.0225,1.2524,0.1406,-0.2083,0.1388,1.02
0.3975,0.025,1.2528,0.1406,-0.2083,0.1388,1.02
0.3975,0.0275,1.2532,0.1406,-0.2083,0.1389,1.021
0.3975,0.03,1.2536,0.1407,-0.2083,0.1389,1.021
0.3975,0.0325,1.2541,0.1407,-0.2083,0.1389,1.021
0.3975,0.035,1.2545,0.1407,-0.2083,0.1389,1.021
0.3975,0.0375,1.2549,0.1408,-0.2083,0.1389,1.021
0.3975,0.04,1.2553,0.1408,-0.2083,0.1389,1.021
0.3975,0.0425,1.2558,0.1408,-0.2083,0.1389,1.022
0.3975,0.045,1.2562,0.1409,-0.2083,0.1389,1.022
0.3975,0.0475,1.2566,0.1409,-0.2083,0.1389,1.022
0.3975,0.05,1.257,0.1409,-0.2083,0.139,1.022
0.3975,0.0525,1.2574,0.141,-0.2083,0.139,1.022
0.3975,0.055,1.2578,0.141,-0.2083,0.139,1.022
0.3975,0.0575,1.2583,0.141,-0.2083,0.139,1.022
0.3975,0.06,1.2587,0.1411,-0.2083,0.139,1.023
0.3975,0.0625,1.2591,0.1411,-0.2083,0.139,1.023
0.3975,0.065,1.2595,0.1411,-0.2083,0.139,1.023
0.3975,0.0675,1.2599,0.1412,-0.2083,0.139,1.023
0.3975,0.07,1.2603,0.1412,-0.2083,0.1391,1.023
0.3975,0.0725,1.2607,0.1412,-0.2083,0.1391,1.023
0.3975,0.075,1.2612,0.1413,-0.2083,0.1391,1.023
0.3975,0.0775,1.2616,0.1413,-0.2083,0.1391,1.023
0.3975,0.08,1.262,0.1413,-0.2083,0.1391,1.023
0.3975,0.0825,1.2624,0.1414,-0.2083,0.1391,1.024
0.3975,0.085,1.2628,0.1414,-0.2083,0.1392,1.024
0.3975,0.0875,1.2632,0.1414,-0.2083,0.1392,1.024
0.3975,0.09,1.2636,0.1415,-0.2083,0.1392,1.024
0.3975,0.0925,1.264,0.1415,-0.2083,0.1392,1.024
0.3975,0.095,1.2644,0.1415,-0.2083,0.1392,1.024
0.3975,0.0975,1.2648,0.1416,-0.2083,0.1393,1.024
0.3975,0.1,1.2652,0.1416,-0.2083,0.1393,1.024
0.4,0.0,1.2489,0.1403,-0.2083,0.1388,1.019
0.4,0.0025,1.2493,0.1403,-0.2083,0.1388,1.019
0.4,0.005,1.2498,0.1403,-0.2083,0.1388,1.019
0.4,0.0075,1.2502,0.1404,-0.2083,0.1388,1.019
0.4,0.01,1.2506,0.1404,-0.2083,0.1388,1.02
0.4,0.0125,1.2511,0.1405,-0.2083,0.1388,1.02
0.4,0.015,1.2515,0.1405,-0.2083,0.1388,1.02
0.4,0.0175,1.2519,0.1405,-0.2083,0.1388,1.02
0.4,0.02,1.2523,0.1406,-0.2083,0.1388,1.02
0.4,0.0225,1.2528,0.1406,-0.2083,0.1388,1.02
0.4,0.025,1.2532,0.1406,-0.2083,0.1388,1.021
0.4,0.0275,1.2536,0.1407,-0.2083,0.1389,1.021
0.4,0.03,1.2541,0.1407,-0.2083,0.1389,1.021
0.4,0.0325,1.2545,0.1407,-0.2083,0.1389,1.021
0.4,0.035,1.2549,0.1408,-0.2083,0.1389,1.021
0.4,0.0375,1.2553,0.1408,-0.2083,0.1389,1.021
0.4,0.04,1.2557,0.1408,-0.2083,0.1389,1.022
0.4,0.0425,1.2562,0.1409,-0.2083,0.1389,1.022
0.4,0.045,1.2566,0.1409,-0.2083,0.1389,1.022
0.4,0.0475,1.257,0.1409,-0.2083,0.1389,1.022
0.4,0.05,1.2574,0.141,-0.2083,0.139,1.022
0.4,0.0525,1.2578,0.141,-0.2083,0.139,1.022
0.4,0.055,1.2583,0.141,-0.2083,0.139,1.022
0.4,0.0575,1.2587,0.1411,-0.2083,0.139,1.023
0.4,0.06,1.2591,0.1411,-0.2083,0.139,1.023
0.4,0.0625,1.2595,0.1411,-0.2083,0.139,1.023
0.4,0.065,1.2599,0.1412,-0.2083,0.139,1.023
0.4,0.0675,1.2603,0.1412,-0.2083,0.1391,1.023
0.4,0.07,1.2607,0.1412,-0.2083,0.1391,1.023
0.4,0.0725,1.2612,0.1413,-0.2083,0.1391,1.023
0.4,0.075,1.2616,0.1413,-0.2083,0.1391,1.023
0.4,0.0775,1.262,0.1413,-0.2083,0.1391,1.024
0.4,0.08,1.2624,0.1414,-0.2083,0.1391,1.024
0.4,0.0825,1.2628,0.1414,-0.2083,0.1392,1.024
0.4,0.085,1.2632,0.1414,-0.2083,0.1392,1.024
0.4,0.0875,1.2636,0.1415,-0.2083,0.1392,1.024
0.4,0.09,1.264,0.1415,-0.2083,0.1392,1.024
0.4,0.0925,1.2644,0.1415,-0.2083,0.1392,1.024
0.4,0.095,1.2648,0.1416,-0.2083,0.1392,1.024
0.4,0.0975,1.2652,0.1416,-0.2083,0.1393,1.024
0.4,0.1,1.2656,0.1416,-0.2083,0.1393,1.024
