sample,candidate,resell,sell_fraction,total_return,cagr,max_drawdown,annualized_vol,sharpe_like,dd_2022,r2_worst,r2_neg,r2_win
5y,A,65,1.0,0.6969,0.1117,-0.2718,0.1915,0.651,-0.05730995374747749,-0.016307855514630876,0.0026666666666666666,0.12533333333333332
5y,A,65,0.5,0.6228,0.1018,-0.2864,0.1963,0.594,-0.19846484604211612,-0.06624514730974407,0.029333333333333333,0.112
5y,A,77,1.0,0.8195,0.1273,-0.3565,0.2169,0.663,-0.3304538683278717,-0.05897996706559561,0.025333333333333333,0.504
5y,A,77,0.5,0.8292,0.1285,-0.3565,0.2192,0.663,-0.3474331780394059,-0.1053669681426147,0.064,0.516
5y,B,65,1.0,0.6624,0.1071,-0.2718,0.1913,0.63,-0.051332795661392705,-0.010048336427910587,0.0013333333333333333,0.124
5y,B,65,0.5,0.6078,0.0998,-0.2864,0.196,0.585,-0.1958974798126436,-0.06750144633025801,0.029333333333333333,0.112
5y,B,77,1.0,0.8131,0.1265,-0.3565,0.2165,0.661,-0.3304538683278717,-0.05064696999469698,0.024,0.508
5y,B,77,0.5,0.8312,0.1288,-0.3565,0.2185,0.666,-0.347433178039406,-0.09540549087107131,0.05733333333333333,0.6333333333333333
5y,C,65,1.0,0.6516,0.1057,-0.2718,0.1912,0.623,-0.051332795661392816,-0.010048336427911253,0.0013333333333333333,0.124
5y,C,65,0.5,0.5974,0.0983,-0.2864,0.1959,0.578,-0.1958974798126436,-0.06750144633025801,0.032,0.112
5y,C,77,1.0,0.8013,0.1251,-0.3565,0.2164,0.655,-0.3304538683278717,-0.0506469699946972,0.024,0.508
5y,C,77,0.5,0.8193,0.1273,-0.3565,0.2185,0.66,-0.3474331780394059,-0.09540549087107097,0.05733333333333333,0.6333333333333333
5y,D,65,1.0,0.6397,0.1041,-0.2718,0.1912,0.616,-0.05133279566139248,-0.010048336427910809,0.0013333333333333333,0.124
5y,D,65,0.5,0.5858,0.0967,-0.2864,0.1959,0.571,-0.1958974798126435,-0.06750144633025779,0.032,0.112
5y,D,77,1.0,0.7882,0.1234,-0.3565,0.2164,0.648,-0.3304538683278717,-0.05064696999469709,0.021333333333333333,0.508
5y,D,77,0.5,0.8061,0.1257,-0.3565,0.2184,0.653,-0.3474331780394059,-0.09540549087107142,0.05733333333333333,0.6333333333333333
5y,E,65,1.0,0.6299,0.1028,-0.2718,0.1913,0.609,-0.060996069587649915,-0.008540421624628869,0.0013333333333333333,0.124
5y,E,65,0.5,0.5981,0.0984,-0.2864,0.1964,0.578,-0.2016822813463467,-0.06588947710717286,0.032,0.112
5y,E,77,1.0,0.7986,0.1247,-0.3565,0.2166,0.653,-0.3304538683278717,-0.050886952826696974,0.021333333333333333,0.508
5y,E,77,0.5,0.8031,0.1253,-0.3565,0.2189,0.651,-0.3474331780394059,-0.09757346605524919,0.058666666666666666,0.524
5y,F,65,1.0,0.6953,0.1115,-0.2718,0.1905,0.652,-0.051332795661392705,-0.010048336427910809,0.0013333333333333333,0.124
5y,F,65,0.5,0.6396,0.1041,-0.2864,0.1952,0.607,-0.1958974798126435,-0.06750144633025801,0.024,0.112
5y,F,77,1.0,0.8489,0.131,-0.3565,0.2158,0.681,-0.3304538683278717,-0.0506469699946972,0.021333333333333333,0.508
5y,F,77,0.5,0.8674,0.1332,-0.3565,0.2179,0.685,-0.3474331780394059,-0.09540549087107131,0.05466666666666667,0.6333333333333333
5y,G,65,1.0,0.6852,0.1102,-0.2718,0.1906,0.646,-0.06099606958765025,-0.00854042162462898,0.0013333333333333333,0.124
5y,G,65,0.5,0.6523,0.1058,-0.2864,0.1957,0.613,-0.20168228134634658,-0.06588947710717252,0.024,0.112
5y,G,77,1.0,0.8596,0.1323,-0.3565,0.216,0.685,-0.3304538683278717,-0.05088695282669731,0.021333333333333333,0.508
5y,G,77,0.5,0.8642,0.1328,-0.3565,0.2183,0.683,-0.3474331780394059,-0.0975734660552493,0.056,0.524
5y,H,79,1.0,0.9949,0.1483,-0.364,0.2191,0.743,-0.36395279909120204,-0.06845849302171936,0.02666666666666667,0.7653333333333333
5y,H,79,0.5,0.9481,0.1429,-0.364,0.2201,0.719,-0.36395279909120204,-0.10481040640009998,0.058666666666666666,0.772
5y,H,77,1.0,0.8576,0.132,-0.3565,0.2159,0.685,-0.3304538683278717,-0.0506469699946972,0.021333333333333333,0.5226666666666666
5y,H,77,0.5,0.8823,0.135,-0.3565,0.2179,0.693,-0.3474331780394059,-0.09540549087107131,0.05466666666666667,0.6613333333333333
2011,A,65,1.0,3.4985,0.1005,-0.2718,0.1686,0.654,-0.057309953747477715,-0.16245573450839468,0.011897852582704585,0.1538015089959373
2011,A,65,0.5,4.1593,0.1101,-0.2864,0.1733,0.691,-0.1984648460421159,-0.12664937173487367,0.030179918746372606,0.146836912362159
2011,A,77,1.0,6.0437,0.1323,-0.3565,0.1869,0.76,-0.3304538683278717,-0.1741127935915603,0.05658734764944864,0.3705745792222867
2011,A,77,0.5,7.1928,0.1433,-0.3565,0.1902,0.801,-0.3474331780394059,-0.19729340526121808,0.0844457341845618,0.373476494486361
2011,B,65,1.0,3.3948,0.0988,-0.2718,0.1684,0.645,-0.051332795661392705,-0.1637383554327987,0.012188044109112013,0.15409170052234475
2011,B,65,0.5,4.148,0.11,-0.2864,0.1728,0.692,-0.19589747981264338,-0.1267990604583462,0.027858386535113175,0.14799767846778875
2011,B,77,1.0,6.1337,0.1333,-0.3565,0.1863,0.767,-0.3304538683278717,-0.1673175387028515,0.05165409170052235,0.3807312826465467
2011,B,77,0.5,7.2295,0.1436,-0.3565,0.1892,0.806,-0.3474331780394059,-0.19045338479838458,0.08096343586767267,0.4065583284968079
2011,C,65,1.0,3.4118,0.0991,-0.2718,0.1684,0.647,-0.051332795661392816,-0.1637383554327988,0.012188044109112013,0.15409170052234475
2011,C,65,0.5,4.1599,0.1101,-0.2864,0.1728,0.693,-0.19589747981264338,-0.1267990604583461,0.027858386535113175,0.14799767846778875
2011,C,77,1.0,6.1482,0.1334,-0.3565,0.1863,0.767,-0.3304538683278717,-0.1673175387028516,0.05165409170052235,0.3807312826465467
2011,C,77,0.5,7.2462,0.1438,-0.3565,0.1891,0.807,-0.3474331780394059,-0.1904533847983848,0.08096343586767267,0.4068485200232153
2011,D,65,1.0,3.4347,0.0995,-0.2718,0.1685,0.648,-0.05133279566139248,-0.1637383554327989,0.012188044109112013,0.15409170052234475
2011,D,65,0.5,4.1677,0.1102,-0.2864,0.1729,0.693,-0.19589747981264338,-0.1267990604583461,0.027858386535113175,0.14799767846778875
2011,D,77,1.0,6.1236,0.1332,-0.3565,0.1863,0.766,-0.3304538683278717,-0.16731753870285127,0.05165409170052235,0.3807312826465467
2011,D,77,0.5,7.2177,0.1435,-0.3565,0.1891,0.806,-0.3474331780394059,-0.1904533847983848,0.08096343586767267,0.4068485200232153
2011,E,65,1.0,3.3685,0.0984,-0.2718,0.1688,0.642,-0.060996069587649915,-0.16547426416748812,0.012478235635519443,0.15089959373186304
2011,E,65,0.5,4.1939,0.1106,-0.2864,0.1736,0.693,-0.20168228134634658,-0.13118171918570143,0.02959953569355775,0.14016250725478815
2011,E,77,1.0,6.334,0.1353,-0.3565,0.1866,0.775,-0.3304538683278717,-0.16368795375738188,0.04933255948926291,0.3798607080673244
2011,E,77,0.5,7.3727,0.1449,-0.3565,0.1899,0.809,-0.34743317803940577,-0.1871190657164581,0.0812536273940801,0.3842135809634359
2011,F,65,1.0,3.4228,0.0993,-0.2718,0.1685,0.647,-0.051332795661392594,-0.16373835543279902,0.012188044109112013,0.15409170052234475
2011,F,65,0.5,4.1538,0.11,-0.2864,0.1729,0.692,-0.19589747981264338,-0.12679906045834644,0.027858386535113175,0.14799767846778875
2011,F,77,1.0,6.1044,0.133,-0.3565,0.1863,0.765,-0.3304538683278717,-0.1673175387028515,0.05165409170052235,0.3807312826465467
2011,F,77,0.5,7.1956,0.1433,-0.3565,0.1891,0.805,-0.347433178039406,-0.19045338479838492,0.08096343586767267,0.4068485200232153
2011,G,65,1.0,3.3526,0.0982,-0.2718,0.1687,0.641,-0.06099606958765025,-0.16547426416748823,0.012478235635519443,0.15089959373186304
2011,G,65,0.5,4.1749,0.1103,-0.2864,0.1736,0.691,-0.2016822813463468,-0.13118171918570143,0.02959953569355775,0.14016250725478815
2011,G,77,1.0,6.3073,0.135,-0.3565,0.1865,0.774,-0.3304538683278716,-0.16368795375738177,0.04933255948926291,0.3798607080673244
2011,G,77,0.5,7.3422,0.1446,-0.3565,0.1899,0.808,-0.3474331780394059,-0.18711906571645853,0.0812536273940801,0.3842135809634359
2011,H,79,1.0,5.7751,0.1295,-0.364,0.1928,0.73,-0.36395279909120204,-0.23267225502756705,0.0742890307603018,0.3377829367382472
2011,H,79,0.5,7.0529,0.142,-0.364,0.1942,0.783,-0.36395279909120204,-0.21924974961306964,0.08850841555426582,0.3702843876958793
2011,H,77,1.0,6.1757,0.1337,-0.3565,0.1863,0.768,-0.3304538683278716,-0.1673175387028516,0.04991294254207777,0.3862449216482879
2011,H,77,0.5,7.2952,0.1442,-0.3565,0.1892,0.809,-0.3474331780394059,-0.19045338479838458,0.08096343586767267,0.4158444573418456
