resell_level,crash_level,ramp_days,weekly_step,num_trades,total_return,cagr,max_drawdown,annualized_vol,sharpe_like
80,25,1,0.2,32,1.3822,0.151,-0.2543,0.1632,0.947
80,30,1,0.2,32,1.3822,0.151,-0.2543,0.1632,0.947
80,20,1,0.2,32,1.382,0.1509,-0.2543,0.1631,0.947
80,15,1,0.2,32,1.382,0.1509,-0.2543,0.1631,0.947
80,25,1,0.15,36,1.3683,0.1499,-0.2543,0.1626,0.944
80,30,1,0.15,36,1.3674,0.1498,-0.2543,0.1626,0.943
80,25,5,0.2,36,1.3612,0.1493,-0.2543,0.163,0.938
80,30,5,0.2,36,1.3611,0.1493,-0.2543,0.163,0.938
80,15,5,0.2,36,1.361,0.1493,-0.2543,0.163,0.938
80,20,5,0.2,36,1.361,0.1493,-0.2543,0.163,0.938
80,20,1,0.15,37,1.3595,0.1492,-0.2543,0.1624,0.941
80,15,1,0.15,37,1.3595,0.1492,-0.2543,0.1624,0.941
80,25,1,0.1,43,1.3526,0.1486,-0.2543,0.1617,0.941
80,30,1,0.1,43,1.3507,0.1485,-0.2543,0.1617,0.94
80,30,1,0.05,51,1.3463,0.1481,-0.2543,0.1601,0.946
80,25,5,0.15,40,1.3449,0.148,-0.2543,0.1625,0.934
80,30,5,0.15,40,1.344,0.1479,-0.2543,0.1625,0.934
95,20,1,0.2,5,1.3368,0.1474,-0.2543,0.1654,0.917
95,30,1,0.2,5,1.3368,0.1474,-0.2543,0.1654,0.917
95,25,1,0.2,5,1.3368,0.1474,-0.2543,0.1654,0.917
99,25,1,0.2,5,1.3368,0.1474,-0.2543,0.1654,0.917
99,30,1,0.2,5,1.3368,0.1474,-0.2543,0.1654,0.917
99,20,1,0.2,5,1.3368,0.1474,-0.2543,0.1654,0.917
99,15,1,0.2,5,1.3368,0.1474,-0.2543,0.1654,0.917
90,15,1,0.2,5,1.3368,0.1474,-0.2543,0.1654,0.917
90,20,1,0.2,5,1.3368,0.1474,-0.2543,0.1654,0.917
90,30,1,0.2,5,1.3368,0.1474,-0.2543,0.1654,0.917
90,25,1,0.2,5,1.3368,0.1474,-0.2543,0.1654,0.917
85,25,1,0.2,5,1.3368,0.1474,-0.2543,0.1654,0.917
85,30,1,0.2,5,1.3368,0.1474,-0.2543,0.1654,0.917
85,20,1,0.2,5,1.3368,0.1474,-0.2543,0.1654,0.917
85,15,1,0.2,5,1.3368,0.1474,-0.2543,0.1654,0.917
95,15,1,0.2,5,1.3368,0.1474,-0.2543,0.1654,0.917
80,20,5,0.15,41,1.3362,0.1473,-0.2543,0.1623,0.931
80,15,5,0.15,41,1.3362,0.1473,-0.2543,0.1623,0.931
80,25,1,0.05,54,1.3347,0.1472,-0.2543,0.16,0.942
80,30,5,0.05,54,1.3334,0.1471,-0.2543,0.16,0.941
80,25,5,0.1,47,1.332,0.147,-0.2543,0.1615,0.933
80,30,5,0.1,47,1.3302,0.1469,-0.2543,0.1615,0.932
90,15,1,0.15,6,1.3274,0.1466,-0.2543,0.1654,0.913
99,15,1,0.15,6,1.3274,0.1466,-0.2543,0.1654,0.913
99,20,1,0.15,6,1.3274,0.1466,-0.2543,0.1654,0.913
99,30,1,0.15,6,1.3274,0.1466,-0.2543,0.1654,0.913
99,25,1,0.15,6,1.3274,0.1466,-0.2543,0.1654,0.913
95,25,1,0.15,6,1.3274,0.1466,-0.2543,0.1654,0.913
95,30,1,0.15,6,1.3274,0.1466,-0.2543,0.1654,0.913
95,20,1,0.15,6,1.3274,0.1466,-0.2543,0.1654,0.913
95,15,1,0.15,6,1.3274,0.1466,-0.2543,0.1654,0.913
85,15,1,0.15,6,1.3274,0.1466,-0.2543,0.1654,0.913
85,20,1,0.15,6,1.3274,0.1466,-0.2543,0.1654,0.913
85,30,1,0.15,6,1.3274,0.1466,-0.2543,0.1654,0.913
85,25,1,0.15,6,1.3274,0.1466,-0.2543,0.1654,0.913
90,25,1,0.15,6,1.3274,0.1466,-0.2543,0.1654,0.913
90,30,1,0.15,6,1.3274,0.1466,-0.2543,0.1654,0.913
90,20,1,0.15,6,1.3274,0.1466,-0.2543,0.1654,0.913
80,25,5,0.05,57,1.3219,0.1462,-0.2543,0.1599,0.937
90,15,5,0.2,9,1.3161,0.1457,-0.2543,0.1653,0.909
90,20,5,0.2,9,1.3161,0.1457,-0.2543,0.1653,0.909
90,30,5,0.2,9,1.3161,0.1457,-0.2543,0.1653,0.909
90,25,5,0.2,9,1.3161,0.1457,-0.2543,0.1653,0.909
85,25,5,0.2,9,1.3161,0.1457,-0.2543,0.1653,0.909
85,30,5,0.2,9,1.3161,0.1457,-0.2543,0.1653,0.909
85,20,5,0.2,9,1.3161,0.1457,-0.2543,0.1653,0.909
85,15,5,0.2,9,1.3161,0.1457,-0.2543,0.1653,0.909
99,15,5,0.2,9,1.3161,0.1457,-0.2543,0.1653,0.909
99,20,5,0.2,9,1.3161,0.1457,-0.2543,0.1653,0.909
99,30,5,0.2,9,1.3161,0.1457,-0.2543,0.1653,0.909
99,25,5,0.2,9,1.3161,0.1457,-0.2543,0.1653,0.909
95,25,5,0.2,9,1.3161,0.1457,-0.2543,0.1653,0.909
95,30,5,0.2,9,1.3161,0.1457,-0.2543,0.1653,0.909
95,20,5,0.2,9,1.3161,0.1457,-0.2543,0.1653,0.909
95,15,5,0.2,9,1.3161,0.1457,-0.2543,0.1653,0.909
80,15,1,0.1,50,1.3068,0.145,-0.2543,0.1611,0.924
80,20,1,0.1,50,1.3068,0.145,-0.2543,0.1611,0.924
95,15,5,0.15,10,1.3044,0.1448,-0.2543,0.1653,0.904
95,20,5,0.15,10,1.3044,0.1448,-0.2543,0.1653,0.904
99,25,5,0.15,10,1.3044,0.1448,-0.2543,0.1653,0.904
99,30,5,0.15,10,1.3044,0.1448,-0.2543,0.1653,0.904
95,30,5,0.15,10,1.3044,0.1448,-0.2543,0.1653,0.904
95,25,5,0.15,10,1.3044,0.1448,-0.2543,0.1653,0.904
90,15,5,0.15,10,1.3044,0.1448,-0.2543,0.1653,0.904
90,20,5,0.15,10,1.3044,0.1448,-0.2543,0.1653,0.904
90,30,5,0.15,10,1.3044,0.1448,-0.2543,0.1653,0.904
90,25,5,0.15,10,1.3044,0.1448,-0.2543,0.1653,0.904
85,25,5,0.15,10,1.3044,0.1448,-0.2543,0.1653,0.904
85,30,5,0.15,10,1.3044,0.1448,-0.2543,0.1653,0.904
99,20,5,0.15,10,1.3044,0.1448,-0.2543,0.1653,0.904
99,15,5,0.15,10,1.3044,0.1448,-0.2543,0.1653,0.904
85,20,5,0.15,10,1.3044,0.1448,-0.2543,0.1653,0.904
85,15,5,0.15,10,1.3044,0.1448,-0.2543,0.1653,0.904
99,30,1,0.1,8,1.2999,0.1444,-0.2543,0.1652,0.902
99,25,1,0.1,8,1.2999,0.1444,-0.2543,0.1652,0.902
95,20,1,0.1,8,1.2999,0.1444,-0.2543,0.1652,0.902
95,15,1,0.1,8,1.2999,0.1444,-0.2543,0.1652,0.902
99,15,1,0.1,8,1.2999,0.1444,-0.2543,0.1652,0.902
99,20,1,0.1,8,1.2999,0.1444,-0.2543,0.1652,0.902
85,30,1,0.1,8,1.2999,0.1444,-0.2543,0.1652,0.902
85,25,1,0.1,8,1.2999,0.1444,-0.2543,0.1652,0.902
85,15,1,0.1,8,1.2999,0.1444,-0.2543,0.1652,0.902
85,20,1,0.1,8,1.2999,0.1444,-0.2543,0.1652,0.902
90,20,1,0.1,8,1.2999,0.1444,-0.2543,0.1652,0.902
90,15,1,0.1,8,1.2999,0.1444,-0.2543,0.1652,0.902
95,25,1,0.1,8,1.2999,0.1444,-0.2543,0.1652,0.902
95,30,1,0.1,8,1.2999,0.1444,-0.2543,0.1652,0.902
90,25,1,0.1,8,1.2999,0.1444,-0.2543,0.1652,0.902
90,30,1,0.1,8,1.2999,0.1444,-0.2543,0.1652,0.902
80,20,5,0.1,54,1.2866,0.1433,-0.2543,0.1609,0.916
80,15,5,0.1,54,1.2866,0.1433,-0.2543,0.1609,0.916
90,30,1,0.05,9,1.2811,0.1429,-0.2543,0.1648,0.896
90,25,1,0.05,9,1.2811,0.1429,-0.2543,0.1648,0.896
90,15,1,0.05,9,1.2811,0.1429,-0.2543,0.1648,0.896
90,20,1,0.05,9,1.2811,0.1429,-0.2543,0.1648,0.896
95,30,1,0.05,9,1.2811,0.1429,-0.2543,0.1648,0.896
95,25,1,0.05,9,1.2811,0.1429,-0.2543,0.1648,0.896
95,15,1,0.05,9,1.2811,0.1429,-0.2543,0.1648,0.896
95,20,1,0.05,9,1.2811,0.1429,-0.2543,0.1648,0.896
85,20,1,0.05,9,1.2811,0.1429,-0.2543,0.1648,0.896
85,15,1,0.05,9,1.2811,0.1429,-0.2543,0.1648,0.896
85,25,1,0.05,9,1.2811,0.1429,-0.2543,0.1648,0.896
85,30,1,0.05,9,1.2811,0.1429,-0.2543,0.1648,0.896
99,20,1,0.05,9,1.2811,0.1429,-0.2543,0.1648,0.896
99,15,1,0.05,9,1.2811,0.1429,-0.2543,0.1648,0.896
99,25,1,0.05,9,1.2811,0.1429,-0.2543,0.1648,0.896
99,30,1,0.05,9,1.2811,0.1429,-0.2543,0.1648,0.896
99,30,5,0.1,12,1.2798,0.1428,-0.2543,0.1651,0.894
99,25,5,0.1,12,1.2798,0.1428,-0.2543,0.1651,0.894
99,15,5,0.1,12,1.2798,0.1428,-0.2543,0.1651,0.894
99,20,5,0.1,12,1.2798,0.1428,-0.2543,0.1651,0.894
85,30,5,0.1,12,1.2798,0.1428,-0.2543,0.1651,0.894
85,25,5,0.1,12,1.2798,0.1428,-0.2543,0.1651,0.894
85,15,5,0.1,12,1.2798,0.1428,-0.2543,0.1651,0.894
85,20,5,0.1,12,1.2798,0.1428,-0.2543,0.1651,0.894
95,20,5,0.1,12,1.2798,0.1428,-0.2543,0.1651,0.894
95,15,5,0.1,12,1.2798,0.1428,-0.2543,0.1651,0.894
95,25,5,0.1,12,1.2798,0.1428,-0.2543,0.1651,0.894
95,30,5,0.1,12,1.2798,0.1428,-0.2543,0.1651,0.894
90,20,5,0.1,12,1.2798,0.1428,-0.2543,0.1651,0.894
90,15,5,0.1,12,1.2798,0.1428,-0.2543,0.1651,0.894
90,25,5,0.1,12,1.2798,0.1428,-0.2543,0.1651,0.894
90,30,5,0.1,12,1.2798,0.1428,-0.2543,0.1651,0.894
75,25,1,0.2,64,1.2745,0.1424,-0.2543,0.1587,0.921
75,30,1,0.2,64,1.2745,0.1424,-0.2543,0.1587,0.921
75,25,1,0.15,74,1.2721,0.1422,-0.2543,0.1573,0.927
75,30,1,0.15,74,1.2712,0.1421,-0.2543,0.1573,0.927
90,30,5,0.05,12,1.2686,0.1419,-0.2543,0.1647,0.891
90,25,5,0.05,12,1.2686,0.1419,-0.2543,0.1647,0.891
90,15,5,0.05,12,1.2686,0.1419,-0.2543,0.1647,0.891
90,20,5,0.05,12,1.2686,0.1419,-0.2543,0.1647,0.891
85,20,5,0.05,12,1.2686,0.1419,-0.2543,0.1647,0.891
85,15,5,0.05,12,1.2686,0.1419,-0.2543,0.1647,0.891
85,25,5,0.05,12,1.2686,0.1419,-0.2543,0.1647,0.891
85,30,5,0.05,12,1.2686,0.1419,-0.2543,0.1647,0.891
95,30,5,0.05,12,1.2686,0.1419,-0.2543,0.1647,0.891
95,25,5,0.05,12,1.2686,0.1419,-0.2543,0.1647,0.891
95,15,5,0.05,12,1.2686,0.1419,-0.2543,0.1647,0.891
95,20,5,0.05,12,1.2686,0.1419,-0.2543,0.1647,0.891
99,20,5,0.05,12,1.2686,0.1419,-0.2543,0.1647,0.891
99,15,5,0.05,12,1.2686,0.1419,-0.2543,0.1647,0.891
99,25,5,0.05,12,1.2686,0.1419,-0.2543,0.1647,0.891
99,30,5,0.05,12,1.2686,0.1419,-0.2543,0.1647,0.891
75,15,1,0.2,66,1.2664,0.1417,-0.2543,0.1585,0.919
75,20,1,0.2,66,1.2664,0.1417,-0.2543,0.1585,0.919
75,30,5,0.2,68,1.2544,0.1407,-0.2543,0.1586,0.913
75,25,5,0.2,68,1.2544,0.1407,-0.2543,0.1586,0.913
75,25,5,0.15,78,1.2496,0.1403,-0.2543,0.1572,0.917
75,30,5,0.15,78,1.2487,0.1403,-0.2543,0.1572,0.917
75,20,5,0.2,70,1.2463,0.1401,-0.2543,0.1584,0.91
75,15,5,0.2,70,1.2463,0.1401,-0.2543,0.1584,0.91
75,15,1,0.15,78,1.241,0.1396,-0.2543,0.1566,0.916
75,20,1,0.15,78,1.241,0.1396,-0.2543,0.1566,0.916
75,30,1,0.1,85,1.2243,0.1382,-0.2543,0.1554,0.914
75,20,5,0.15,82,1.2188,0.1378,-0.2543,0.1565,0.906
75,15,5,0.15,82,1.2188,0.1378,-0.2543,0.1565,0.906
75,25,1,0.1,88,1.2088,0.137,-0.2543,0.1552,0.908
75,30,5,0.1,89,1.2048,0.1366,-0.2543,0.1552,0.906
75,25,5,0.1,92,1.1895,0.1353,-0.2543,0.155,0.9
80,20,1,0.05,78,1.1777,0.1343,-0.2543,0.1575,0.882
80,15,1,0.05,78,1.1777,0.1343,-0.2543,0.1575,0.882
75,30,1,0.05,91,1.1757,0.1342,-0.2543,0.1527,0.904
80,20,5,0.05,81,1.1657,0.1333,-0.2543,0.1574,0.877
80,15,5,0.05,81,1.1657,0.1333,-0.2543,0.1574,0.877
75,30,5,0.05,94,1.1637,0.1332,-0.2543,0.1526,0.899
75,15,1,0.1,102,1.1207,0.1295,-0.2517,0.1535,0.873
75,20,1,0.1,102,1.1207,0.1295,-0.2517,0.1535,0.873
75,20,5,0.1,106,1.1022,0.1279,-0.2517,0.1533,0.865
75,15,5,0.1,106,1.1022,0.1279,-0.2517,0.1533,0.865
75,25,1,0.05,111,1.0537,0.1236,-0.2543,0.1517,0.847
75,25,5,0.05,114,1.0424,0.1226,-0.2543,0.1516,0.842
75,20,1,0.05,145,0.923,0.1117,-0.2277,0.1465,0.799
75,20,5,0.05,148,0.9124,0.1107,-0.2277,0.1464,0.793
75,15,1,0.05,154,0.9094,0.1104,-0.2276,0.1445,0.8
75,15,5,0.05,157,0.8989,0.1095,-0.2276,0.1444,0.794
