ma,buffer,cap,crash,total_return,cagr,max_drawdown,annualized_vol,sharpe_like
60,0.0,0.0,28,2.3704,0.276,-0.2123,0.2317,1.259
60,0.0,0.0,29,2.384,0.277,-0.2123,0.2318,1.262
60,0.0,0.0,30,2.3987,0.2781,-0.2123,0.2319,1.266
60,0.0,0.0,31,2.1663,0.2601,-0.2123,0.2392,1.17
60,0.0,0.25,28,2.3283,0.2728,-0.2543,0.237,1.224
60,0.0,0.25,29,2.3417,0.2738,-0.2543,0.2371,1.228
60,0.0,0.25,30,2.3562,0.2749,-0.2543,0.2372,1.231
60,0.0,0.25,31,2.1366,0.2577,-0.2543,0.2444,1.142
60,0.0,0.5,28,2.1808,0.2612,-0.3071,0.2509,1.131
60,0.0,0.5,29,2.1935,0.2622,-0.3071,0.2509,1.134
60,0.0,0.5,30,2.2074,0.2633,-0.3071,0.251,1.137
60,0.0,0.5,31,2.0355,0.2495,-0.3071,0.2591,1.064
60,0.0,0.75,28,2.0442,0.2502,-0.3583,0.2736,1.023
60,0.0,0.75,29,2.0564,0.2512,-0.3583,0.2737,1.026
60,0.0,0.75,30,2.0697,0.2523,-0.3583,0.2738,1.029
60,0.0,0.75,31,1.9417,0.2416,-0.3583,0.2833,0.971
60,0.02,0.0,28,1.7906,0.2286,-0.2665,0.2465,1.031
60,0.02,0.0,29,1.8018,0.2295,-0.2665,0.2465,1.035
60,0.02,0.0,30,1.8139,0.2306,-0.2665,0.2466,1.038
60,0.02,0.0,31,1.841,0.233,-0.2665,0.2467,1.046
60,0.02,0.25,28,1.8024,0.2296,-0.2973,0.2508,1.022
60,0.02,0.25,29,1.8136,0.2306,-0.2973,0.2509,1.025
60,0.02,0.25,30,1.8258,0.2317,-0.2973,0.251,1.028
60,0.02,0.25,31,1.853,0.234,-0.2973,0.2511,1.036
60,0.02,0.5,28,1.7992,0.2293,-0.3343,0.2639,0.982
60,0.02,0.5,29,1.8104,0.2303,-0.3343,0.264,0.986
60,0.02,0.5,30,1.8226,0.2314,-0.3343,0.2641,0.989
60,0.02,0.5,31,1.8498,0.2337,-0.3343,0.2642,0.997
60,0.02,0.75,28,1.7902,0.2285,-0.3712,0.2857,0.925
60,0.02,0.75,29,1.8014,0.2295,-0.3712,0.2858,0.928
60,0.02,0.75,30,1.8136,0.2306,-0.3712,0.2859,0.931
60,0.02,0.75,31,1.8407,0.2329,-0.3712,0.2859,0.939
60,0.03,0.0,28,1.7654,0.2263,-0.2665,0.2485,1.017
60,0.03,0.0,29,1.7765,0.2273,-0.2665,0.2486,1.02
60,0.03,0.0,30,1.7885,0.2284,-0.2665,0.2487,1.024
60,0.03,0.0,31,1.8151,0.2307,-0.2665,0.2488,1.032
60,0.03,0.25,28,1.7775,0.2274,-0.2973,0.2528,1.008
60,0.03,0.25,29,1.7887,0.2284,-0.2973,0.2529,1.011
60,0.03,0.25,30,1.8008,0.2295,-0.2973,0.2529,1.015
60,0.03,0.25,31,1.8275,0.2318,-0.2973,0.253,1.023
60,0.03,0.5,28,1.7849,0.2281,-0.3343,0.2654,0.974
60,0.03,0.5,29,1.796,0.229,-0.3343,0.2655,0.977
60,0.03,0.5,30,1.8082,0.2301,-0.3343,0.2656,0.981
60,0.03,0.5,31,1.835,0.2325,-0.3343,0.2657,0.988
60,0.03,0.75,28,1.7881,0.2283,-0.3712,0.2866,0.923
60,0.03,0.75,29,1.7992,0.2293,-0.3712,0.2867,0.926
60,0.03,0.75,30,1.8114,0.2304,-0.3712,0.2867,0.929
60,0.03,0.75,31,1.8382,0.2327,-0.3712,0.2868,0.936
60,0.05,0.0,28,1.7527,0.2252,-0.2665,0.2515,1.004
60,0.05,0.0,29,1.7638,0.2262,-0.2665,0.2516,1.007
60,0.05,0.0,30,1.7758,0.2272,-0.2665,0.2517,1.011
60,0.05,0.0,31,1.8006,0.2294,-0.2665,0.2518,1.018
60,0.05,0.25,28,1.8026,0.2296,-0.2973,0.2557,1.007
60,0.05,0.25,29,1.8138,0.2306,-0.2973,0.2557,1.01
60,0.05,0.25,30,1.826,0.2317,-0.2973,0.2558,1.014
60,0.05,0.25,31,1.8513,0.2339,-0.2973,0.2559,1.021
60,0.05,0.5,28,1.8496,0.2337,-0.3343,0.2683,0.985
60,0.05,0.5,29,1.8611,0.2347,-0.3343,0.2684,0.988
60,0.05,0.5,30,1.8735,0.2358,-0.3343,0.2685,0.992
60,0.05,0.5,31,1.8992,0.238,-0.3343,0.2686,0.999
60,0.05,0.75,28,1.8938,0.2375,-0.3712,0.2894,0.945
60,0.05,0.75,29,1.9054,0.2385,-0.3712,0.2895,0.947
60,0.05,0.75,30,1.918,0.2396,-0.3712,0.2896,0.951
60,0.05,0.75,31,1.9441,0.2418,-0.3712,0.2897,0.957
80,0.0,0.0,28,1.629,0.2139,-0.2937,0.2465,0.979
80,0.0,0.0,29,1.6395,0.2149,-0.2937,0.2466,0.982
80,0.0,0.0,30,1.651,0.216,-0.2937,0.2467,0.985
80,0.0,0.0,31,1.6765,0.2183,-0.2937,0.2468,0.994
80,0.0,0.25,28,1.6908,0.2196,-0.3151,0.2509,0.986
80,0.0,0.25,29,1.7016,0.2206,-0.3151,0.251,0.989
80,0.0,0.25,30,1.7133,0.2217,-0.3151,0.2511,0.993
80,0.0,0.25,31,1.7395,0.224,-0.3151,0.2512,1.001
80,0.0,0.5,28,1.7214,0.2224,-0.3458,0.2641,0.959
80,0.0,0.5,29,1.7323,0.2234,-0.3458,0.2641,0.962
80,0.0,0.5,30,1.7442,0.2244,-0.3458,0.2642,0.965
80,0.0,0.5,31,1.7706,0.2268,-0.3458,0.2643,0.973
80,0.0,0.75,28,1.7563,0.2255,-0.3768,0.2858,0.916
80,0.0,0.75,29,1.7673,0.2265,-0.3768,0.2859,0.919
80,0.0,0.75,30,1.7793,0.2276,-0.3768,0.286,0.922
80,0.0,0.75,31,1.8061,0.2299,-0.3768,0.286,0.929
80,0.02,0.0,28,1.6958,0.2201,-0.2983,0.2515,0.986
80,0.02,0.0,29,1.7066,0.221,-0.2983,0.2516,0.989
80,0.02,0.0,30,1.7183,0.2221,-0.2983,0.2517,0.993
80,0.02,0.0,31,1.7442,0.2244,-0.2983,0.2517,1.001
80,0.02,0.25,28,1.7283,0.223,-0.3185,0.2555,0.985
80,0.02,0.25,29,1.7392,0.224,-0.3185,0.2556,0.988
80,0.02,0.25,30,1.7511,0.2251,-0.3185,0.2557,0.991
80,0.02,0.25,31,1.7774,0.2274,-0.3185,0.2558,0.999
80,0.02,0.5,28,1.7543,0.2253,-0.348,0.2676,0.96
80,0.02,0.5,29,1.7653,0.2263,-0.348,0.2676,0.963
80,0.02,0.5,30,1.7773,0.2274,-0.348,0.2677,0.966
80,0.02,0.5,31,1.8038,0.2297,-0.348,0.2678,0.973
80,0.02,0.75,28,1.774,0.2271,-0.3779,0.2878,0.916
80,0.02,0.75,29,1.7851,0.2281,-0.3779,0.2878,0.919
80,0.02,0.75,30,1.7972,0.2291,-0.3779,0.2879,0.922
80,0.02,0.75,31,1.8239,0.2315,-0.3779,0.288,0.929
80,0.03,0.0,28,2.0301,0.249,-0.2983,0.2538,1.08
80,0.03,0.0,29,2.0423,0.25,-0.2983,0.2539,1.083
80,0.03,0.0,30,2.0555,0.2511,-0.2983,0.254,1.086
80,0.03,0.0,31,2.0828,0.2533,-0.2983,0.2541,1.094
80,0.03,0.25,28,2.0157,0.2478,-0.2987,0.2578,1.063
80,0.03,0.25,29,2.0278,0.2488,-0.2987,0.2579,1.066
80,0.03,0.25,30,2.041,0.2499,-0.2987,0.2579,1.069
80,0.03,0.25,31,2.0682,0.2522,-0.2987,0.258,1.077
80,0.03,0.5,28,1.9952,0.2461,-0.3355,0.2699,1.021
80,0.03,0.5,29,2.0072,0.2471,-0.3355,0.27,1.024
80,0.03,0.5,30,2.0203,0.2482,-0.3355,0.2701,1.028
80,0.03,0.5,31,2.0473,0.2504,-0.3355,0.2702,1.034
80,0.03,0.75,28,1.9683,0.2439,-0.3719,0.2903,0.962
80,0.03,0.75,29,1.9802,0.2449,-0.3719,0.2904,0.965
80,0.03,0.75,30,1.9932,0.2459,-0.3719,0.2904,0.968
80,0.03,0.75,31,2.02,0.2482,-0.3719,0.2905,0.974
80,0.05,0.0,28,2.0835,0.2534,-0.2983,0.2544,1.093
80,0.05,0.0,29,2.0958,0.2544,-0.2983,0.2545,1.096
80,0.05,0.0,30,2.1093,0.2555,-0.2983,0.2546,1.099
80,0.05,0.0,31,2.1371,0.2577,-0.2983,0.2547,1.106
80,0.05,0.25,28,2.0526,0.2509,-0.2987,0.2584,1.071
80,0.05,0.25,29,2.0649,0.2519,-0.2987,0.2585,1.074
80,0.05,0.25,30,2.0782,0.253,-0.2987,0.2586,1.078
80,0.05,0.25,31,2.1057,0.2552,-0.2987,0.2586,1.085
80,0.05,0.5,28,2.0176,0.248,-0.3355,0.2704,1.026
80,0.05,0.5,29,2.0297,0.249,-0.3355,0.2705,1.029
80,0.05,0.5,30,2.0428,0.2501,-0.3355,0.2706,1.032
80,0.05,0.5,31,2.0701,0.2523,-0.3355,0.2707,1.039
80,0.05,0.75,28,1.9783,0.2447,-0.3719,0.2906,0.964
80,0.05,0.75,29,1.9903,0.2457,-0.3719,0.2907,0.966
80,0.05,0.75,30,2.0033,0.2468,-0.3719,0.2908,0.969
80,0.05,0.75,31,2.0302,0.249,-0.3719,0.2908,0.976
100,0.0,0.0,28,1.6256,0.2136,-0.312,0.2569,0.948
100,0.0,0.0,29,1.6362,0.2146,-0.312,0.257,0.951
100,0.0,0.0,30,1.6476,0.2157,-0.312,0.257,0.955
100,0.0,0.0,31,1.6731,0.218,-0.312,0.2571,0.963
100,0.0,0.25,28,1.6772,0.2184,-0.3113,0.2605,0.955
100,0.0,0.25,29,1.688,0.2194,-0.3113,0.2606,0.958
100,0.0,0.25,30,1.6997,0.2204,-0.3113,0.2607,0.962
100,0.0,0.25,31,1.7257,0.2228,-0.3113,0.2607,0.969
100,0.0,0.5,28,1.7126,0.2216,-0.3415,0.2715,0.937
100,0.0,0.5,29,1.7235,0.2226,-0.3415,0.2716,0.94
100,0.0,0.5,30,1.7354,0.2236,-0.3415,0.2716,0.944
100,0.0,0.5,31,1.7617,0.226,-0.3415,0.2717,0.951
100,0.0,0.75,28,1.7416,0.2242,-0.3748,0.2899,0.903
100,0.0,0.75,29,1.7526,0.2252,-0.3748,0.29,0.906
100,0.0,0.75,30,1.7645,0.2263,-0.3748,0.2901,0.909
100,0.0,0.75,31,1.7912,0.2286,-0.3748,0.2902,0.916
100,0.02,0.0,28,1.2586,0.1775,-0.4277,0.2669,0.8
100,0.02,0.0,29,1.2677,0.1785,-0.4277,0.267,0.803
100,0.02,0.0,30,1.2775,0.1795,-0.4277,0.2671,0.806
100,0.02,0.0,31,1.2992,0.1817,-0.4277,0.2671,0.814
100,0.02,0.25,28,1.3989,0.1919,-0.3999,0.2702,0.842
100,0.02,0.25,29,1.4086,0.1928,-0.3999,0.2703,0.845
100,0.02,0.25,30,1.419,0.1938,-0.3999,0.2704,0.848
100,0.02,0.25,31,1.4421,0.1961,-0.3999,0.2705,0.856
100,0.02,0.5,28,1.5263,0.2043,-0.4025,0.2798,0.863
100,0.02,0.5,29,1.5365,0.2053,-0.4025,0.2799,0.866
100,0.02,0.5,30,1.5475,0.2063,-0.4025,0.28,0.869
100,0.02,0.5,31,1.5718,0.2086,-0.4025,0.28,0.876
100,0.02,0.75,28,1.6535,0.2162,-0.4053,0.2952,0.868
100,0.02,0.75,29,1.6641,0.2172,-0.4053,0.2953,0.871
100,0.02,0.75,30,1.6757,0.2182,-0.4053,0.2954,0.874
100,0.02,0.75,31,1.7012,0.2206,-0.4053,0.2954,0.881
100,0.03,0.0,28,1.3231,0.1842,-0.4268,0.2681,0.82
100,0.03,0.0,29,1.3324,0.1852,-0.4268,0.2682,0.823
100,0.03,0.0,30,1.3426,0.1862,-0.4268,0.2683,0.827
100,0.03,0.0,31,1.3635,0.1883,-0.4268,0.2684,0.834
100,0.03,0.25,28,1.4731,0.1992,-0.3992,0.2715,0.864
100,0.03,0.25,29,1.483,0.2001,-0.3992,0.2716,0.867
100,0.03,0.25,30,1.4938,0.2012,-0.3992,0.2716,0.87
100,0.03,0.25,31,1.5161,0.2033,-0.3992,0.2717,0.877
100,0.03,0.5,28,1.6255,0.2136,-0.402,0.2814,0.889
100,0.03,0.5,29,1.636,0.2146,-0.402,0.2814,0.892
100,0.03,0.5,30,1.6475,0.2157,-0.402,0.2815,0.895
100,0.03,0.5,31,1.6712,0.2178,-0.402,0.2816,0.902
100,0.03,0.75,28,1.7797,0.2276,-0.4051,0.2973,0.898
100,0.03,0.75,29,1.7908,0.2286,-0.4051,0.2974,0.901
100,0.03,0.75,30,1.8029,0.2296,-0.4051,0.2975,0.904
100,0.03,0.75,31,1.828,0.2318,-0.4051,0.2975,0.91
100,0.05,0.0,28,1.5231,0.204,-0.4268,0.2693,0.885
100,0.05,0.0,29,1.5332,0.2049,-0.4268,0.2694,0.888
100,0.05,0.0,30,1.5442,0.206,-0.4268,0.2695,0.891
100,0.05,0.0,31,1.567,0.2082,-0.4268,0.2696,0.898
100,0.05,0.25,28,1.6299,0.214,-0.3992,0.2726,0.911
100,0.05,0.25,29,1.6405,0.215,-0.3992,0.2726,0.914
100,0.05,0.25,30,1.6519,0.2161,-0.3992,0.2727,0.917
100,0.05,0.25,31,1.6757,0.2182,-0.3992,0.2728,0.924
100,0.05,0.5,28,1.7345,0.2236,-0.402,0.2822,0.919
100,0.05,0.5,29,1.7455,0.2246,-0.402,0.2823,0.922
100,0.05,0.5,30,1.7574,0.2256,-0.402,0.2824,0.925
100,0.05,0.5,31,1.7821,0.2278,-0.402,0.2824,0.932
100,0.05,0.75,28,1.8364,0.2326,-0.4051,0.2978,0.912
100,0.05,0.75,29,1.8478,0.2336,-0.4051,0.2978,0.915
100,0.05,0.75,30,1.8601,0.2346,-0.4051,0.2979,0.918
100,0.05,0.75,31,1.8858,0.2369,-0.4051,0.298,0.924
125,0.0,0.0,28,0.95,0.1433,-0.4776,0.2668,0.68
125,0.0,0.0,29,0.9578,0.1443,-0.4776,0.2669,0.683
125,0.0,0.0,30,0.9663,0.1453,-0.4776,0.267,0.687
125,0.0,0.0,31,0.9851,0.1474,-0.4776,0.2671,0.694
125,0.0,0.25,28,1.1528,0.1663,-0.4354,0.2701,0.755
125,0.0,0.25,29,1.1614,0.1672,-0.4354,0.2702,0.758
125,0.0,0.25,30,1.1708,0.1682,-0.4354,0.2703,0.761
125,0.0,0.25,31,1.1915,0.1704,-0.4354,0.2704,0.769
125,0.0,0.5,28,1.3514,0.1871,-0.402,0.2796,0.807
125,0.0,0.5,29,1.3608,0.188,-0.402,0.2797,0.81
125,0.0,0.5,30,1.3711,0.1891,-0.402,0.2798,0.813
125,0.0,0.5,31,1.3937,0.1913,-0.402,0.2798,0.821
125,0.0,0.75,28,1.5591,0.2074,-0.4051,0.295,0.842
125,0.0,0.75,29,1.5694,0.2084,-0.4051,0.2951,0.844
125,0.0,0.75,30,1.5805,0.2094,-0.4051,0.2952,0.847
125,0.0,0.75,31,1.6052,0.2117,-0.4051,0.2953,0.854
125,0.02,0.0,28,0.9409,0.1423,-0.4776,0.2702,0.671
125,0.02,0.0,29,0.9487,0.1432,-0.4776,0.2703,0.674
125,0.02,0.0,30,0.9572,0.1442,-0.4776,0.2704,0.678
125,0.02,0.0,31,0.9747,0.1462,-0.4776,0.2705,0.685
125,0.02,0.25,28,1.1642,0.1675,-0.4354,0.2733,0.753
125,0.02,0.25,29,1.1728,0.1684,-0.4354,0.2734,0.756
125,0.02,0.25,30,1.1823,0.1694,-0.4354,0.2735,0.76
125,0.02,0.25,31,1.2018,0.1715,-0.4354,0.2736,0.767
125,0.02,0.5,28,1.4041,0.1924,-0.402,0.2827,0.818
125,0.02,0.5,29,1.4138,0.1933,-0.402,0.2828,0.821
125,0.02,0.5,30,1.4242,0.1944,-0.402,0.2829,0.824
125,0.02,0.5,31,1.446,0.1965,-0.402,0.283,0.831
125,0.02,0.75,28,1.661,0.2169,-0.4051,0.298,0.865
125,0.02,0.75,29,1.6717,0.2179,-0.4051,0.2981,0.868
125,0.02,0.75,30,1.6833,0.2189,-0.4051,0.2982,0.871
125,0.02,0.75,31,1.7073,0.2211,-0.4051,0.2982,0.877
125,0.03,0.0,28,0.8993,0.1373,-0.4689,0.2715,0.652
125,0.03,0.0,29,0.9069,0.1382,-0.4689,0.2715,0.655
125,0.03,0.0,30,0.9152,0.1392,-0.4689,0.2716,0.658
125,0.03,0.0,31,0.9324,0.1413,-0.4689,0.2717,0.666
125,0.03,0.25,28,1.1291,0.1637,-0.4285,0.2745,0.738
125,0.03,0.25,29,1.1376,0.1646,-0.4285,0.2746,0.741
125,0.03,0.25,30,1.1469,0.1656,-0.4285,0.2747,0.745
125,0.03,0.25,31,1.1661,0.1677,-0.4285,0.2748,0.752
125,0.03,0.5,28,1.3779,0.1897,-0.402,0.2837,0.808
125,0.03,0.5,29,1.3874,0.1907,-0.402,0.2838,0.811
125,0.03,0.5,30,1.3978,0.1917,-0.402,0.2839,0.814
125,0.03,0.5,31,1.4193,0.1939,-0.402,0.2839,0.821
125,0.03,0.75,28,1.6463,0.2155,-0.4051,0.2986,0.86
125,0.03,0.75,29,1.657,0.2165,-0.4051,0.2986,0.862
125,0.03,0.75,30,1.6685,0.2176,-0.4051,0.2987,0.865
125,0.03,0.75,31,1.6924,0.2198,-0.4051,0.2988,0.872
125,0.05,0.0,28,1.1365,0.1645,-0.4463,0.2759,0.739
125,0.05,0.0,29,1.145,0.1654,-0.4463,0.2759,0.742
125,0.05,0.0,30,1.1544,0.1664,-0.4463,0.276,0.745
125,0.05,0.0,31,1.1737,0.1685,-0.4463,0.2761,0.752
125,0.05,0.25,28,1.3229,0.1842,-0.4142,0.2786,0.8
125,0.05,0.25,29,1.3322,0.1851,-0.4142,0.2787,0.803
125,0.05,0.25,30,1.3423,0.1862,-0.4142,0.2788,0.806
125,0.05,0.25,31,1.3633,0.1883,-0.4142,0.2789,0.813
125,0.05,0.5,28,1.5182,0.2035,-0.402,0.2869,0.846
125,0.05,0.5,29,1.5283,0.2045,-0.402,0.287,0.849
125,0.05,0.5,30,1.5393,0.2055,-0.402,0.287,0.852
125,0.05,0.5,31,1.562,0.2077,-0.402,0.2871,0.859
125,0.05,0.75,28,1.7223,0.2225,-0.4051,0.3004,0.877
125,0.05,0.75,29,1.7332,0.2235,-0.4051,0.3004,0.88
125,0.05,0.75,30,1.7451,0.2245,-0.4051,0.3005,0.883
125,0.05,0.75,31,1.7697,0.2267,-0.4051,0.3006,0.889
150,0.0,0.0,28,1.3357,0.1855,-0.4141,0.2726,0.816
150,0.0,0.0,29,1.3451,0.1864,-0.4141,0.2727,0.819
150,0.0,0.0,30,1.3553,0.1875,-0.4141,0.2728,0.822
150,0.0,0.0,31,1.4218,0.1941,-0.4141,0.2736,0.842
150,0.0,0.25,28,1.4672,0.1986,-0.4081,0.2756,0.853
150,0.0,0.25,29,1.4771,0.1995,-0.4081,0.2756,0.856
150,0.0,0.25,30,1.4878,0.2006,-0.4081,0.2757,0.859
150,0.0,0.25,31,1.5623,0.2077,-0.4081,0.2766,0.881
150,0.0,0.5,28,1.5701,0.2084,-0.4081,0.2839,0.867
150,0.0,0.5,29,1.5804,0.2094,-0.4081,0.284,0.87
150,0.0,0.5,30,1.5916,0.2105,-0.4081,0.2841,0.873
150,0.0,0.5,31,1.7093,0.2213,-0.4081,0.2853,0.905
150,0.0,0.75,28,1.673,0.218,-0.4081,0.2975,0.869
150,0.0,0.75,29,1.6837,0.219,-0.4081,0.2976,0.872
150,0.0,0.75,30,1.6954,0.22,-0.4081,0.2977,0.875
150,0.0,0.75,31,1.8597,0.2346,-0.4081,0.2993,0.915
150,0.02,0.0,28,1.0873,0.1591,-0.4141,0.2764,0.72
150,0.02,0.0,29,1.0957,0.16,-0.4141,0.2764,0.723
150,0.02,0.0,30,1.1048,0.161,-0.4141,0.2765,0.726
150,0.02,0.0,31,1.1237,0.1631,-0.4141,0.2766,0.733
150,0.02,0.25,28,1.2803,0.1798,-0.4081,0.2791,0.784
150,0.02,0.25,29,1.2894,0.1807,-0.4081,0.2792,0.787
150,0.02,0.25,30,1.2994,0.1818,-0.4081,0.2793,0.791
150,0.02,0.25,31,1.32,0.1839,-0.4081,0.2794,0.797
150,0.02,0.5,28,1.4856,0.2004,-0.4081,0.2874,0.835
150,0.02,0.5,29,1.4956,0.2013,-0.4081,0.2875,0.838
150,0.02,0.5,30,1.5064,0.2024,-0.4081,0.2876,0.841
150,0.02,0.5,31,1.5289,0.2045,-0.4081,0.2876,0.848
150,0.02,0.75,28,1.7037,0.2208,-0.4081,0.3007,0.871
150,0.02,0.75,29,1.7145,0.2218,-0.4081,0.3008,0.874
150,0.02,0.75,30,1.7263,0.2228,-0.4081,0.3009,0.877
150,0.02,0.75,31,1.7507,0.225,-0.4081,0.3009,0.883
150,0.03,0.0,28,1.1367,0.1645,-0.4141,0.2771,0.737
150,0.03,0.0,29,1.1453,0.1654,-0.4141,0.2771,0.74
150,0.03,0.0,30,1.1546,0.1664,-0.4141,0.2772,0.743
150,0.03,0.0,31,1.1739,0.1685,-0.4141,0.2773,0.75
150,0.03,0.25,28,1.3206,0.1839,-0.4081,0.2798,0.797
150,0.03,0.25,29,1.3299,0.1849,-0.4081,0.2799,0.8
150,0.03,0.25,30,1.34,0.1859,-0.4081,0.28,0.803
150,0.03,0.25,31,1.361,0.188,-0.4081,0.28,0.81
150,0.03,0.5,28,1.5148,0.2032,-0.4081,0.2879,0.843
150,0.03,0.5,29,1.5249,0.2042,-0.4081,0.288,0.846
150,0.03,0.5,30,1.5359,0.2052,-0.4081,0.2881,0.849
150,0.03,0.5,31,1.5586,0.2074,-0.4081,0.2881,0.855
150,0.03,0.75,28,1.7195,0.2222,-0.4081,0.301,0.875
150,0.03,0.75,29,1.7304,0.2232,-0.4081,0.3011,0.878
150,0.03,0.75,30,1.7423,0.2243,-0.4081,0.3012,0.881
150,0.03,0.75,31,1.7668,0.2265,-0.4081,0.3012,0.887
150,0.05,0.0,28,1.0387,0.1536,-0.4141,0.278,0.699
150,0.05,0.0,29,1.0469,0.1545,-0.4141,0.2781,0.702
150,0.05,0.0,30,1.0558,0.1555,-0.4141,0.2782,0.705
150,0.05,0.0,31,1.0742,0.1576,-0.4141,0.2783,0.712
150,0.05,0.25,28,1.2416,0.1758,-0.4081,0.2807,0.768
150,0.05,0.25,29,1.2506,0.1767,-0.4081,0.2808,0.771
150,0.05,0.25,30,1.2604,0.1777,-0.4081,0.2809,0.774
150,0.05,0.25,31,1.2806,0.1798,-0.4081,0.2809,0.781
150,0.05,0.5,28,1.4584,0.1977,-0.4081,0.2886,0.824
150,0.05,0.5,29,1.4682,0.1987,-0.4081,0.2887,0.827
150,0.05,0.5,30,1.479,0.1997,-0.4081,0.2888,0.83
150,0.05,0.5,31,1.5012,0.2019,-0.4081,0.2889,0.837
150,0.05,0.75,28,1.6893,0.2195,-0.4081,0.3014,0.866
150,0.05,0.75,29,1.7001,0.2205,-0.4081,0.3015,0.869
150,0.05,0.75,30,1.7118,0.2215,-0.4081,0.3016,0.872
150,0.05,0.75,31,1.7361,0.2237,-0.4081,0.3016,0.878
175,0.0,0.0,28,1.0792,0.1581,-0.4141,0.276,0.717
175,0.0,0.0,29,1.0876,0.1591,-0.4141,0.2761,0.72
175,0.0,0.0,30,1.0966,0.1601,-0.4141,0.2762,0.723
175,0.0,0.0,31,1.1154,0.1622,-0.4141,0.2763,0.73
175,0.0,0.25,28,1.2712,0.1788,-0.4081,0.2789,0.782
175,0.0,0.25,29,1.2803,0.1798,-0.4081,0.2789,0.785
175,0.0,0.25,30,1.2902,0.1808,-0.4081,0.279,0.788
175,0.0,0.25,31,1.3107,0.1829,-0.4081,0.2791,0.795
175,0.0,0.5,28,1.4764,0.1995,-0.4081,0.2872,0.832
175,0.0,0.5,29,1.4863,0.2004,-0.4081,0.2873,0.835
175,0.0,0.5,30,1.4971,0.2015,-0.4081,0.2874,0.838
175,0.0,0.5,31,1.5195,0.2036,-0.4081,0.2875,0.845
175,0.0,0.75,28,1.6959,0.2201,-0.4081,0.3007,0.869
175,0.0,0.75,29,1.7067,0.2211,-0.4081,0.3008,0.872
175,0.0,0.75,30,1.7184,0.2221,-0.4081,0.3008,0.875
175,0.0,0.75,31,1.7428,0.2243,-0.4081,0.3009,0.881
175,0.02,0.0,28,1.6163,0.2128,-0.4081,0.2983,0.85
175,0.02,0.0,29,1.6268,0.2137,-0.4081,0.2984,0.853
175,0.02,0.0,30,1.6382,0.2148,-0.4081,0.2985,0.856
175,0.02,0.0,31,1.6619,0.217,-0.4081,0.2985,0.862
175,0.02,0.25,28,1.6973,0.2202,-0.4081,0.2996,0.87
175,0.02,0.25,29,1.7081,0.2212,-0.4081,0.2996,0.873
175,0.02,0.25,30,1.7199,0.2223,-0.4081,0.2997,0.876
175,0.02,0.25,31,1.7443,0.2244,-0.4081,0.2998,0.882
175,0.02,0.5,28,1.7775,0.2274,-0.4081,0.3034,0.884
175,0.02,0.5,29,1.7887,0.2284,-0.4081,0.3034,0.887
175,0.02,0.5,30,1.8008,0.2295,-0.4081,0.3035,0.89
175,0.02,0.5,31,1.8259,0.2317,-0.4081,0.3036,0.896
175,0.02,0.75,28,1.8568,0.2343,-0.4081,0.3097,0.892
175,0.02,0.75,29,1.8682,0.2353,-0.4081,0.3098,0.895
175,0.02,0.75,30,1.8807,0.2364,-0.4081,0.3099,0.897
175,0.02,0.75,31,1.9065,0.2386,-0.4081,0.3099,0.904
175,0.03,0.0,28,1.2574,0.1774,-0.4081,0.3028,0.736
175,0.03,0.0,29,1.2665,0.1784,-0.4081,0.3028,0.739
175,0.03,0.0,30,1.2763,0.1794,-0.4081,0.3029,0.742
175,0.03,0.0,31,1.2967,0.1815,-0.4081,0.303,0.748
175,0.03,0.25,28,1.414,0.1934,-0.4081,0.3037,0.783
175,0.03,0.25,29,1.4237,0.1943,-0.4081,0.3038,0.785
175,0.03,0.25,30,1.4343,0.1954,-0.4081,0.3039,0.788
175,0.03,0.25,31,1.4561,0.1975,-0.4081,0.3039,0.795
175,0.03,0.5,28,1.5789,0.2093,-0.4081,0.3067,0.825
175,0.03,0.5,29,1.5893,0.2102,-0.4081,0.3067,0.828
175,0.03,0.5,30,1.6005,0.2113,-0.4081,0.3068,0.831
175,0.03,0.5,31,1.6238,0.2135,-0.4081,0.3069,0.837
175,0.03,0.75,28,1.7524,0.2252,-0.4081,0.3116,0.862
175,0.03,0.75,29,1.7635,0.2262,-0.4081,0.3117,0.865
175,0.03,0.75,30,1.7755,0.2272,-0.4081,0.3118,0.868
175,0.03,0.75,31,1.8003,0.2294,-0.4081,0.3118,0.874
175,0.05,0.0,28,1.2371,0.1753,-0.4081,0.3034,0.728
175,0.05,0.0,29,1.2461,0.1762,-0.4081,0.3035,0.731
175,0.05,0.0,30,1.2558,0.1772,-0.4081,0.3036,0.734
175,0.05,0.0,31,1.276,0.1793,-0.4081,0.3036,0.741
175,0.05,0.25,28,1.3983,0.1918,-0.4081,0.3044,0.777
175,0.05,0.25,29,1.4079,0.1927,-0.4081,0.3044,0.78
175,0.05,0.25,30,1.4183,0.1938,-0.4081,0.3045,0.783
175,0.05,0.25,31,1.44,0.1959,-0.4081,0.3046,0.789
175,0.05,0.5,28,1.568,0.2083,-0.4081,0.3072,0.821
175,0.05,0.5,29,1.5784,0.2092,-0.4081,0.3073,0.824
175,0.05,0.5,30,1.5896,0.2103,-0.4081,0.3073,0.827
175,0.05,0.5,31,1.6127,0.2124,-0.4081,0.3074,0.833
175,0.05,0.75,28,1.7468,0.2247,-0.4081,0.312,0.86
175,0.05,0.75,29,1.7578,0.2257,-0.4081,0.312,0.863
175,0.05,0.75,30,1.7698,0.2267,-0.4081,0.3121,0.866
175,0.05,0.75,31,1.7946,0.2289,-0.4081,0.3122,0.872
200,0.0,0.0,28,1.367,0.1887,-0.4081,0.3013,0.772
200,0.0,0.0,29,1.3765,0.1896,-0.4081,0.3014,0.775
200,0.0,0.0,30,1.3869,0.1906,-0.4081,0.3015,0.778
200,0.0,0.0,31,1.4083,0.1928,-0.4081,0.3015,0.784
200,0.0,0.25,28,1.4989,0.2017,-0.4081,0.3023,0.81
200,0.0,0.25,29,1.5089,0.2026,-0.4081,0.3024,0.813
200,0.0,0.25,30,1.5198,0.2037,-0.4081,0.3025,0.816
200,0.0,0.25,31,1.5424,0.2058,-0.4081,0.3026,0.822
200,0.0,0.5,28,1.6364,0.2146,-0.4081,0.3055,0.843
200,0.0,0.5,29,1.647,0.2156,-0.4081,0.3056,0.845
200,0.0,0.5,30,1.6585,0.2167,-0.4081,0.3057,0.848
200,0.0,0.5,31,1.6823,0.2188,-0.4081,0.3058,0.855
200,0.0,0.75,28,1.7907,0.2286,-0.4081,0.3109,0.873
200,0.0,0.75,29,1.8019,0.2296,-0.4081,0.311,0.876
200,0.0,0.75,30,1.8141,0.2306,-0.4081,0.3111,0.879
200,0.0,0.75,31,1.8393,0.2328,-0.4081,0.3111,0.885
200,0.02,0.0,28,1.454,0.1973,-0.4081,0.3025,0.796
200,0.02,0.0,29,1.4638,0.1983,-0.4081,0.3026,0.799
200,0.02,0.0,30,1.4745,0.1993,-0.4081,0.3027,0.802
200,0.02,0.0,31,1.4967,0.2014,-0.4081,0.3027,0.808
200,0.02,0.25,28,1.5677,0.2082,-0.4081,0.3035,0.827
200,0.02,0.25,29,1.578,0.2092,-0.4081,0.3035,0.83
200,0.02,0.25,30,1.5892,0.2102,-0.4081,0.3036,0.833
200,0.02,0.25,31,1.6124,0.2124,-0.4081,0.3037,0.839
200,0.02,0.5,28,1.6857,0.2192,-0.4081,0.3064,0.854
200,0.02,0.5,29,1.6965,0.2201,-0.4081,0.3065,0.857
200,0.02,0.5,30,1.7082,0.2212,-0.4081,0.3066,0.86
200,0.02,0.5,31,1.7324,0.2234,-0.4081,0.3066,0.866
200,0.02,0.75,28,1.808,0.2301,-0.4081,0.3115,0.877
200,0.02,0.75,29,1.8193,0.2311,-0.4081,0.3115,0.879
200,0.02,0.75,30,1.8315,0.2322,-0.4081,0.3116,0.882
200,0.02,0.75,31,1.8569,0.2344,-0.4081,0.3117,0.888
200,0.03,0.0,28,1.3433,0.1863,-0.4081,0.3028,0.763
200,0.03,0.0,29,1.3527,0.1872,-0.4081,0.3029,0.765
200,0.03,0.0,30,1.3629,0.1882,-0.4081,0.303,0.768
200,0.03,0.0,31,1.3841,0.1904,-0.4081,0.303,0.775
200,0.03,0.25,28,1.4812,0.1999,-0.4081,0.3038,0.802
200,0.03,0.25,29,1.4912,0.2009,-0.4081,0.3038,0.805
200,0.03,0.25,30,1.502,0.202,-0.4081,0.3039,0.808
200,0.03,0.25,31,1.5244,0.2041,-0.4081,0.304,0.814
200,0.03,0.5,28,1.6256,0.2136,-0.4081,0.3067,0.838
200,0.03,0.5,29,1.6362,0.2146,-0.4081,0.3068,0.84
200,0.03,0.5,30,1.6476,0.2157,-0.4081,0.3068,0.843
200,0.03,0.5,31,1.6713,0.2178,-0.4081,0.3069,0.85
200,0.03,0.75,28,1.7767,0.2273,-0.4081,0.3116,0.869
200,0.03,0.75,29,1.7879,0.2283,-0.4081,0.3117,0.871
200,0.03,0.75,30,1.8,0.2294,-0.4081,0.3118,0.874
200,0.03,0.75,31,1.8251,0.2316,-0.4081,0.3118,0.88
200,0.05,0.0,28,1.2728,0.179,-0.4081,0.3048,0.738
200,0.05,0.0,29,1.2819,0.18,-0.4081,0.3049,0.741
200,0.05,0.0,30,1.2918,0.181,-0.4081,0.305,0.744
200,0.05,0.0,31,1.3123,0.1831,-0.4081,0.305,0.75
200,0.05,0.25,28,1.4264,0.1946,-0.4081,0.3056,0.783
200,0.05,0.25,29,1.4362,0.1955,-0.4081,0.3057,0.786
200,0.05,0.25,30,1.4467,0.1966,-0.4081,0.3058,0.789
200,0.05,0.25,31,1.4687,0.1987,-0.4081,0.3058,0.795
200,0.05,0.5,28,1.5878,0.2101,-0.4081,0.3082,0.825
200,0.05,0.5,29,1.5982,0.2111,-0.4081,0.3083,0.828
200,0.05,0.5,30,1.6095,0.2121,-0.4081,0.3083,0.831
200,0.05,0.5,31,1.6328,0.2143,-0.4081,0.3084,0.837
200,0.05,0.75,28,1.7572,0.2256,-0.4081,0.3125,0.862
200,0.05,0.75,29,1.7682,0.2266,-0.4081,0.3126,0.865
200,0.05,0.75,30,1.7803,0.2276,-0.4081,0.3126,0.868
200,0.05,0.75,31,1.8052,0.2298,-0.4081,0.3127,0.874
