base,resell_level,crash_level,crash_frac,total_return,cagr,max_drawdown,annualized_vol,sharpe_like
A,55,10,0.25,0.3176,0.0568,-0.1228,0.0939,0.637
A,55,10,0.5,0.3809,0.0668,-0.1324,0.1065,0.662
A,55,10,0.75,0.3931,0.0686,-0.1355,0.1118,0.652
A,55,10,1.0,0.37,0.0651,-0.1357,0.114,0.612
A,55,15,0.25,0.2634,0.0479,-0.1698,0.1137,0.47
A,55,15,0.5,0.2217,0.0409,-0.1974,0.1263,0.382
A,55,15,0.75,0.2003,0.0372,-0.206,0.1313,0.345
A,55,15,1.0,0.1996,0.0371,-0.2098,0.1346,0.339
A,55,20,0.25,0.3147,0.0563,-0.2034,0.1345,0.476
A,55,20,0.5,0.28,0.0507,-0.2245,0.1473,0.41
A,55,20,0.75,0.2812,0.0509,-0.2368,0.1536,0.401
A,55,20,1.0,0.3173,0.0567,-0.2387,0.1566,0.432
A,55,25,0.25,0.3767,0.0661,-0.2164,0.1478,0.509
A,55,25,0.5,0.4048,0.0704,-0.2363,0.1606,0.506
A,55,25,0.75,0.4563,0.0782,-0.2387,0.1658,0.539
A,55,25,1.0,0.4792,0.0815,-0.2387,0.1685,0.551
A,55,30,0.25,0.4092,0.0711,-0.2387,0.1594,0.512
A,55,30,0.5,0.4937,0.0837,-0.2387,0.1679,0.564
A,55,30,0.75,0.5494,0.0916,-0.2387,0.1708,0.601
A,55,30,1.0,0.6027,0.0991,-0.2387,0.1724,0.636
A,55,35,0.25,0.422,0.073,-0.2387,0.1645,0.512
A,55,35,0.5,0.4867,0.0826,-0.2387,0.1718,0.55
A,55,35,0.75,0.4812,0.0818,-0.2387,0.1743,0.54
A,55,35,1.0,0.4422,0.0761,-0.2387,0.1759,0.506
A,55,40,0.25,0.4371,0.0753,-0.2387,0.1717,0.51
A,55,40,0.5,0.4405,0.0758,-0.2387,0.1794,0.499
A,55,40,0.75,0.4262,0.0737,-0.2387,0.1828,0.482
A,55,40,1.0,0.4209,0.0729,-0.2387,0.1849,0.474
A,60,10,0.25,0.3426,0.0608,-0.1525,0.1005,0.639
A,60,10,0.5,0.4104,0.0713,-0.1546,0.1125,0.67
A,60,10,0.75,0.4236,0.0733,-0.1567,0.1176,0.662
A,60,10,1.0,0.4011,0.0699,-0.1588,0.1196,0.626
A,60,15,0.25,0.3024,0.0543,-0.1913,0.1191,0.505
A,60,15,0.5,0.2556,0.0466,-0.2182,0.1311,0.414
A,60,15,0.75,0.2312,0.0425,-0.2266,0.1359,0.375
A,60,15,1.0,0.2304,0.0424,-0.2303,0.1391,0.369
A,60,20,0.25,0.322,0.0575,-0.2222,0.1402,0.47
A,60,20,0.5,0.2655,0.0483,-0.2451,0.1523,0.387
A,60,20,0.75,0.2576,0.047,-0.2547,0.1582,0.37
A,60,20,1.0,0.2879,0.052,-0.2531,0.161,0.396
A,60,25,0.25,0.3796,0.0666,-0.2344,0.153,0.499
A,60,25,0.5,0.3891,0.068,-0.2524,0.1652,0.482
A,60,25,0.75,0.4305,0.0743,-0.2537,0.17,0.508
A,60,25,1.0,0.4465,0.0767,-0.2531,0.1724,0.517
A,60,30,0.25,0.4139,0.0718,-0.2491,0.1636,0.507
A,60,30,0.5,0.479,0.0815,-0.2528,0.1719,0.544
A,60,30,0.75,0.5247,0.0881,-0.2539,0.1746,0.573
A,60,30,1.0,0.5697,0.0945,-0.2531,0.1761,0.603
A,60,35,0.25,0.4169,0.0723,-0.2538,0.1686,0.5
A,60,35,0.5,0.4677,0.0799,-0.2518,0.1756,0.527
A,60,35,0.75,0.4603,0.0788,-0.2479,0.1779,0.517
A,60,35,1.0,0.4232,0.0732,-0.2454,0.1795,0.485
A,60,40,0.25,0.3846,0.0673,-0.2456,0.1769,0.458
A,60,40,0.5,0.3605,0.0636,-0.2484,0.1846,0.427
A,60,40,0.75,0.3502,0.062,-0.2387,0.1874,0.416
A,60,40,1.0,0.3469,0.0615,-0.2387,0.1892,0.411
A,65,10,0.25,0.4789,0.0815,-0.2001,0.1238,0.697
A,65,10,0.5,0.5642,0.0937,-0.2039,0.1297,0.758
A,65,10,0.75,0.5854,0.0967,-0.2054,0.1325,0.765
A,65,10,1.0,0.5672,0.0941,-0.2068,0.1338,0.741
A,65,15,0.25,0.5164,0.0869,-0.208,0.1334,0.694
A,65,15,0.5,0.4977,0.0842,-0.2168,0.1447,0.633
A,65,15,0.75,0.4863,0.0826,-0.2204,0.1506,0.604
A,65,15,1.0,0.4876,0.0828,-0.2212,0.1533,0.597
A,65,20,0.25,0.4546,0.0779,-0.2698,0.1589,0.553
A,65,20,0.5,0.4134,0.0717,-0.2718,0.1674,0.499
A,65,20,0.75,0.3993,0.0696,-0.2718,0.1718,0.479
A,65,20,1.0,0.4203,0.0728,-0.2718,0.1739,0.492
A,65,25,0.25,0.4813,0.0819,-0.2714,0.1698,0.55
A,65,25,0.5,0.5052,0.0853,-0.2718,0.1793,0.548
A,65,25,0.75,0.5482,0.0915,-0.2718,0.1832,0.571
A,65,25,1.0,0.5545,0.0924,-0.2718,0.185,0.572
A,65,30,0.25,0.4983,0.0843,-0.2718,0.1808,0.54
A,65,30,0.5,0.5855,0.0967,-0.2718,0.1879,0.587
A,65,30,0.75,0.6497,0.1054,-0.2718,0.1903,0.624
A,65,30,1.0,0.6969,0.1117,-0.2718,0.1915,0.651
A,65,35,0.25,0.5561,0.0926,-0.2718,0.1864,0.57
A,65,35,0.5,0.6306,0.1029,-0.2718,0.1913,0.609
A,65,35,0.75,0.6346,0.1034,-0.2718,0.1928,0.609
A,65,35,1.0,0.6108,0.1002,-0.2718,0.1938,0.591
A,65,40,0.25,0.6384,0.1039,-0.2718,0.1911,0.615
A,65,40,0.5,0.6357,0.1035,-0.2718,0.1956,0.603
A,65,40,0.75,0.6102,0.1001,-0.2718,0.1974,0.584
A,65,40,1.0,0.5872,0.0969,-0.2718,0.1988,0.566
A,70,10,0.25,0.2014,0.0374,-0.2785,0.1744,0.298
A,70,10,0.5,0.2234,0.0412,-0.2787,0.175,0.319
A,70,10,0.75,0.2324,0.0427,-0.2788,0.1754,0.327
A,70,10,1.0,0.232,0.0427,-0.279,0.1756,0.326
A,70,15,0.25,0.2269,0.0418,-0.2794,0.1737,0.323
A,70,15,0.5,0.2251,0.0415,-0.2799,0.1757,0.32
A,70,15,0.75,0.2201,0.0406,-0.2801,0.1762,0.315
A,70,15,1.0,0.2189,0.0404,-0.2801,0.1764,0.314
A,70,20,0.25,0.2314,0.0426,-0.2928,0.1798,0.322
A,70,20,0.5,0.2259,0.0416,-0.294,0.1838,0.314
A,70,20,0.75,0.2258,0.0416,-0.294,0.1859,0.313
A,70,20,1.0,0.2364,0.0434,-0.294,0.187,0.321
A,70,25,0.25,0.2495,0.0456,-0.3304,0.1898,0.331
A,70,25,0.5,0.2828,0.0511,-0.3476,0.1964,0.353
A,70,25,0.75,0.3194,0.0571,-0.3496,0.1992,0.379
A,70,25,1.0,0.3246,0.0579,-0.3497,0.2005,0.382
A,70,30,0.25,0.3244,0.0579,-0.3325,0.1983,0.384
A,70,30,0.5,0.3763,0.066,-0.3482,0.2027,0.418
A,70,30,0.75,0.4266,0.0737,-0.3497,0.2042,0.452
A,70,30,1.0,0.4671,0.0798,-0.3497,0.2049,0.478
A,70,35,0.25,0.3608,0.0636,-0.3456,0.2016,0.408
A,70,35,0.5,0.4057,0.0706,-0.3496,0.2045,0.437
A,70,35,0.75,0.4225,0.0731,-0.3497,0.2054,0.447
A,70,35,1.0,0.4223,0.0731,-0.3497,0.206,0.447
A,70,40,0.25,0.5015,0.0848,-0.349,0.2054,0.5
A,70,40,0.5,0.5259,0.0883,-0.3497,0.2079,0.512
A,70,40,0.75,0.5243,0.0881,-0.3497,0.2087,0.51
A,70,40,1.0,0.52,0.0875,-0.3497,0.2091,0.507
A,75,10,0.25,0.449,0.0771,-0.2789,0.1921,0.484
A,75,10,0.5,0.4693,0.0801,-0.2804,0.1926,0.498
A,75,10,0.75,0.4796,0.0816,-0.2806,0.1929,0.505
A,75,10,1.0,0.4803,0.0817,-0.2809,0.193,0.505
A,75,15,0.25,0.4631,0.0792,-0.2817,0.1929,0.493
A,75,15,0.5,0.4696,0.0801,-0.2825,0.1935,0.497
A,75,15,0.75,0.4681,0.0799,-0.2828,0.1937,0.495
A,75,15,1.0,0.4687,0.08,-0.2829,0.1937,0.496
A,75,20,0.25,0.4633,0.0792,-0.2928,0.1966,0.488
A,75,20,0.5,0.46,0.0787,-0.294,0.199,0.482
A,75,20,0.75,0.4594,0.0786,-0.294,0.2003,0.479
A,75,20,1.0,0.4658,0.0796,-0.294,0.2008,0.483
A,75,25,0.25,0.4796,0.0816,-0.3304,0.2053,0.486
A,75,25,0.5,0.4965,0.0841,-0.3476,0.2091,0.492
A,75,25,0.75,0.5203,0.0875,-0.3496,0.2101,0.506
A,75,25,1.0,0.5354,0.0897,-0.3497,0.2105,0.515
A,75,30,0.25,0.5673,0.0942,-0.3325,0.2083,0.538
A,75,30,0.5,0.605,0.0994,-0.3482,0.2109,0.556
A,75,30,0.75,0.6493,0.1054,-0.3497,0.2117,0.581
A,75,30,1.0,0.6861,0.1103,-0.3497,0.2121,0.601
A,75,35,0.25,0.5874,0.097,-0.3456,0.21,0.547
A,75,35,0.5,0.61,0.1001,-0.3502,0.2119,0.558
A,75,35,0.75,0.6099,0.1,-0.3554,0.2124,0.557
A,75,35,1.0,0.5976,0.0984,-0.3608,0.2128,0.549
A,75,40,0.25,0.7751,0.1218,-0.349,0.2135,0.647
A,75,40,0.5,0.7922,0.1239,-0.353,0.2153,0.652
A,75,40,0.75,0.7853,0.1231,-0.3575,0.2158,0.648
A,75,40,1.0,0.7833,0.1228,-0.3608,0.2161,0.646
A,80,10,0.25,0.6017,0.0989,-0.3613,0.2144,0.549
A,80,10,0.5,0.6173,0.1011,-0.364,0.2147,0.557
A,80,10,0.75,0.6289,0.1026,-0.364,0.2149,0.564
A,80,10,1.0,0.6315,0.103,-0.364,0.215,0.565
A,80,15,0.25,0.6157,0.1008,-0.364,0.215,0.556
A,80,15,0.5,0.6219,0.1017,-0.364,0.2152,0.559
A,80,15,0.75,0.6208,0.1015,-0.364,0.2153,0.559
A,80,15,1.0,0.6215,0.1016,-0.364,0.2154,0.559
A,80,20,0.25,0.6212,0.1016,-0.364,0.215,0.559
A,80,20,0.5,0.6229,0.1018,-0.364,0.2152,0.56
A,80,20,0.75,0.6209,0.1015,-0.364,0.2153,0.559
A,80,20,1.0,0.6215,0.1016,-0.364,0.2154,0.559
A,80,25,0.25,0.7422,0.1176,-0.364,0.2177,0.622
A,80,25,0.5,0.7863,0.1232,-0.364,0.2191,0.642
A,80,25,0.75,0.8105,0.1262,-0.364,0.2195,0.653
A,80,25,1.0,0.8281,0.1284,-0.364,0.2197,0.662
A,80,30,0.25,0.7784,0.1222,-0.364,0.2187,0.639
A,80,30,0.5,0.832,0.1289,-0.364,0.2197,0.664
A,80,30,0.75,0.8664,0.1331,-0.364,0.22,0.68
A,80,30,1.0,0.8961,0.1367,-0.364,0.2203,0.694
A,80,35,0.25,0.8112,0.1263,-0.364,0.2193,0.654
A,80,35,0.5,0.8489,0.131,-0.364,0.2201,0.671
A,80,35,0.75,0.8633,0.1327,-0.364,0.2204,0.678
A,80,35,1.0,0.8674,0.1332,-0.364,0.2206,0.68
A,80,40,0.25,0.8343,0.1292,-0.364,0.2197,0.665
A,80,40,0.5,0.8566,0.1319,-0.364,0.2204,0.675
A,80,40,0.75,0.864,0.1328,-0.364,0.2206,0.678
A,80,40,1.0,0.8684,0.1333,-0.364,0.2207,0.68
A,85,10,0.25,0.7786,0.1222,-0.3613,0.2275,0.623
A,85,10,0.5,0.7958,0.1244,-0.364,0.2278,0.631
A,85,10,0.75,0.8087,0.126,-0.364,0.228,0.637
A,85,10,1.0,0.8117,0.1264,-0.364,0.2281,0.638
A,85,15,0.25,0.7941,0.1242,-0.364,0.2281,0.629
A,85,15,0.5,0.801,0.125,-0.364,0.2283,0.632
A,85,15,0.75,0.7998,0.1249,-0.364,0.2284,0.631
A,85,15,1.0,0.8006,0.125,-0.364,0.2285,0.632
A,85,20,0.25,0.8002,0.1249,-0.364,0.2281,0.632
A,85,20,0.5,0.802,0.1252,-0.364,0.2283,0.633
A,85,20,0.75,0.7998,0.1249,-0.364,0.2284,0.631
A,85,20,1.0,0.8006,0.125,-0.364,0.2285,0.632
A,85,25,0.25,0.7961,0.1244,-0.364,0.2283,0.63
A,85,25,0.5,0.7949,0.1243,-0.364,0.2284,0.629
A,85,25,0.75,0.7978,0.1246,-0.364,0.2284,0.63
A,85,25,1.0,0.8006,0.125,-0.364,0.2285,0.632
A,85,30,0.25,0.7965,0.1245,-0.364,0.2283,0.63
A,85,30,0.5,0.7949,0.1243,-0.364,0.2284,0.629
A,85,30,0.75,0.7978,0.1246,-0.364,0.2284,0.63
A,85,30,1.0,0.8006,0.125,-0.364,0.2285,0.632
A,85,35,0.25,0.7966,0.1245,-0.364,0.2283,0.63
A,85,35,0.5,0.7949,0.1243,-0.364,0.2284,0.629
A,85,35,0.75,0.7978,0.1246,-0.364,0.2284,0.63
A,85,35,1.0,0.8006,0.125,-0.364,0.2285,0.632
A,85,40,0.25,0.7966,0.1245,-0.364,0.2283,0.63
A,85,40,0.5,0.7949,0.1243,-0.364,0.2284,0.629
A,85,40,0.75,0.7978,0.1246,-0.364,0.2284,0.63
A,85,40,1.0,0.8006,0.125,-0.364,0.2285,0.632
A,90,10,0.25,0.7786,0.1222,-0.3613,0.2275,0.623
A,90,10,0.5,0.7958,0.1244,-0.364,0.2278,0.631
A,90,10,0.75,0.8087,0.126,-0.364,0.228,0.637
A,90,10,1.0,0.8117,0.1264,-0.364,0.2281,0.638
A,90,15,0.25,0.7941,0.1242,-0.364,0.2281,0.629
A,90,15,0.5,0.801,0.125,-0.364,0.2283,0.632
A,90,15,0.75,0.7998,0.1249,-0.364,0.2284,0.631
A,90,15,1.0,0.8006,0.125,-0.364,0.2285,0.632
A,90,20,0.25,0.8002,0.1249,-0.364,0.2281,0.632
A,90,20,0.5,0.802,0.1252,-0.364,0.2283,0.633
A,90,20,0.75,0.7998,0.1249,-0.364,0.2284,0.631
A,90,20,1.0,0.8006,0.125,-0.364,0.2285,0.632
A,90,25,0.25,0.7961,0.1244,-0.364,0.2283,0.63
A,90,25,0.5,0.7949,0.1243,-0.364,0.2284,0.629
A,90,25,0.75,0.7978,0.1246,-0.364,0.2284,0.63
A,90,25,1.0,0.8006,0.125,-0.364,0.2285,0.632
A,90,30,0.25,0.7965,0.1245,-0.364,0.2283,0.63
A,90,30,0.5,0.7949,0.1243,-0.364,0.2284,0.629
A,90,30,0.75,0.7978,0.1246,-0.364,0.2284,0.63
A,90,30,1.0,0.8006,0.125,-0.364,0.2285,0.632
A,90,35,0.25,0.7966,0.1245,-0.364,0.2283,0.63
A,90,35,0.5,0.7949,0.1243,-0.364,0.2284,0.629
A,90,35,0.75,0.7978,0.1246,-0.364,0.2284,0.63
A,90,35,1.0,0.8006,0.125,-0.364,0.2285,0.632
A,90,40,0.25,0.7966,0.1245,-0.364,0.2283,0.63
A,90,40,0.5,0.7949,0.1243,-0.364,0.2284,0.629
A,90,40,0.75,0.7978,0.1246,-0.364,0.2284,0.63
A,90,40,1.0,0.8006,0.125,-0.364,0.2285,0.632
B,55,10,0.25,0.3198,0.0571,-0.1079,0.0794,0.742
B,55,10,0.5,0.4175,0.0724,-0.132,0.0981,0.764
B,55,10,0.75,0.4363,0.0752,-0.1355,0.1056,0.742
B,55,10,1.0,0.41,0.0712,-0.1357,0.1086,0.69
B,55,15,0.25,0.2516,0.046,-0.1463,0.1086,0.469
B,55,15,0.5,0.2033,0.0378,-0.1833,0.1234,0.363
B,55,15,0.75,0.1787,0.0335,-0.1949,0.129,0.32
B,55,15,1.0,0.1772,0.0332,-0.1999,0.1327,0.313
B,55,20,0.25,0.3103,0.0556,-0.1912,0.1326,0.476
B,55,20,0.5,0.2706,0.0491,-0.2164,0.1459,0.403
B,55,20,0.75,0.266,0.0484,-0.2321,0.1525,0.387
B,55,20,1.0,0.2947,0.0531,-0.2387,0.156,0.411
B,55,25,0.25,0.364,0.0641,-0.2101,0.1471,0.498
B,55,25,0.5,0.3893,0.0681,-0.2314,0.16,0.493
B,55,25,0.75,0.434,0.0748,-0.2387,0.1655,0.52
B,55,25,1.0,0.4678,0.0799,-0.2387,0.1684,0.542
B,55,30,0.25,0.4038,0.0703,-0.2387,0.1592,0.508
B,55,30,0.5,0.487,0.0827,-0.2387,0.1678,0.559
B,55,30,0.75,0.543,0.0907,-0.2387,0.1707,0.596
B,55,30,1.0,0.5968,0.0983,-0.2387,0.1723,0.632
B,55,35,0.25,0.4145,0.0719,-0.2387,0.1644,0.506
B,55,35,0.5,0.4786,0.0815,-0.2387,0.1717,0.544
B,55,35,0.75,0.4734,0.0807,-0.2387,0.1742,0.534
B,55,35,1.0,0.4347,0.075,-0.2387,0.1758,0.5
B,55,40,0.25,0.4382,0.0755,-0.2387,0.1716,0.511
B,55,40,0.5,0.4413,0.0759,-0.2387,0.1794,0.499
B,55,40,0.75,0.4273,0.0738,-0.2387,0.1827,0.483
B,55,40,1.0,0.4225,0.0731,-0.2387,0.1848,0.476
B,60,10,0.25,0.3772,0.0662,-0.1079,0.0836,0.812
B,60,10,0.5,0.4871,0.0827,-0.132,0.1021,0.832
B,60,10,0.75,0.5081,0.0857,-0.1355,0.1094,0.809
B,60,10,1.0,0.4809,0.0818,-0.1357,0.1123,0.759
B,60,15,0.25,0.3177,0.0568,-0.1573,0.1122,0.55
B,60,15,0.5,0.2637,0.048,-0.1938,0.1266,0.435
B,60,15,0.75,0.2353,0.0432,-0.2053,0.1321,0.387
B,60,15,1.0,0.2324,0.0427,-0.2119,0.1357,0.377
B,60,20,0.25,0.3433,0.0609,-0.2086,0.1368,0.502
B,60,20,0.5,0.2846,0.0514,-0.2373,0.1498,0.411
B,60,20,0.75,0.2731,0.0495,-0.2508,0.1562,0.389
B,60,20,1.0,0.299,0.0538,-0.2536,0.1596,0.409
B,60,25,0.25,0.3935,0.0687,-0.2286,0.1511,0.517
B,60,25,0.5,0.4054,0.0705,-0.2492,0.1638,0.499
B,60,25,0.75,0.4449,0.0765,-0.2542,0.1691,0.522
B,60,25,1.0,0.4756,0.081,-0.2536,0.1718,0.541
B,60,30,0.25,0.4319,0.0745,-0.2487,0.1628,0.525
B,60,30,0.5,0.503,0.085,-0.2532,0.1712,0.564
B,60,30,0.75,0.554,0.0923,-0.2543,0.174,0.596
B,60,30,1.0,0.6038,0.0992,-0.2536,0.1756,0.628
B,60,35,0.25,0.4349,0.075,-0.2538,0.1679,0.516
B,60,35,0.5,0.4911,0.0833,-0.2522,0.1751,0.546
B,60,35,0.75,0.4847,0.0824,-0.2484,0.1774,0.536
B,60,35,1.0,0.4463,0.0767,-0.2459,0.179,0.504
B,60,40,0.25,0.3897,0.0681,-0.2461,0.1767,0.463
B,60,40,0.5,0.3659,0.0644,-0.2488,0.1845,0.432
B,60,40,0.75,0.3556,0.0628,-0.239,0.1873,0.42
B,60,40,1.0,0.3525,0.0623,-0.2387,0.1892,0.415
B,65,10,0.25,0.493,0.0836,-0.1313,0.0947,0.898
B,65,10,0.5,0.6181,0.1012,-0.1424,0.1092,0.94
B,65,10,0.75,0.6478,0.1052,-0.1469,0.1153,0.928
B,65,10,1.0,0.6225,0.1018,-0.151,0.1179,0.884
B,65,15,0.25,0.4726,0.0806,-0.1629,0.1188,0.714
B,65,15,0.5,0.4376,0.0754,-0.1832,0.1336,0.613
B,65,15,0.75,0.4185,0.0725,-0.1948,0.1407,0.569
B,65,15,1.0,0.4207,0.0728,-0.1999,0.1455,0.558
B,65,20,0.25,0.3998,0.0697,-0.2698,0.1538,0.516
B,65,20,0.5,0.3736,0.0656,-0.2718,0.1638,0.471
B,65,20,0.75,0.3589,0.0633,-0.2718,0.1688,0.449
B,65,20,1.0,0.3764,0.0661,-0.2718,0.1715,0.46
B,65,25,0.25,0.4458,0.0766,-0.2714,0.1666,0.528
B,65,25,0.5,0.4806,0.0818,-0.2718,0.1769,0.534
B,65,25,0.75,0.5235,0.088,-0.2718,0.1813,0.557
B,65,25,1.0,0.5485,0.0915,-0.2718,0.1835,0.571
B,65,30,0.25,0.4864,0.0826,-0.2718,0.1783,0.536
B,65,30,0.5,0.5625,0.0935,-0.2718,0.1862,0.575
B,65,30,0.75,0.6069,0.0996,-0.2718,0.1898,0.597
B,65,30,1.0,0.6624,0.1071,-0.2718,0.1913,0.63
B,65,35,0.25,0.5178,0.0871,-0.2718,0.1856,0.545
B,65,35,0.5,0.5947,0.098,-0.2718,0.191,0.587
B,65,35,0.75,0.5978,0.0984,-0.2718,0.1925,0.585
B,65,35,1.0,0.5736,0.095,-0.2718,0.1935,0.568
B,65,40,0.25,0.619,0.1013,-0.2718,0.1909,0.603
B,65,40,0.5,0.6158,0.1009,-0.2718,0.1955,0.591
B,65,40,0.75,0.5909,0.0974,-0.2718,0.1973,0.572
B,65,40,1.0,0.569,0.0944,-0.2718,0.1987,0.555
B,70,10,0.25,0.2811,0.0509,-0.2138,0.1394,0.427
B,70,10,0.5,0.3358,0.0597,-0.2138,0.1469,0.469
B,70,10,0.75,0.3518,0.0622,-0.2138,0.1499,0.479
B,70,10,1.0,0.3451,0.0612,-0.2138,0.1511,0.469
B,70,15,0.25,0.2407,0.0441,-0.2138,0.1519,0.361
B,70,15,0.5,0.2073,0.0384,-0.2239,0.1588,0.317
B,70,15,0.75,0.1874,0.035,-0.2284,0.1606,0.295
B,70,15,1.0,0.1812,0.0339,-0.2294,0.161,0.288
B,70,20,0.25,0.1842,0.0344,-0.2924,0.1703,0.284
B,70,20,0.5,0.1821,0.0341,-0.294,0.1767,0.278
B,70,20,0.75,0.1758,0.033,-0.294,0.1803,0.27
B,70,20,1.0,0.187,0.0349,-0.294,0.1821,0.28
B,70,25,0.25,0.2219,0.0409,-0.323,0.1837,0.311
B,70,25,0.5,0.258,0.047,-0.3476,0.1922,0.336
B,70,25,0.75,0.3021,0.0543,-0.3496,0.1961,0.368
B,70,25,1.0,0.3247,0.0579,-0.3497,0.1981,0.384
B,70,30,0.25,0.3027,0.0544,-0.3324,0.1944,0.37
B,70,30,0.5,0.3494,0.0618,-0.3482,0.2008,0.4
B,70,30,0.75,0.3951,0.0689,-0.3497,0.2035,0.431
B,70,30,1.0,0.447,0.0768,-0.3497,0.2044,0.465
B,70,35,0.25,0.3259,0.0581,-0.3456,0.2004,0.383
B,70,35,0.5,0.3835,0.0672,-0.3496,0.2039,0.422
B,70,35,0.75,0.4031,0.0702,-0.3497,0.2049,0.435
B,70,35,1.0,0.4038,0.0703,-0.3497,0.2055,0.434
B,70,40,0.25,0.492,0.0834,-0.349,0.2048,0.495
B,70,40,0.5,0.5193,0.0874,-0.3497,0.2074,0.509
B,70,40,0.75,0.519,0.0873,-0.3497,0.2083,0.507
B,70,40,1.0,0.5147,0.0867,-0.3497,0.2087,0.504
B,75,10,0.25,0.4016,0.0699,-0.2432,0.1713,0.482
B,75,10,0.5,0.4272,0.0738,-0.2432,0.1746,0.497
B,75,10,0.75,0.4341,0.0749,-0.2432,0.1756,0.5
B,75,10,1.0,0.427,0.0738,-0.2432,0.176,0.494
B,75,15,0.25,0.3859,0.0675,-0.2432,0.1759,0.461
B,75,15,0.5,0.3808,0.0668,-0.2432,0.1781,0.453
B,75,15,0.75,0.3719,0.0654,-0.2432,0.1789,0.445
B,75,15,1.0,0.3712,0.0653,-0.2432,0.1791,0.444
B,75,20,0.25,0.3721,0.0654,-0.2924,0.1885,0.431
B,75,20,0.5,0.3911,0.0683,-0.294,0.1925,0.441
B,75,20,0.75,0.3974,0.0693,-0.294,0.1945,0.443
B,75,20,1.0,0.4108,0.0714,-0.294,0.1953,0.452
B,75,25,0.25,0.4236,0.0733,-0.323,0.1995,0.456
B,75,25,0.5,0.4684,0.08,-0.3476,0.205,0.479
B,75,25,0.75,0.5087,0.0858,-0.3496,0.2066,0.503
B,75,25,1.0,0.5335,0.0894,-0.3497,0.2072,0.518
B,75,30,0.25,0.5166,0.087,-0.3324,0.2047,0.511
B,75,30,0.5,0.5616,0.0934,-0.3482,0.2093,0.533
B,75,30,0.75,0.6177,0.1011,-0.3497,0.211,0.564
B,75,30,1.0,0.6703,0.1082,-0.3497,0.2116,0.593
B,75,35,0.25,0.5434,0.0908,-0.3456,0.2089,0.522
B,75,35,0.5,0.5851,0.0966,-0.3502,0.2113,0.544
B,75,35,0.75,0.587,0.0969,-0.3554,0.2119,0.544
B,75,35,1.0,0.5739,0.0951,-0.3608,0.2123,0.536
B,75,40,0.25,0.7743,0.1217,-0.349,0.213,0.648
B,75,40,0.5,0.7933,0.1241,-0.353,0.2149,0.654
B,75,40,0.75,0.7848,0.123,-0.3575,0.2154,0.648
B,75,40,1.0,0.7813,0.1226,-0.3608,0.2157,0.646
B,80,10,0.25,0.4075,0.0708,-0.3559,0.2074,0.435
B,80,10,0.5,0.419,0.0726,-0.3623,0.2087,0.441
B,80,10,0.75,0.4285,0.074,-0.364,0.209,0.447
B,80,10,1.0,0.4313,0.0744,-0.364,0.2091,0.449
B,80,15,0.25,0.4146,0.0719,-0.364,0.2091,0.438
B,80,15,0.5,0.4211,0.0729,-0.364,0.2094,0.442
B,80,15,0.75,0.42,0.0727,-0.364,0.2096,0.441
B,80,15,1.0,0.4208,0.0729,-0.364,0.2096,0.441
B,80,20,0.25,0.4483,0.077,-0.364,0.2098,0.46
B,80,20,0.5,0.4576,0.0784,-0.364,0.2104,0.465
B,80,20,0.75,0.4596,0.0787,-0.364,0.2107,0.466
B,80,20,1.0,0.4635,0.0792,-0.364,0.2108,0.468
B,80,25,0.25,0.6422,0.1044,-0.364,0.2131,0.574
B,80,25,0.5,0.7414,0.1175,-0.364,0.2154,0.625
B,80,25,0.75,0.7797,0.1224,-0.364,0.2163,0.644
B,80,25,1.0,0.8038,0.1254,-0.364,0.2166,0.656
B,80,30,0.25,0.7449,0.1179,-0.364,0.2158,0.627
B,80,30,0.5,0.8142,0.1267,-0.364,0.2184,0.658
B,80,30,0.75,0.8789,0.1346,-0.364,0.2194,0.688
B,80,30,1.0,0.9293,0.1406,-0.364,0.2199,0.711
B,80,35,0.25,0.8109,0.1263,-0.364,0.2184,0.656
B,80,35,0.5,0.8718,0.1338,-0.364,0.2196,0.684
B,80,35,0.75,0.8895,0.1359,-0.364,0.22,0.692
B,80,35,1.0,0.8925,0.1363,-0.364,0.2202,0.693
B,80,40,0.25,0.8506,0.1312,-0.364,0.2192,0.674
B,80,40,0.5,0.8758,0.1342,-0.364,0.22,0.685
B,80,40,0.75,0.882,0.135,-0.364,0.2202,0.687
B,80,40,1.0,0.8856,0.1354,-0.364,0.2203,0.689
B,85,10,0.25,0.7834,0.1228,-0.3559,0.2264,0.627
B,85,10,0.5,0.798,0.1247,-0.3623,0.2277,0.632
B,85,10,0.75,0.81,0.1262,-0.364,0.2279,0.637
B,85,10,1.0,0.8135,0.1266,-0.364,0.228,0.639
B,85,15,0.25,0.7924,0.124,-0.364,0.228,0.629
B,85,15,0.5,0.8007,0.125,-0.364,0.2283,0.632
B,85,15,0.75,0.7992,0.1248,-0.364,0.2284,0.631
B,85,15,1.0,0.8002,0.1249,-0.364,0.2285,0.632
B,85,20,0.25,0.7997,0.1249,-0.364,0.2281,0.632
B,85,20,0.5,0.8019,0.1252,-0.364,0.2283,0.633
B,85,20,0.75,0.7993,0.1248,-0.364,0.2284,0.631
B,85,20,1.0,0.8002,0.1249,-0.364,0.2285,0.632
B,85,25,0.25,0.7948,0.1243,-0.364,0.2283,0.629
B,85,25,0.5,0.7934,0.1241,-0.364,0.2284,0.628
B,85,25,0.75,0.7968,0.1245,-0.364,0.2284,0.63
B,85,25,1.0,0.8002,0.1249,-0.364,0.2285,0.632
B,85,30,0.25,0.7953,0.1243,-0.364,0.2283,0.63
B,85,30,0.5,0.7934,0.1241,-0.364,0.2284,0.628
B,85,30,0.75,0.7968,0.1245,-0.364,0.2284,0.63
B,85,30,1.0,0.8002,0.1249,-0.364,0.2285,0.632
B,85,35,0.25,0.7954,0.1243,-0.364,0.2283,0.63
B,85,35,0.5,0.7934,0.1241,-0.364,0.2284,0.628
B,85,35,0.75,0.7968,0.1245,-0.364,0.2284,0.63
B,85,35,1.0,0.8002,0.1249,-0.364,0.2285,0.632
B,85,40,0.25,0.7954,0.1243,-0.364,0.2283,0.63
B,85,40,0.5,0.7934,0.1241,-0.364,0.2284,0.628
B,85,40,0.75,0.7968,0.1245,-0.364,0.2284,0.63
B,85,40,1.0,0.8002,0.1249,-0.364,0.2285,0.632
B,90,10,0.25,0.7834,0.1228,-0.3559,0.2264,0.627
B,90,10,0.5,0.798,0.1247,-0.3623,0.2277,0.632
B,90,10,0.75,0.81,0.1262,-0.364,0.2279,0.637
B,90,10,1.0,0.8135,0.1266,-0.364,0.228,0.639
B,90,15,0.25,0.7924,0.124,-0.364,0.228,0.629
B,90,15,0.5,0.8007,0.125,-0.364,0.2283,0.632
B,90,15,0.75,0.7992,0.1248,-0.364,0.2284,0.631
B,90,15,1.0,0.8002,0.1249,-0.364,0.2285,0.632
B,90,20,0.25,0.7997,0.1249,-0.364,0.2281,0.632
B,90,20,0.5,0.8019,0.1252,-0.364,0.2283,0.633
B,90,20,0.75,0.7993,0.1248,-0.364,0.2284,0.631
B,90,20,1.0,0.8002,0.1249,-0.364,0.2285,0.632
B,90,25,0.25,0.7948,0.1243,-0.364,0.2283,0.629
B,90,25,0.5,0.7934,0.1241,-0.364,0.2284,0.628
B,90,25,0.75,0.7968,0.1245,-0.364,0.2284,0.63
B,90,25,1.0,0.8002,0.1249,-0.364,0.2285,0.632
B,90,30,0.25,0.7953,0.1243,-0.364,0.2283,0.63
B,90,30,0.5,0.7934,0.1241,-0.364,0.2284,0.628
B,90,30,0.75,0.7968,0.1245,-0.364,0.2284,0.63
B,90,30,1.0,0.8002,0.1249,-0.364,0.2285,0.632
B,90,35,0.25,0.7954,0.1243,-0.364,0.2283,0.63
B,90,35,0.5,0.7934,0.1241,-0.364,0.2284,0.628
B,90,35,0.75,0.7968,0.1245,-0.364,0.2284,0.63
B,90,35,1.0,0.8002,0.1249,-0.364,0.2285,0.632
B,90,40,0.25,0.7954,0.1243,-0.364,0.2283,0.63
B,90,40,0.5,0.7934,0.1241,-0.364,0.2284,0.628
B,90,40,0.75,0.7968,0.1245,-0.364,0.2284,0.63
B,90,40,1.0,0.8002,0.1249,-0.364,0.2285,0.632
C,55,10,0.25,0.3192,0.057,-0.1079,0.0794,0.741
C,55,10,0.5,0.4169,0.0723,-0.132,0.0981,0.763
C,55,10,0.75,0.4357,0.0751,-0.1355,0.1056,0.741
C,55,10,1.0,0.4094,0.0711,-0.1357,0.1086,0.689
C,55,15,0.25,0.2509,0.0458,-0.1463,0.1084,0.469
C,55,15,0.5,0.2035,0.0378,-0.1833,0.1232,0.364
C,55,15,0.75,0.1764,0.0331,-0.1949,0.1288,0.318
C,55,15,1.0,0.1696,0.0319,-0.1999,0.1327,0.303
C,55,20,0.25,0.3108,0.0557,-0.1912,0.1324,0.477
C,55,20,0.5,0.2714,0.0493,-0.2164,0.1457,0.404
C,55,20,0.75,0.2636,0.048,-0.2321,0.1523,0.385
C,55,20,1.0,0.2862,0.0517,-0.2387,0.1559,0.402
C,55,25,0.25,0.3622,0.0638,-0.2101,0.147,0.496
C,55,25,0.5,0.3835,0.0672,-0.2314,0.16,0.488
C,55,25,0.75,0.4253,0.0735,-0.2387,0.1654,0.513
C,55,25,1.0,0.4583,0.0785,-0.2387,0.1684,0.534
C,55,30,0.25,0.402,0.07,-0.2387,0.1591,0.506
C,55,30,0.5,0.4807,0.0818,-0.2387,0.1678,0.554
C,55,30,0.75,0.5336,0.0894,-0.2387,0.1706,0.589
C,55,30,1.0,0.5865,0.0968,-0.2387,0.1723,0.625
C,55,35,0.25,0.4126,0.0716,-0.2387,0.1643,0.505
C,55,35,0.5,0.4724,0.0805,-0.2387,0.1717,0.539
C,55,35,0.75,0.4645,0.0794,-0.2387,0.1741,0.527
C,55,35,1.0,0.4253,0.0735,-0.2387,0.1758,0.493
C,55,40,0.25,0.4363,0.0752,-0.2387,0.1715,0.51
C,55,40,0.5,0.4352,0.075,-0.2387,0.1793,0.495
C,55,40,0.75,0.4187,0.0725,-0.2387,0.1827,0.476
C,55,40,1.0,0.4133,0.0717,-0.2387,0.1848,0.469
C,60,10,0.25,0.3766,0.0661,-0.1079,0.0836,0.811
C,60,10,0.5,0.4865,0.0826,-0.132,0.1021,0.831
C,60,10,0.75,0.5074,0.0857,-0.1355,0.1094,0.809
C,60,10,1.0,0.4803,0.0817,-0.1357,0.1123,0.758
C,60,15,0.25,0.3173,0.0567,-0.1573,0.1119,0.551
C,60,15,0.5,0.2641,0.048,-0.1938,0.1264,0.435
C,60,15,0.75,0.2329,0.0428,-0.2053,0.1319,0.385
C,60,15,1.0,0.2244,0.0414,-0.2119,0.1357,0.367
C,60,20,0.25,0.344,0.061,-0.2086,0.1366,0.503
C,60,20,0.5,0.2854,0.0516,-0.2373,0.1496,0.412
C,60,20,0.75,0.2707,0.0491,-0.2508,0.1561,0.386
C,60,20,1.0,0.2906,0.0524,-0.2536,0.1596,0.401
C,60,25,0.25,0.3916,0.0684,-0.2286,0.1511,0.515
C,60,25,0.5,0.3994,0.0696,-0.2492,0.1638,0.494
C,60,25,0.75,0.4362,0.0752,-0.2542,0.169,0.515
C,60,25,1.0,0.466,0.0796,-0.2536,0.1718,0.533
C,60,30,0.25,0.43,0.0743,-0.2487,0.1627,0.523
C,60,30,0.5,0.4966,0.0841,-0.2532,0.1712,0.559
C,60,30,0.75,0.5446,0.091,-0.2543,0.174,0.589
C,60,30,1.0,0.5934,0.0978,-0.2536,0.1756,0.621
C,60,35,0.25,0.433,0.0747,-0.2538,0.1678,0.515
C,60,35,0.5,0.4848,0.0824,-0.2522,0.175,0.541
C,60,35,0.75,0.4757,0.081,-0.2484,0.1774,0.53
C,60,35,1.0,0.4369,0.0753,-0.2459,0.179,0.496
C,60,40,0.25,0.3879,0.0678,-0.2461,0.1767,0.461
C,60,40,0.5,0.3601,0.0635,-0.2488,0.1845,0.427
C,60,40,0.75,0.3474,0.0615,-0.239,0.1873,0.414
C,60,40,1.0,0.3437,0.0609,-0.2387,0.1891,0.408
C,65,10,0.25,0.4923,0.0835,-0.1313,0.0947,0.897
C,65,10,0.5,0.6174,0.1011,-0.1424,0.1092,0.94
C,65,10,0.75,0.647,0.1051,-0.1469,0.1153,0.927
C,65,10,1.0,0.6218,0.1017,-0.151,0.1179,0.883
C,65,15,0.25,0.4705,0.0803,-0.1629,0.1185,0.713
C,65,15,0.5,0.4375,0.0754,-0.1832,0.1334,0.613
C,65,15,0.75,0.4157,0.0721,-0.1948,0.1406,0.567
C,65,15,1.0,0.4115,0.0714,-0.1999,0.1454,0.549
C,65,20,0.25,0.3997,0.0696,-0.2698,0.1537,0.516
C,65,20,0.5,0.3744,0.0658,-0.2718,0.1636,0.472
C,65,20,0.75,0.3562,0.0629,-0.2718,0.1686,0.447
C,65,20,1.0,0.3675,0.0647,-0.2718,0.1714,0.452
C,65,25,0.25,0.4437,0.0763,-0.2714,0.1665,0.526
C,65,25,0.5,0.4743,0.0808,-0.2718,0.1768,0.53
C,65,25,0.75,0.5143,0.0866,-0.2718,0.1812,0.551
C,65,25,1.0,0.5384,0.0901,-0.2718,0.1835,0.563
C,65,30,0.25,0.4845,0.0823,-0.2718,0.1782,0.534
C,65,30,0.5,0.5559,0.0926,-0.2718,0.1862,0.57
C,65,30,0.75,0.5972,0.0983,-0.2718,0.1898,0.591
C,65,30,1.0,0.6516,0.1057,-0.2718,0.1912,0.623
C,65,35,0.25,0.5158,0.0869,-0.2718,0.1855,0.543
C,65,35,0.5,0.5879,0.097,-0.2718,0.1909,0.582
C,65,35,0.75,0.5882,0.0971,-0.2718,0.1925,0.579
C,65,35,1.0,0.5634,0.0936,-0.2718,0.1935,0.561
C,65,40,0.25,0.6168,0.101,-0.2718,0.1908,0.601
C,65,40,0.5,0.609,0.0999,-0.2718,0.1954,0.587
C,65,40,0.75,0.5812,0.0961,-0.2718,0.1973,0.565
C,65,40,1.0,0.5588,0.093,-0.2718,0.1986,0.548
C,70,10,0.25,0.2805,0.0508,-0.2138,0.1394,0.426
C,70,10,0.5,0.3352,0.0596,-0.2138,0.1469,0.469
C,70,10,0.75,0.3512,0.0621,-0.2138,0.1499,0.478
C,70,10,1.0,0.3445,0.0611,-0.2138,0.1511,0.469
C,70,15,0.25,0.2381,0.0437,-0.2138,0.1517,0.358
C,70,15,0.5,0.207,0.0384,-0.2239,0.1586,0.317
C,70,15,0.75,0.185,0.0346,-0.2284,0.1604,0.293
C,70,15,1.0,0.1735,0.0326,-0.2294,0.161,0.28
C,70,20,0.25,0.1835,0.0343,-0.2924,0.1702,0.284
C,70,20,0.5,0.1827,0.0342,-0.294,0.1765,0.279
C,70,20,0.75,0.1736,0.0326,-0.294,0.1802,0.268
C,70,20,1.0,0.1793,0.0336,-0.294,0.1821,0.273
C,70,25,0.25,0.2201,0.0406,-0.323,0.1836,0.309
C,70,25,0.5,0.2527,0.0461,-0.3476,0.1922,0.331
C,70,25,0.75,0.2942,0.053,-0.3496,0.196,0.362
C,70,25,1.0,0.3161,0.0565,-0.3497,0.198,0.378
C,70,30,0.25,0.301,0.0541,-0.3324,0.1944,0.369
C,70,30,0.5,0.3437,0.0609,-0.3482,0.2008,0.396
C,70,30,0.75,0.3866,0.0676,-0.3497,0.2034,0.425
C,70,30,1.0,0.4376,0.0754,-0.3497,0.2044,0.459
C,70,35,0.25,0.3242,0.0578,-0.3456,0.2004,0.382
C,70,35,0.5,0.3777,0.0663,-0.3496,0.2039,0.418
C,70,35,0.75,0.3946,0.0689,-0.3497,0.2048,0.429
C,70,35,1.0,0.3947,0.0689,-0.3497,0.2054,0.428
C,70,40,0.25,0.4901,0.0831,-0.349,0.2047,0.494
C,70,40,0.5,0.5129,0.0864,-0.3497,0.2074,0.505
C,70,40,0.75,0.5098,0.086,-0.3497,0.2082,0.502
C,70,40,1.0,0.5049,0.0853,-0.3497,0.2086,0.498
C,75,10,0.25,0.4009,0.0698,-0.2432,0.1713,0.481
C,75,10,0.5,0.4266,0.0737,-0.2432,0.1746,0.496
C,75,10,0.75,0.4335,0.0748,-0.2432,0.1756,0.5
C,75,10,1.0,0.4263,0.0737,-0.2432,0.176,0.493
C,75,15,0.25,0.3839,0.0672,-0.2432,0.1758,0.459
C,75,15,0.5,0.3806,0.0667,-0.2432,0.1779,0.453
C,75,15,0.75,0.3692,0.0649,-0.2432,0.1787,0.443
C,75,15,1.0,0.3623,0.0639,-0.2432,0.179,0.436
C,75,20,0.25,0.3714,0.0653,-0.2924,0.1883,0.431
C,75,20,0.5,0.3919,0.0685,-0.294,0.1924,0.442
C,75,20,0.75,0.3947,0.0689,-0.294,0.1944,0.441
C,75,20,1.0,0.4017,0.07,-0.294,0.1953,0.445
C,75,25,0.25,0.4216,0.073,-0.323,0.1994,0.454
C,75,25,0.5,0.4622,0.079,-0.3476,0.205,0.475
C,75,25,0.75,0.4996,0.0845,-0.3496,0.2066,0.497
C,75,25,1.0,0.5236,0.088,-0.3497,0.2072,0.512
C,75,30,0.25,0.5146,0.0867,-0.3324,0.2047,0.51
C,75,30,0.5,0.555,0.0924,-0.3482,0.2092,0.529
C,75,30,0.75,0.6079,0.0998,-0.3497,0.211,0.558
C,75,30,1.0,0.6594,0.1067,-0.3497,0.2116,0.587
C,75,35,0.25,0.5414,0.0905,-0.3456,0.2089,0.521
C,75,35,0.5,0.5784,0.0957,-0.3502,0.2113,0.54
C,75,35,0.75,0.5774,0.0956,-0.3554,0.2119,0.538
C,75,35,1.0,0.5637,0.0937,-0.3608,0.2123,0.529
C,75,40,0.25,0.7719,0.1214,-0.349,0.2129,0.647
C,75,40,0.5,0.7857,0.1231,-0.353,0.2149,0.65
C,75,40,0.75,0.774,0.1216,-0.3575,0.2154,0.643
C,75,40,1.0,0.7697,0.1211,-0.3608,0.2157,0.64
C,80,10,0.25,0.4069,0.0707,-0.3559,0.2074,0.434
C,80,10,0.5,0.4184,0.0725,-0.3623,0.2087,0.441
C,80,10,0.75,0.4279,0.0739,-0.364,0.209,0.447
C,80,10,1.0,0.4306,0.0743,-0.364,0.2091,0.449
C,80,15,0.25,0.4143,0.0719,-0.3626,0.2089,0.438
C,80,15,0.5,0.4209,0.0729,-0.364,0.2093,0.442
C,80,15,0.75,0.4172,0.0723,-0.364,0.2094,0.439
C,80,15,1.0,0.4115,0.0715,-0.364,0.2096,0.435
C,80,20,0.25,0.4476,0.0769,-0.364,0.2096,0.459
C,80,20,0.5,0.4584,0.0785,-0.364,0.2103,0.466
C,80,20,0.75,0.4567,0.0782,-0.364,0.2106,0.464
C,80,20,1.0,0.454,0.0778,-0.364,0.2108,0.462
C,80,25,0.25,0.6398,0.1041,-0.364,0.213,0.573
C,80,25,0.5,0.734,0.1165,-0.364,0.2154,0.622
C,80,25,0.75,0.769,0.121,-0.364,0.2162,0.638
C,80,25,1.0,0.792,0.1239,-0.364,0.2165,0.65
C,80,30,0.25,0.7426,0.1176,-0.364,0.2157,0.625
C,80,30,0.5,0.8066,0.1257,-0.364,0.2183,0.654
C,80,30,0.75,0.8676,0.1332,-0.364,0.2193,0.682
C,80,30,1.0,0.9168,0.1392,-0.364,0.2198,0.705
C,80,35,0.25,0.8085,0.126,-0.364,0.2183,0.655
C,80,35,0.5,0.8639,0.1328,-0.364,0.2196,0.68
C,80,35,0.75,0.8781,0.1345,-0.364,0.22,0.686
C,80,35,1.0,0.8802,0.1348,-0.364,0.2202,0.687
C,80,40,0.25,0.8482,0.1309,-0.364,0.2191,0.673
C,80,40,0.5,0.8678,0.1333,-0.364,0.2199,0.681
C,80,40,0.75,0.8707,0.1336,-0.364,0.2202,0.682
C,80,40,1.0,0.8733,0.1339,-0.364,0.2203,0.683
C,85,10,0.25,0.7826,0.1227,-0.3559,0.2264,0.626
C,85,10,0.5,0.7972,0.1246,-0.3623,0.2277,0.632
C,85,10,0.75,0.8092,0.1261,-0.364,0.2279,0.637
C,85,10,1.0,0.8127,0.1265,-0.364,0.228,0.638
C,85,15,0.25,0.7919,0.1239,-0.3626,0.2278,0.629
C,85,15,0.5,0.8003,0.125,-0.364,0.2282,0.632
C,85,15,0.75,0.7957,0.1244,-0.364,0.2283,0.63
C,85,15,1.0,0.7885,0.1235,-0.364,0.2284,0.626
C,85,20,0.25,0.7988,0.1248,-0.364,0.2279,0.632
C,85,20,0.5,0.8029,0.1253,-0.364,0.2282,0.633
C,85,20,0.75,0.7958,0.1244,-0.364,0.2283,0.63
C,85,20,1.0,0.7885,0.1235,-0.364,0.2284,0.626
C,85,25,0.25,0.7923,0.1239,-0.364,0.2282,0.628
C,85,25,0.5,0.7858,0.1231,-0.364,0.2284,0.625
C,85,25,0.75,0.7859,0.1231,-0.364,0.2284,0.625
C,85,25,1.0,0.7885,0.1235,-0.364,0.2284,0.626
C,85,30,0.25,0.7929,0.124,-0.364,0.2282,0.628
C,85,30,0.5,0.7858,0.1231,-0.364,0.2284,0.625
C,85,30,0.75,0.7859,0.1231,-0.364,0.2284,0.625
C,85,30,1.0,0.7885,0.1235,-0.364,0.2284,0.626
C,85,35,0.25,0.793,0.124,-0.364,0.2282,0.628
C,85,35,0.5,0.7858,0.1231,-0.364,0.2284,0.625
C,85,35,0.75,0.7859,0.1231,-0.364,0.2284,0.625
C,85,35,1.0,0.7885,0.1235,-0.364,0.2284,0.626
C,85,40,0.25,0.793,0.124,-0.364,0.2282,0.628
C,85,40,0.5,0.7858,0.1231,-0.364,0.2284,0.625
C,85,40,0.75,0.7859,0.1231,-0.364,0.2284,0.625
C,85,40,1.0,0.7885,0.1235,-0.364,0.2284,0.626
C,90,10,0.25,0.7826,0.1227,-0.3559,0.2264,0.626
C,90,10,0.5,0.7972,0.1246,-0.3623,0.2277,0.632
C,90,10,0.75,0.8092,0.1261,-0.364,0.2279,0.637
C,90,10,1.0,0.8127,0.1265,-0.364,0.228,0.638
C,90,15,0.25,0.7919,0.1239,-0.3626,0.2278,0.629
C,90,15,0.5,0.8003,0.125,-0.364,0.2282,0.632
C,90,15,0.75,0.7957,0.1244,-0.364,0.2283,0.63
C,90,15,1.0,0.7885,0.1235,-0.364,0.2284,0.626
C,90,20,0.25,0.7988,0.1248,-0.364,0.2279,0.632
C,90,20,0.5,0.8029,0.1253,-0.364,0.2282,0.633
C,90,20,0.75,0.7958,0.1244,-0.364,0.2283,0.63
C,90,20,1.0,0.7885,0.1235,-0.364,0.2284,0.626
C,90,25,0.25,0.7923,0.1239,-0.364,0.2282,0.628
C,90,25,0.5,0.7858,0.1231,-0.364,0.2284,0.625
C,90,25,0.75,0.7859,0.1231,-0.364,0.2284,0.625
C,90,25,1.0,0.7885,0.1235,-0.364,0.2284,0.626
C,90,30,0.25,0.7929,0.124,-0.364,0.2282,0.628
C,90,30,0.5,0.7858,0.1231,-0.364,0.2284,0.625
C,90,30,0.75,0.7859,0.1231,-0.364,0.2284,0.625
C,90,30,1.0,0.7885,0.1235,-0.364,0.2284,0.626
C,90,35,0.25,0.793,0.124,-0.364,0.2282,0.628
C,90,35,0.5,0.7858,0.1231,-0.364,0.2284,0.625
C,90,35,0.75,0.7859,0.1231,-0.364,0.2284,0.625
C,90,35,1.0,0.7885,0.1235,-0.364,0.2284,0.626
C,90,40,0.25,0.793,0.124,-0.364,0.2282,0.628
C,90,40,0.5,0.7858,0.1231,-0.364,0.2284,0.625
C,90,40,0.75,0.7859,0.1231,-0.364,0.2284,0.625
C,90,40,1.0,0.7885,0.1235,-0.364,0.2284,0.626
D,55,10,0.25,0.3135,0.0561,-0.1079,0.0793,0.731
D,55,10,0.5,0.4108,0.0713,-0.132,0.0981,0.754
D,55,10,0.75,0.4295,0.0742,-0.1355,0.1056,0.733
D,55,10,1.0,0.4033,0.0702,-0.1357,0.1086,0.681
D,55,15,0.25,0.2478,0.0453,-0.1463,0.1081,0.465
D,55,15,0.5,0.2071,0.0384,-0.1833,0.1228,0.369
D,55,15,0.75,0.1855,0.0347,-0.1949,0.1284,0.33
D,55,15,1.0,0.183,0.0342,-0.1999,0.132,0.321
D,55,20,0.25,0.3092,0.0554,-0.1912,0.1322,0.475
D,55,20,0.5,0.2764,0.0501,-0.2164,0.1454,0.41
D,55,20,0.75,0.2735,0.0496,-0.2321,0.1519,0.396
D,55,20,1.0,0.301,0.0541,-0.2387,0.1554,0.418
D,55,25,0.25,0.3672,0.0646,-0.2101,0.1467,0.502
D,55,25,0.5,0.3883,0.0679,-0.2314,0.1597,0.493
D,55,25,0.75,0.4233,0.0732,-0.2387,0.1652,0.512
D,55,25,1.0,0.4477,0.0769,-0.2387,0.1683,0.526
D,55,30,0.25,0.4076,0.0709,-0.2387,0.1588,0.512
D,55,30,0.5,0.4859,0.0825,-0.2387,0.1675,0.559
D,55,30,0.75,0.5315,0.0891,-0.2387,0.1704,0.588
D,55,30,1.0,0.575,0.0952,-0.2387,0.1722,0.616
D,55,35,0.25,0.4184,0.0725,-0.2387,0.164,0.51
D,55,35,0.5,0.4776,0.0813,-0.2387,0.1714,0.543
D,55,35,0.75,0.4624,0.0791,-0.2387,0.174,0.526
D,55,35,1.0,0.415,0.072,-0.2387,0.1757,0.485
D,55,40,0.25,0.4421,0.0761,-0.2387,0.1713,0.515
D,55,40,0.5,0.4403,0.0758,-0.2387,0.1791,0.499
D,55,40,0.75,0.4167,0.0722,-0.2387,0.1825,0.475
D,55,40,1.0,0.403,0.0702,-0.2387,0.1847,0.461
D,60,10,0.25,0.3706,0.0652,-0.1079,0.0836,0.8
D,60,10,0.5,0.4801,0.0817,-0.132,0.1021,0.823
D,60,10,0.75,0.501,0.0847,-0.1355,0.1093,0.801
D,60,10,1.0,0.4739,0.0808,-0.1357,0.1123,0.75
D,60,15,0.25,0.3146,0.0563,-0.1573,0.1117,0.548
D,60,15,0.5,0.268,0.0487,-0.1938,0.126,0.441
D,60,15,0.75,0.2424,0.0444,-0.2053,0.1315,0.397
D,60,15,1.0,0.2384,0.0438,-0.2119,0.1351,0.385
D,60,20,0.25,0.3427,0.0608,-0.2086,0.1365,0.502
D,60,20,0.5,0.2905,0.0524,-0.2373,0.1494,0.418
D,60,20,0.75,0.2807,0.0508,-0.2508,0.1557,0.397
D,60,20,1.0,0.3054,0.0548,-0.2536,0.159,0.416
D,60,25,0.25,0.397,0.0692,-0.2286,0.1507,0.521
D,60,25,0.5,0.4043,0.0704,-0.2492,0.1635,0.499
D,60,25,0.75,0.4342,0.0749,-0.2542,0.1688,0.514
D,60,25,1.0,0.4554,0.078,-0.2536,0.1717,0.525
D,60,30,0.25,0.4358,0.0751,-0.2487,0.1624,0.529
D,60,30,0.5,0.5019,0.0849,-0.2532,0.1709,0.564
D,60,30,0.75,0.5424,0.0907,-0.2543,0.1738,0.588
D,60,30,1.0,0.5818,0.0962,-0.2536,0.1755,0.613
D,60,35,0.25,0.4389,0.0756,-0.2538,0.1675,0.52
D,60,35,0.5,0.49,0.0831,-0.2522,0.1748,0.546
D,60,35,0.75,0.4736,0.0807,-0.2484,0.1772,0.528
D,60,35,1.0,0.4265,0.0737,-0.2459,0.1789,0.488
D,60,40,0.25,0.3936,0.0687,-0.2461,0.1764,0.466
D,60,40,0.5,0.3649,0.0643,-0.2488,0.1842,0.431
D,60,40,0.75,0.3456,0.0612,-0.239,0.1871,0.412
D,60,40,1.0,0.3339,0.0594,-0.2387,0.189,0.401
D,65,10,0.25,0.4858,0.0825,-0.1313,0.0947,0.888
D,65,10,0.5,0.6104,0.1001,-0.1424,0.1092,0.932
D,65,10,0.75,0.64,0.1041,-0.1469,0.1153,0.92
D,65,10,1.0,0.6148,0.1007,-0.151,0.1178,0.876
D,65,15,0.25,0.4652,0.0795,-0.1629,0.1183,0.708
D,65,15,0.5,0.4411,0.0759,-0.1832,0.1331,0.618
D,65,15,0.75,0.4266,0.0737,-0.1948,0.1401,0.579
D,65,15,1.0,0.4277,0.0739,-0.1999,0.1448,0.566
D,65,20,0.25,0.3971,0.0693,-0.2698,0.1535,0.514
D,65,20,0.5,0.3796,0.0666,-0.2718,0.1634,0.477
D,65,20,0.75,0.3669,0.0646,-0.2718,0.1683,0.457
D,65,20,1.0,0.3832,0.0671,-0.2718,0.171,0.467
D,65,25,0.25,0.4487,0.0771,-0.2714,0.1663,0.531
D,65,25,0.5,0.4795,0.0816,-0.2718,0.1766,0.534
D,65,25,0.75,0.5122,0.0863,-0.2718,0.1811,0.549
D,65,25,1.0,0.5273,0.0885,-0.2718,0.1834,0.556
D,65,30,0.25,0.4902,0.0832,-0.2718,0.178,0.539
D,65,30,0.5,0.5614,0.0933,-0.2718,0.1859,0.575
D,65,30,0.75,0.595,0.098,-0.2718,0.1896,0.59
D,65,30,1.0,0.6397,0.1041,-0.2718,0.1912,0.616
D,65,35,0.25,0.5217,0.0877,-0.2718,0.1853,0.548
D,65,35,0.5,0.5935,0.0978,-0.2718,0.1907,0.586
D,65,35,0.75,0.586,0.0967,-0.2718,0.1923,0.578
D,65,35,1.0,0.5521,0.092,-0.2718,0.1934,0.553
D,65,40,0.25,0.6232,0.1019,-0.2718,0.1906,0.606
D,65,40,0.5,0.6146,0.1007,-0.2718,0.1952,0.591
D,65,40,0.75,0.579,0.0958,-0.2718,0.1971,0.564
D,65,40,1.0,0.5475,0.0914,-0.2718,0.1986,0.541
D,70,10,0.25,0.2749,0.0498,-0.2138,0.1394,0.42
D,70,10,0.5,0.3294,0.0587,-0.2138,0.1469,0.463
D,70,10,0.75,0.3454,0.0612,-0.2138,0.1499,0.472
D,70,10,1.0,0.3387,0.0602,-0.2138,0.1511,0.463
D,70,15,0.25,0.2324,0.0427,-0.2138,0.1514,0.353
D,70,15,0.5,0.2098,0.0389,-0.2239,0.1583,0.321
D,70,15,0.75,0.1941,0.0362,-0.2284,0.1601,0.302
D,70,15,1.0,0.187,0.0349,-0.2294,0.1605,0.295
D,70,20,0.25,0.1807,0.0338,-0.2924,0.17,0.281
D,70,20,0.5,0.1871,0.0349,-0.294,0.1763,0.283
D,70,20,0.75,0.1828,0.0342,-0.294,0.1798,0.277
D,70,20,1.0,0.1928,0.0359,-0.294,0.1816,0.286
D,70,25,0.25,0.2241,0.0413,-0.323,0.1834,0.313
D,70,25,0.5,0.2571,0.0469,-0.3476,0.1919,0.335
D,70,25,0.75,0.2924,0.0527,-0.3496,0.1958,0.361
D,70,25,1.0,0.3066,0.055,-0.3497,0.1979,0.37
D,70,30,0.25,0.3058,0.0549,-0.3324,0.1941,0.373
D,70,30,0.5,0.3484,0.0617,-0.3482,0.2006,0.4
D,70,30,0.75,0.3847,0.0674,-0.3497,0.2033,0.423
D,70,30,1.0,0.4272,0.0738,-0.3497,0.2043,0.452
D,70,35,0.25,0.3292,0.0586,-0.3456,0.2001,0.386
D,70,35,0.5,0.3825,0.067,-0.3496,0.2037,0.421
D,70,35,0.75,0.3926,0.0686,-0.3497,0.2047,0.427
D,70,35,1.0,0.3846,0.0673,-0.3497,0.2054,0.421
D,70,40,0.25,0.4958,0.084,-0.349,0.2045,0.498
D,70,40,0.5,0.5183,0.0872,-0.3497,0.2072,0.509
D,70,40,0.75,0.5077,0.0857,-0.3497,0.2081,0.501
D,70,40,1.0,0.494,0.0837,-0.3497,0.2086,0.491
D,75,10,0.25,0.3948,0.0689,-0.2432,0.1712,0.476
D,75,10,0.5,0.4205,0.0728,-0.2432,0.1746,0.491
D,75,10,0.75,0.4273,0.0738,-0.2432,0.1756,0.495
D,75,10,1.0,0.4202,0.0728,-0.2432,0.176,0.488
D,75,15,0.25,0.3788,0.0664,-0.2432,0.1756,0.455
D,75,15,0.5,0.3837,0.0672,-0.2432,0.1776,0.456
D,75,15,0.75,0.3797,0.0666,-0.2432,0.1784,0.452
D,75,15,1.0,0.3779,0.0663,-0.2432,0.1786,0.45
D,75,20,0.25,0.3681,0.0648,-0.2924,0.1882,0.429
D,75,20,0.5,0.397,0.0692,-0.294,0.1921,0.446
D,75,20,0.75,0.4057,0.0706,-0.294,0.1941,0.45
D,75,20,1.0,0.4177,0.0724,-0.294,0.1949,0.457
D,75,25,0.25,0.4265,0.0737,-0.323,0.1992,0.458
D,75,25,0.5,0.4673,0.0798,-0.3476,0.2048,0.479
D,75,25,0.75,0.4975,0.0842,-0.3496,0.2064,0.496
D,75,25,1.0,0.5125,0.0864,-0.3497,0.2071,0.505
D,75,30,0.25,0.5205,0.0875,-0.3324,0.2044,0.514
D,75,30,0.5,0.5605,0.0932,-0.3482,0.209,0.532
D,75,30,0.75,0.6057,0.0995,-0.3497,0.2108,0.557
D,75,30,1.0,0.6474,0.1051,-0.3497,0.2115,0.58
D,75,35,0.25,0.5475,0.0914,-0.3456,0.2086,0.525
D,75,35,0.5,0.584,0.0965,-0.3502,0.211,0.544
D,75,35,0.75,0.5752,0.0953,-0.3554,0.2117,0.537
D,75,35,1.0,0.5524,0.0921,-0.3608,0.2122,0.523
D,75,40,0.25,0.7789,0.1223,-0.349,0.2127,0.651
D,75,40,0.5,0.792,0.1239,-0.353,0.2146,0.654
D,75,40,0.75,0.7715,0.1213,-0.3575,0.2153,0.642
D,75,40,1.0,0.7569,0.1195,-0.3608,0.2156,0.633
D,80,10,0.25,0.4009,0.0698,-0.3558,0.2074,0.43
D,80,10,0.5,0.4123,0.0716,-0.3623,0.2087,0.437
D,80,10,0.75,0.4217,0.073,-0.364,0.209,0.443
D,80,10,1.0,0.4245,0.0734,-0.364,0.2091,0.445
D,80,15,0.25,0.4113,0.0714,-0.3608,0.2086,0.436
D,80,15,0.5,0.4241,0.0734,-0.364,0.2091,0.444
D,80,15,0.75,0.4281,0.074,-0.364,0.2092,0.447
D,80,15,1.0,0.4277,0.0739,-0.364,0.2092,0.447
D,80,20,0.25,0.4441,0.0764,-0.364,0.2095,0.457
D,80,20,0.5,0.4638,0.0793,-0.364,0.2101,0.47
D,80,20,0.75,0.4682,0.0799,-0.364,0.2103,0.472
D,80,20,1.0,0.4707,0.0803,-0.364,0.2104,0.474
D,80,25,0.25,0.6452,0.1048,-0.364,0.2128,0.577
D,80,25,0.5,0.7401,0.1173,-0.364,0.2151,0.625
D,80,25,0.75,0.7665,0.1207,-0.364,0.2161,0.637
D,80,25,1.0,0.7791,0.1223,-0.364,0.2165,0.643
D,80,30,0.25,0.7491,0.1185,-0.364,0.2155,0.629
D,80,30,0.5,0.8129,0.1265,-0.364,0.2181,0.657
D,80,30,0.75,0.865,0.1329,-0.364,0.2192,0.681
D,80,30,1.0,0.9029,0.1375,-0.364,0.2198,0.698
D,80,35,0.25,0.8155,0.1268,-0.364,0.2181,0.659
D,80,35,0.5,0.8705,0.1336,-0.364,0.2194,0.684
D,80,35,0.75,0.8755,0.1342,-0.364,0.2198,0.685
D,80,35,1.0,0.8666,0.1331,-0.364,0.2201,0.68
D,80,40,0.25,0.8553,0.1317,-0.364,0.2189,0.677
D,80,40,0.5,0.8744,0.1341,-0.364,0.2197,0.685
D,80,40,0.75,0.868,0.1333,-0.364,0.22,0.681
D,80,40,1.0,0.8597,0.1323,-0.364,0.2202,0.677
D,85,10,0.25,0.775,0.1218,-0.3558,0.2264,0.623
D,85,10,0.5,0.7894,0.1236,-0.3623,0.2276,0.628
D,85,10,0.75,0.8014,0.1251,-0.364,0.2279,0.633
D,85,10,1.0,0.8049,0.1255,-0.364,0.228,0.635
D,85,15,0.25,0.7882,0.1234,-0.3608,0.2276,0.627
D,85,15,0.5,0.8044,0.1255,-0.364,0.228,0.635
D,85,15,0.75,0.8094,0.1261,-0.364,0.228,0.637
D,85,15,1.0,0.809,0.126,-0.364,0.2281,0.637
D,85,20,0.25,0.7945,0.1242,-0.364,0.2278,0.63
D,85,20,0.5,0.8096,0.1261,-0.364,0.228,0.637
D,85,20,0.75,0.8099,0.1261,-0.364,0.2281,0.637
D,85,20,1.0,0.809,0.126,-0.364,0.2281,0.637
D,85,25,0.25,0.7982,0.1247,-0.364,0.228,0.631
D,85,25,0.5,0.7921,0.1239,-0.364,0.2282,0.628
D,85,25,0.75,0.7835,0.1228,-0.364,0.2283,0.624
D,85,25,1.0,0.7755,0.1218,-0.364,0.2284,0.62
D,85,30,0.25,0.7997,0.1249,-0.364,0.228,0.632
D,85,30,0.5,0.7921,0.1239,-0.364,0.2282,0.628
D,85,30,0.75,0.7835,0.1228,-0.364,0.2283,0.624
D,85,30,1.0,0.7755,0.1218,-0.364,0.2284,0.62
D,85,35,0.25,0.8,0.1249,-0.364,0.228,0.632
D,85,35,0.5,0.7921,0.1239,-0.364,0.2282,0.628
D,85,35,0.75,0.7835,0.1228,-0.364,0.2283,0.624
D,85,35,1.0,0.7755,0.1218,-0.364,0.2284,0.62
D,85,40,0.25,0.8,0.1249,-0.364,0.228,0.632
D,85,40,0.5,0.7921,0.1239,-0.364,0.2282,0.628
D,85,40,0.75,0.7835,0.1228,-0.364,0.2283,0.624
D,85,40,1.0,0.7755,0.1218,-0.364,0.2284,0.62
D,90,10,0.25,0.775,0.1218,-0.3558,0.2264,0.623
D,90,10,0.5,0.7894,0.1236,-0.3623,0.2276,0.628
D,90,10,0.75,0.8014,0.1251,-0.364,0.2279,0.633
D,90,10,1.0,0.8049,0.1255,-0.364,0.228,0.635
D,90,15,0.25,0.7882,0.1234,-0.3608,0.2276,0.627
D,90,15,0.5,0.8044,0.1255,-0.364,0.228,0.635
D,90,15,0.75,0.8094,0.1261,-0.364,0.228,0.637
D,90,15,1.0,0.809,0.126,-0.364,0.2281,0.637
D,90,20,0.25,0.7945,0.1242,-0.364,0.2278,0.63
D,90,20,0.5,0.8096,0.1261,-0.364,0.228,0.637
D,90,20,0.75,0.8099,0.1261,-0.364,0.2281,0.637
D,90,20,1.0,0.809,0.126,-0.364,0.2281,0.637
D,90,25,0.25,0.7982,0.1247,-0.364,0.228,0.631
D,90,25,0.5,0.7921,0.1239,-0.364,0.2282,0.628
D,90,25,0.75,0.7835,0.1228,-0.364,0.2283,0.624
D,90,25,1.0,0.7755,0.1218,-0.364,0.2284,0.62
D,90,30,0.25,0.7997,0.1249,-0.364,0.228,0.632
D,90,30,0.5,0.7921,0.1239,-0.364,0.2282,0.628
D,90,30,0.75,0.7835,0.1228,-0.364,0.2283,0.624
D,90,30,1.0,0.7755,0.1218,-0.364,0.2284,0.62
D,90,35,0.25,0.8,0.1249,-0.364,0.228,0.632
D,90,35,0.5,0.7921,0.1239,-0.364,0.2282,0.628
D,90,35,0.75,0.7835,0.1228,-0.364,0.2283,0.624
D,90,35,1.0,0.7755,0.1218,-0.364,0.2284,0.62
D,90,40,0.25,0.8,0.1249,-0.364,0.228,0.632
D,90,40,0.5,0.7921,0.1239,-0.364,0.2282,0.628
D,90,40,0.75,0.7835,0.1228,-0.364,0.2283,0.624
D,90,40,1.0,0.7755,0.1218,-0.364,0.2284,0.62
E,55,10,0.25,0.3142,0.0562,-0.117,0.0889,0.662
E,55,10,0.5,0.388,0.0679,-0.1345,0.1032,0.69
E,55,10,0.75,0.4031,0.0702,-0.1356,0.109,0.679
E,55,10,1.0,0.379,0.0665,-0.1357,0.1115,0.635
E,55,15,0.25,0.2526,0.0461,-0.1709,0.1138,0.454
E,55,15,0.5,0.2208,0.0408,-0.1959,0.1253,0.382
E,55,15,0.75,0.2096,0.0388,-0.2006,0.1298,0.359
E,55,15,1.0,0.2049,0.038,-0.2047,0.133,0.348
E,55,20,0.25,0.3205,0.0572,-0.1986,0.1349,0.481
E,55,20,0.5,0.2884,0.0521,-0.2225,0.147,0.42
E,55,20,0.75,0.287,0.0518,-0.2367,0.1529,0.408
E,55,20,1.0,0.312,0.0559,-0.2387,0.1556,0.428
E,55,25,0.25,0.3645,0.0642,-0.2164,0.1481,0.496
E,55,25,0.5,0.3888,0.068,-0.2363,0.1605,0.491
E,55,25,0.75,0.43,0.0742,-0.2387,0.1657,0.517
E,55,25,1.0,0.4563,0.0782,-0.2387,0.1684,0.533
E,55,30,0.25,0.4167,0.0722,-0.2387,0.1594,0.519
E,55,30,0.5,0.4905,0.0832,-0.2387,0.1676,0.562
E,55,30,0.75,0.5354,0.0897,-0.2387,0.1705,0.591
E,55,30,1.0,0.5744,0.0951,-0.2387,0.1722,0.616
E,55,35,0.25,0.425,0.0735,-0.2387,0.1641,0.516
E,55,35,0.5,0.4827,0.0821,-0.2387,0.1715,0.547
E,55,35,0.75,0.4665,0.0797,-0.2387,0.174,0.529
E,55,35,1.0,0.4194,0.0726,-0.2387,0.1757,0.488
E,55,40,0.25,0.4458,0.0766,-0.2387,0.1713,0.518
E,55,40,0.5,0.4421,0.0761,-0.2387,0.1791,0.5
E,55,40,0.75,0.4181,0.0725,-0.2387,0.1825,0.476
E,55,40,1.0,0.4048,0.0704,-0.2387,0.1847,0.462
E,60,10,0.25,0.3762,0.066,-0.1445,0.098,0.704
E,60,10,0.5,0.4489,0.0771,-0.1466,0.1105,0.73
E,60,10,0.75,0.4632,0.0792,-0.1487,0.1154,0.72
E,60,10,1.0,0.4384,0.0755,-0.1509,0.1176,0.68
E,60,15,0.25,0.322,0.0575,-0.1977,0.1198,0.528
E,60,15,0.5,0.2908,0.0524,-0.217,0.1298,0.46
E,60,15,0.75,0.2772,0.0502,-0.221,0.1341,0.433
E,60,15,1.0,0.2716,0.0493,-0.2244,0.1372,0.42
E,60,20,0.25,0.3566,0.063,-0.2218,0.1402,0.507
E,60,20,0.5,0.3115,0.0558,-0.2448,0.1519,0.435
E,60,20,0.75,0.3093,0.0555,-0.2539,0.1573,0.423
E,60,20,1.0,0.3337,0.0594,-0.2563,0.1598,0.442
E,60,25,0.25,0.393,0.0686,-0.2392,0.1528,0.512
E,60,25,0.5,0.4057,0.0706,-0.2562,0.1646,0.498
E,60,25,0.75,0.4433,0.0763,-0.2561,0.1694,0.52
E,60,25,1.0,0.4666,0.0797,-0.2563,0.172,0.533
E,60,30,0.25,0.4417,0.076,-0.2513,0.1634,0.531
E,60,30,0.5,0.5042,0.0852,-0.256,0.1714,0.564
E,60,30,0.75,0.5445,0.0909,-0.257,0.1741,0.589
E,60,30,1.0,0.5799,0.0959,-0.2563,0.1757,0.611
E,60,35,0.25,0.4485,0.077,-0.2565,0.1681,0.527
E,60,35,0.5,0.4946,0.0838,-0.2551,0.1751,0.549
E,60,35,0.75,0.4748,0.0809,-0.2517,0.1775,0.529
E,60,35,1.0,0.4269,0.0738,-0.2494,0.1791,0.488
E,60,40,0.25,0.3996,0.0696,-0.2562,0.1771,0.47
E,60,40,0.5,0.3764,0.0661,-0.255,0.1845,0.44
E,60,40,0.75,0.3607,0.0636,-0.243,0.1872,0.424
E,60,40,1.0,0.3487,0.0617,-0.2387,0.1891,0.412
E,65,10,0.25,0.4408,0.0759,-0.1778,0.1127,0.708
E,65,10,0.5,0.5362,0.0898,-0.1778,0.1209,0.774
E,65,10,0.75,0.5579,0.0928,-0.1797,0.1251,0.775
E,65,10,1.0,0.5368,0.0899,-0.1824,0.1269,0.744
E,65,15,0.25,0.4395,0.0757,-0.1899,0.1307,0.625
E,65,15,0.5,0.4318,0.0745,-0.2021,0.1409,0.582
E,65,15,0.75,0.4294,0.0742,-0.2061,0.1464,0.563
E,65,15,1.0,0.4167,0.0722,-0.2096,0.1492,0.544
E,65,20,0.25,0.3925,0.0686,-0.2717,0.1582,0.499
E,65,20,0.5,0.3685,0.0648,-0.2718,0.1664,0.462
E,65,20,0.75,0.3617,0.0638,-0.2718,0.1705,0.449
E,65,20,1.0,0.3766,0.0661,-0.2718,0.1723,0.459
E,65,25,0.25,0.4336,0.0748,-0.2717,0.1692,0.512
E,65,25,0.5,0.4572,0.0783,-0.2718,0.1784,0.513
E,65,25,0.75,0.4937,0.0837,-0.2718,0.1823,0.533
E,65,25,1.0,0.508,0.0857,-0.2718,0.1842,0.54
E,65,30,0.25,0.4878,0.0828,-0.2718,0.1798,0.534
E,65,30,0.5,0.5471,0.0913,-0.2718,0.1873,0.562
E,65,30,0.75,0.6002,0.0987,-0.2718,0.19,0.592
E,65,30,1.0,0.6299,0.1028,-0.2718,0.1913,0.609
E,65,35,0.25,0.5266,0.0884,-0.2718,0.1861,0.55
E,65,35,0.5,0.587,0.0969,-0.2718,0.1909,0.582
E,65,35,0.75,0.5753,0.0953,-0.2718,0.1925,0.571
E,65,35,1.0,0.5404,0.0904,-0.2718,0.1936,0.545
E,65,40,0.25,0.6097,0.1,-0.2718,0.1908,0.597
E,65,40,0.5,0.5978,0.0984,-0.2718,0.1953,0.58
E,65,40,0.75,0.5619,0.0934,-0.2718,0.1971,0.553
E,65,40,1.0,0.5308,0.089,-0.2718,0.1986,0.53
E,70,10,0.25,0.2782,0.0504,-0.2367,0.1546,0.396
E,70,10,0.5,0.3165,0.0566,-0.2366,0.1578,0.429
E,70,10,0.75,0.3274,0.0584,-0.2376,0.1594,0.437
E,70,10,1.0,0.323,0.0576,-0.2391,0.16,0.431
E,70,15,0.25,0.242,0.0444,-0.2442,0.1626,0.349
E,70,15,0.5,0.2397,0.044,-0.2491,0.1653,0.344
E,70,15,0.75,0.234,0.043,-0.2511,0.166,0.337
E,70,15,1.0,0.2296,0.0422,-0.2516,0.1663,0.333
E,70,20,0.25,0.23,0.0423,-0.2939,0.1748,0.325
E,70,20,0.5,0.2301,0.0423,-0.294,0.1798,0.321
E,70,20,0.75,0.2328,0.0428,-0.294,0.1823,0.322
E,70,20,1.0,0.24,0.044,-0.294,0.1835,0.327
E,70,25,0.25,0.249,0.0455,-0.331,0.1869,0.332
E,70,25,0.5,0.2755,0.0499,-0.3495,0.194,0.349
E,70,25,0.75,0.3041,0.0546,-0.3497,0.197,0.369
E,70,25,1.0,0.3177,0.0568,-0.3497,0.1985,0.378
E,70,30,0.25,0.325,0.058,-0.339,0.1958,0.387
E,70,30,0.5,0.3642,0.0642,-0.3492,0.2014,0.41
E,70,30,0.75,0.4185,0.0725,-0.3497,0.2035,0.447
E,70,30,1.0,0.4528,0.0777,-0.3497,0.2044,0.469
E,70,35,0.25,0.3578,0.0632,-0.3485,0.2009,0.406
E,70,35,0.5,0.4109,0.0714,-0.3497,0.2038,0.441
E,70,35,0.75,0.4188,0.0726,-0.3497,0.2048,0.446
E,70,35,1.0,0.4097,0.0712,-0.3497,0.2055,0.439
E,70,40,0.25,0.513,0.0865,-0.3493,0.2047,0.509
E,70,40,0.5,0.5329,0.0893,-0.3497,0.2073,0.518
E,70,40,0.75,0.5217,0.0877,-0.3497,0.2081,0.509
E,70,40,1.0,0.5076,0.0857,-0.3497,0.2086,0.5
E,75,10,0.25,0.4346,0.0749,-0.2465,0.1822,0.489
E,75,10,0.5,0.4587,0.0785,-0.2495,0.1834,0.505
E,75,10,0.75,0.4649,0.0795,-0.2512,0.1839,0.509
E,75,10,1.0,0.4604,0.0788,-0.2527,0.1842,0.505
E,75,15,0.25,0.4384,0.0755,-0.2562,0.184,0.489
E,75,15,0.5,0.4461,0.0767,-0.2623,0.1851,0.493
E,75,15,0.75,0.4444,0.0764,-0.2643,0.1855,0.491
E,75,15,1.0,0.4434,0.0763,-0.2647,0.1856,0.49
E,75,20,0.25,0.427,0.0738,-0.2939,0.1921,0.468
E,75,20,0.5,0.4419,0.076,-0.294,0.1949,0.475
E,75,20,0.75,0.4512,0.0774,-0.294,0.1963,0.479
E,75,20,1.0,0.4619,0.079,-0.294,0.1968,0.486
E,75,25,0.25,0.4592,0.0786,-0.331,0.2018,0.477
E,75,25,0.5,0.4946,0.0838,-0.3495,0.2062,0.495
E,75,25,0.75,0.5155,0.0868,-0.3497,0.2074,0.506
E,75,25,1.0,0.5258,0.0883,-0.3497,0.208,0.512
E,75,30,0.25,0.5401,0.0903,-0.339,0.2062,0.524
E,75,30,0.5,0.5912,0.0975,-0.3492,0.21,0.55
E,75,30,0.75,0.6485,0.1053,-0.3497,0.2111,0.582
E,75,30,1.0,0.6778,0.1092,-0.3497,0.2117,0.597
E,75,35,0.25,0.5822,0.0962,-0.3485,0.2093,0.545
E,75,35,0.5,0.6173,0.1011,-0.3502,0.2113,0.563
E,75,35,0.75,0.6071,0.0997,-0.3554,0.2119,0.556
E,75,35,1.0,0.5843,0.0965,-0.3608,0.2124,0.542
E,75,40,0.25,0.8076,0.1259,-0.3493,0.213,0.665
E,75,40,0.5,0.8129,0.1265,-0.353,0.2148,0.664
E,75,40,0.75,0.7904,0.1237,-0.3575,0.2154,0.651
E,75,40,1.0,0.7748,0.1217,-0.3608,0.2157,0.642
E,80,10,0.25,0.5132,0.0865,-0.3596,0.2126,0.498
E,80,10,0.5,0.5296,0.0888,-0.364,0.2133,0.507
E,80,10,0.75,0.5394,0.0902,-0.364,0.2135,0.513
E,80,10,1.0,0.5403,0.0904,-0.364,0.2136,0.513
E,80,15,0.25,0.5256,0.0883,-0.364,0.2132,0.505
E,80,15,0.5,0.542,0.0906,-0.364,0.2135,0.514
E,80,15,0.75,0.5443,0.0909,-0.364,0.2136,0.516
E,80,15,1.0,0.5438,0.0909,-0.364,0.2136,0.515
E,80,20,0.25,0.5382,0.0901,-0.364,0.2134,0.512
E,80,20,0.5,0.5449,0.091,-0.364,0.2135,0.516
E,80,20,0.75,0.5446,0.091,-0.364,0.2136,0.516
E,80,20,1.0,0.5438,0.0909,-0.364,0.2136,0.515
E,80,25,0.25,0.7026,0.1124,-0.364,0.2162,0.603
E,80,25,0.5,0.7665,0.1207,-0.364,0.218,0.634
E,80,25,0.75,0.7767,0.122,-0.364,0.2186,0.638
E,80,25,1.0,0.7838,0.1229,-0.364,0.2189,0.641
E,80,30,0.25,0.7864,0.1232,-0.364,0.2179,0.644
E,80,30,0.5,0.8495,0.131,-0.364,0.2191,0.674
E,80,30,0.75,0.8804,0.1348,-0.364,0.2196,0.688
E,80,30,1.0,0.8983,0.1369,-0.364,0.22,0.696
E,80,35,0.25,0.8368,0.1295,-0.364,0.2188,0.668
E,80,35,0.5,0.8721,0.1338,-0.364,0.2197,0.684
E,80,35,0.75,0.8752,0.1342,-0.364,0.2201,0.684
E,80,35,1.0,0.8682,0.1333,-0.364,0.2203,0.68
E,80,40,0.25,0.8602,0.1323,-0.364,0.2192,0.679
E,80,40,0.5,0.8783,0.1345,-0.364,0.22,0.686
E,80,40,0.75,0.874,0.134,-0.364,0.2203,0.683
E,80,40,1.0,0.867,0.1332,-0.364,0.2204,0.68
E,85,10,0.25,0.7731,0.1215,-0.3596,0.2272,0.62
E,85,10,0.5,0.7923,0.1239,-0.364,0.2278,0.629
E,85,10,0.75,0.8038,0.1254,-0.364,0.2279,0.634
E,85,10,1.0,0.8049,0.1255,-0.364,0.228,0.635
E,85,15,0.25,0.7877,0.1234,-0.364,0.2277,0.627
E,85,15,0.5,0.8068,0.1258,-0.364,0.228,0.636
E,85,15,0.75,0.8096,0.1261,-0.364,0.2281,0.637
E,85,15,1.0,0.809,0.126,-0.364,0.2281,0.637
E,85,20,0.25,0.8025,0.1252,-0.364,0.2278,0.634
E,85,20,0.5,0.8103,0.1262,-0.364,0.228,0.637
E,85,20,0.75,0.8099,0.1261,-0.364,0.2281,0.637
E,85,20,1.0,0.809,0.126,-0.364,0.2281,0.637
E,85,25,0.25,0.7983,0.1247,-0.364,0.228,0.631
E,85,25,0.5,0.7921,0.1239,-0.364,0.2282,0.628
E,85,25,0.75,0.7835,0.1228,-0.364,0.2283,0.624
E,85,25,1.0,0.7755,0.1218,-0.364,0.2284,0.62
E,85,30,0.25,0.7997,0.1249,-0.364,0.228,0.632
E,85,30,0.5,0.7921,0.1239,-0.364,0.2282,0.628
E,85,30,0.75,0.7835,0.1228,-0.364,0.2283,0.624
E,85,30,1.0,0.7755,0.1218,-0.364,0.2284,0.62
E,85,35,0.25,0.7999,0.1249,-0.364,0.228,0.632
E,85,35,0.5,0.7921,0.1239,-0.364,0.2282,0.628
E,85,35,0.75,0.7835,0.1228,-0.364,0.2283,0.624
E,85,35,1.0,0.7755,0.1218,-0.364,0.2284,0.62
E,85,40,0.25,0.7999,0.1249,-0.364,0.228,0.632
E,85,40,0.5,0.7921,0.1239,-0.364,0.2282,0.628
E,85,40,0.75,0.7835,0.1228,-0.364,0.2283,0.624
E,85,40,1.0,0.7755,0.1218,-0.364,0.2284,0.62
E,90,10,0.25,0.7731,0.1215,-0.3596,0.2272,0.62
E,90,10,0.5,0.7923,0.1239,-0.364,0.2278,0.629
E,90,10,0.75,0.8038,0.1254,-0.364,0.2279,0.634
E,90,10,1.0,0.8049,0.1255,-0.364,0.228,0.635
E,90,15,0.25,0.7877,0.1234,-0.364,0.2277,0.627
E,90,15,0.5,0.8068,0.1258,-0.364,0.228,0.636
E,90,15,0.75,0.8096,0.1261,-0.364,0.2281,0.637
E,90,15,1.0,0.809,0.126,-0.364,0.2281,0.637
E,90,20,0.25,0.8025,0.1252,-0.364,0.2278,0.634
E,90,20,0.5,0.8103,0.1262,-0.364,0.228,0.637
E,90,20,0.75,0.8099,0.1261,-0.364,0.2281,0.637
E,90,20,1.0,0.809,0.126,-0.364,0.2281,0.637
E,90,25,0.25,0.7983,0.1247,-0.364,0.228,0.631
E,90,25,0.5,0.7921,0.1239,-0.364,0.2282,0.628
E,90,25,0.75,0.7835,0.1228,-0.364,0.2283,0.624
E,90,25,1.0,0.7755,0.1218,-0.364,0.2284,0.62
E,90,30,0.25,0.7997,0.1249,-0.364,0.228,0.632
E,90,30,0.5,0.7921,0.1239,-0.364,0.2282,0.628
E,90,30,0.75,0.7835,0.1228,-0.364,0.2283,0.624
E,90,30,1.0,0.7755,0.1218,-0.364,0.2284,0.62
E,90,35,0.25,0.7999,0.1249,-0.364,0.228,0.632
E,90,35,0.5,0.7921,0.1239,-0.364,0.2282,0.628
E,90,35,0.75,0.7835,0.1228,-0.364,0.2283,0.624
E,90,35,1.0,0.7755,0.1218,-0.364,0.2284,0.62
E,90,40,0.25,0.7999,0.1249,-0.364,0.228,0.632
E,90,40,0.5,0.7921,0.1239,-0.364,0.2282,0.628
E,90,40,0.75,0.7835,0.1228,-0.364,0.2283,0.624
E,90,40,1.0,0.7755,0.1218,-0.364,0.2284,0.62
F,55,10,0.25,0.3126,0.056,-0.1079,0.079,0.732
F,55,10,0.5,0.409,0.0711,-0.132,0.0976,0.755
F,55,10,0.75,0.4326,0.0746,-0.1355,0.105,0.74
F,55,10,1.0,0.4165,0.0722,-0.1357,0.108,0.701
F,55,15,0.25,0.2377,0.0436,-0.1463,0.1075,0.452
F,55,15,0.5,0.1982,0.0369,-0.1833,0.1221,0.358
F,55,15,0.75,0.1843,0.0344,-0.1949,0.1277,0.33
F,55,15,1.0,0.1914,0.0357,-0.1999,0.1315,0.333
F,55,20,0.25,0.3076,0.0552,-0.1912,0.1318,0.474
F,55,20,0.5,0.284,0.0513,-0.2164,0.145,0.419
F,55,20,0.75,0.2885,0.0521,-0.2321,0.1515,0.412
F,55,20,1.0,0.3202,0.0572,-0.2387,0.155,0.437
F,55,25,0.25,0.3771,0.0662,-0.2101,0.1462,0.513
F,55,25,0.5,0.4146,0.0719,-0.2314,0.1591,0.518
F,55,25,0.75,0.4619,0.079,-0.2387,0.1646,0.546
F,55,25,1.0,0.4968,0.0841,-0.2387,0.1676,0.568
F,55,30,0.25,0.42,0.0727,-0.2387,0.1584,0.524
F,55,30,0.5,0.5144,0.0867,-0.2387,0.1669,0.583
F,55,30,0.75,0.573,0.095,-0.2387,0.1698,0.621
F,55,30,1.0,0.6284,0.1026,-0.2387,0.1715,0.657
F,55,35,0.25,0.4311,0.0744,-0.2387,0.1636,0.522
F,55,35,0.5,0.5059,0.0854,-0.2387,0.1709,0.567
F,55,35,0.75,0.5021,0.0849,-0.2387,0.1733,0.558
F,55,35,1.0,0.463,0.0792,-0.2387,0.175,0.524
F,55,40,0.25,0.4551,0.078,-0.2387,0.1708,0.527
F,55,40,0.5,0.468,0.0799,-0.2387,0.1786,0.521
F,55,40,0.75,0.4551,0.078,-0.2387,0.1819,0.505
F,55,40,1.0,0.4506,0.0773,-0.2387,0.184,0.498
F,60,10,0.25,0.3709,0.0652,-0.1079,0.0832,0.804
F,60,10,0.5,0.48,0.0817,-0.132,0.1016,0.826
F,60,10,0.75,0.5055,0.0854,-0.1355,0.1088,0.81
F,60,10,1.0,0.4878,0.0828,-0.1357,0.1117,0.77
F,60,15,0.25,0.3067,0.055,-0.1573,0.1111,0.539
F,60,15,0.5,0.2613,0.0476,-0.1938,0.1253,0.435
F,60,15,0.75,0.2426,0.0445,-0.2053,0.1308,0.399
F,60,15,1.0,0.2473,0.0452,-0.2119,0.1346,0.397
F,60,20,0.25,0.3426,0.0608,-0.2086,0.136,0.503
F,60,20,0.5,0.2988,0.0538,-0.2373,0.1489,0.427
F,60,20,0.75,0.2958,0.0533,-0.2508,0.1553,0.413
F,60,20,1.0,0.3247,0.0579,-0.2536,0.1587,0.435
F,60,25,0.25,0.4077,0.0709,-0.2286,0.1503,0.532
F,60,25,0.5,0.4309,0.0744,-0.2492,0.1629,0.523
F,60,25,0.75,0.473,0.0806,-0.2542,0.1682,0.547
F,60,25,1.0,0.5048,0.0853,-0.2536,0.1709,0.566
F,60,30,0.25,0.4489,0.0771,-0.2487,0.162,0.541
F,60,30,0.5,0.5307,0.089,-0.2532,0.1704,0.587
F,60,30,0.75,0.5842,0.0965,-0.2543,0.1732,0.621
F,60,30,1.0,0.6355,0.1035,-0.2536,0.1748,0.653
F,60,35,0.25,0.4522,0.0776,-0.2538,0.1671,0.532
F,60,35,0.5,0.5187,0.0873,-0.2522,0.1742,0.569
F,60,35,0.75,0.5136,0.0865,-0.2484,0.1766,0.56
F,60,35,1.0,0.4749,0.0809,-0.2459,0.1782,0.527
F,60,40,0.25,0.4064,0.0707,-0.2461,0.176,0.477
F,60,40,0.5,0.3911,0.0683,-0.2488,0.1837,0.453
F,60,40,0.75,0.382,0.0669,-0.239,0.1865,0.442
F,60,40,1.0,0.3792,0.0665,-0.2387,0.1884,0.437
F,65,10,0.25,0.4807,0.0818,-0.1313,0.0943,0.884
F,65,10,0.5,0.6026,0.099,-0.1424,0.1087,0.927
F,65,10,0.75,0.6391,0.104,-0.1469,0.1147,0.923
F,65,10,1.0,0.6301,0.1028,-0.151,0.1173,0.896
F,65,15,0.25,0.4442,0.0764,-0.1629,0.1176,0.687
F,65,15,0.5,0.4216,0.073,-0.1832,0.1323,0.6
F,65,15,0.75,0.4202,0.0728,-0.1948,0.1394,0.575
F,65,15,1.0,0.4379,0.0754,-0.1999,0.1444,0.578
F,65,20,0.25,0.3905,0.0682,-0.2698,0.1531,0.509
F,65,20,0.5,0.3857,0.0675,-0.2718,0.163,0.484
F,65,20,0.75,0.3826,0.067,-0.2718,0.1679,0.472
F,65,20,1.0,0.4036,0.0703,-0.2718,0.1706,0.484
F,65,25,0.25,0.4571,0.0783,-0.2714,0.1658,0.539
F,65,25,0.5,0.5073,0.0856,-0.2718,0.176,0.556
F,65,25,0.75,0.5532,0.0922,-0.2718,0.1805,0.581
F,65,25,1.0,0.5791,0.0958,-0.2718,0.1827,0.594
F,65,30,0.25,0.5022,0.0849,-0.2718,0.1776,0.549
F,65,30,0.5,0.5913,0.0975,-0.2718,0.1854,0.596
F,65,30,0.75,0.6382,0.1039,-0.2718,0.1891,0.619
F,65,30,1.0,0.6953,0.1115,-0.2718,0.1905,0.652
F,65,35,0.25,0.5345,0.0895,-0.2718,0.1849,0.558
F,65,35,0.5,0.6241,0.102,-0.2718,0.1902,0.608
F,65,35,0.75,0.6289,0.1026,-0.2718,0.1918,0.607
F,65,35,1.0,0.6047,0.0993,-0.2718,0.1928,0.589
F,65,40,0.25,0.6369,0.1037,-0.2718,0.1902,0.616
F,65,40,0.5,0.6456,0.1049,-0.2718,0.1947,0.612
F,65,40,0.75,0.6218,0.1017,-0.2718,0.1965,0.593
F,65,40,1.0,0.6,0.0987,-0.2718,0.1979,0.576
F,70,10,0.25,0.2675,0.0486,-0.2138,0.1391,0.412
F,70,10,0.5,0.3188,0.057,-0.2138,0.1465,0.453
F,70,10,0.75,0.3423,0.0607,-0.2138,0.1494,0.47
F,70,10,1.0,0.3513,0.0621,-0.2138,0.1506,0.477
F,70,15,0.25,0.208,0.0386,-0.2138,0.1509,0.327
F,70,15,0.5,0.1875,0.035,-0.2239,0.1576,0.298
F,70,15,0.75,0.1861,0.0348,-0.2284,0.1594,0.294
F,70,15,1.0,0.1955,0.0364,-0.2294,0.16,0.304
F,70,20,0.25,0.1716,0.0322,-0.2924,0.1696,0.272
F,70,20,0.5,0.1907,0.0356,-0.294,0.1759,0.287
F,70,20,0.75,0.1962,0.0365,-0.294,0.1795,0.29
F,70,20,1.0,0.2105,0.039,-0.294,0.1813,0.302
F,70,25,0.25,0.2296,0.0423,-0.323,0.1829,0.318
F,70,25,0.5,0.2806,0.0508,-0.3476,0.1914,0.355
F,70,25,0.75,0.3275,0.0584,-0.3496,0.1953,0.389
F,70,25,1.0,0.3509,0.0621,-0.3497,0.1973,0.405
F,70,30,0.25,0.3154,0.0564,-0.3324,0.1937,0.381
F,70,30,0.5,0.3742,0.0657,-0.3482,0.2001,0.419
F,70,30,0.75,0.4222,0.0731,-0.3497,0.2027,0.45
F,70,30,1.0,0.4756,0.081,-0.3497,0.2037,0.486
F,70,35,0.25,0.3397,0.0603,-0.3456,0.1998,0.394
F,70,35,0.5,0.409,0.0711,-0.3496,0.2032,0.441
F,70,35,0.75,0.4304,0.0743,-0.3497,0.2042,0.454
F,70,35,1.0,0.4315,0.0745,-0.3497,0.2048,0.454
F,70,40,0.25,0.5076,0.0857,-0.349,0.2041,0.506
F,70,40,0.5,0.5474,0.0914,-0.3497,0.2067,0.528
F,70,40,0.75,0.5486,0.0915,-0.3497,0.2076,0.527
F,70,40,1.0,0.5446,0.091,-0.3497,0.208,0.524
F,75,10,0.25,0.3898,0.0681,-0.2432,0.171,0.472
F,75,10,0.5,0.4133,0.0717,-0.2432,0.1742,0.486
F,75,10,0.75,0.4252,0.0735,-0.2432,0.1752,0.494
F,75,10,1.0,0.4336,0.0748,-0.2432,0.1756,0.5
F,75,15,0.25,0.3584,0.0633,-0.2432,0.175,0.439
F,75,15,0.5,0.3633,0.064,-0.2432,0.1769,0.44
F,75,15,0.75,0.3715,0.0653,-0.2432,0.1778,0.446
F,75,15,1.0,0.3877,0.0678,-0.2432,0.1782,0.459
F,75,20,0.25,0.3613,0.0637,-0.2924,0.1878,0.424
F,75,20,0.5,0.4013,0.0699,-0.294,0.1918,0.449
F,75,20,0.75,0.4216,0.073,-0.294,0.1938,0.462
F,75,20,1.0,0.4387,0.0756,-0.294,0.1946,0.473
F,75,25,0.25,0.4347,0.075,-0.323,0.1988,0.464
F,75,25,0.5,0.4949,0.0838,-0.3476,0.2043,0.498
F,75,25,0.75,0.5381,0.09,-0.3496,0.2059,0.523
F,75,25,1.0,0.5638,0.0937,-0.3497,0.2065,0.538
F,75,30,0.25,0.5326,0.0893,-0.3324,0.2041,0.523
F,75,30,0.5,0.5904,0.0974,-0.3482,0.2086,0.551
F,75,30,0.75,0.6492,0.1054,-0.3497,0.2103,0.583
F,75,30,1.0,0.7033,0.1125,-0.3497,0.2109,0.613
F,75,35,0.25,0.5604,0.0932,-0.3456,0.2083,0.534
F,75,35,0.5,0.6144,0.1007,-0.3502,0.2106,0.562
F,75,35,0.75,0.6179,0.1011,-0.3554,0.2112,0.564
F,75,35,1.0,0.605,0.0994,-0.3608,0.2116,0.555
F,75,40,0.25,0.7938,0.1241,-0.349,0.2123,0.659
F,75,40,0.5,0.8264,0.1282,-0.353,0.2142,0.672
F,75,40,0.75,0.8195,0.1273,-0.3575,0.2147,0.668
F,75,40,1.0,0.8165,0.127,-0.3608,0.215,0.666
F,80,10,0.25,0.421,0.0729,-0.3422,0.2053,0.447
F,80,10,0.5,0.4079,0.0709,-0.3585,0.2077,0.435
F,80,10,0.75,0.4217,0.073,-0.3623,0.2086,0.443
F,80,10,1.0,0.4379,0.0754,-0.364,0.2088,0.454
F,80,15,0.25,0.421,0.0729,-0.3422,0.2053,0.447
F,80,15,0.5,0.4079,0.0709,-0.3585,0.2077,0.435
F,80,15,0.75,0.4217,0.073,-0.3623,0.2086,0.443
F,80,15,1.0,0.4379,0.0754,-0.364,0.2088,0.454
F,80,20,0.25,0.4427,0.0762,-0.359,0.2086,0.457
F,80,20,0.5,0.4683,0.0799,-0.364,0.2098,0.473
F,80,20,0.75,0.4848,0.0824,-0.364,0.21,0.483
F,80,20,1.0,0.4924,0.0835,-0.364,0.2101,0.488
F,80,25,0.25,0.6532,0.1059,-0.364,0.2124,0.582
F,80,25,0.5,0.7727,0.1215,-0.364,0.2147,0.643
F,80,25,0.75,0.8144,0.1267,-0.364,0.2156,0.663
F,80,25,1.0,0.8394,0.1298,-0.364,0.2159,0.675
F,80,30,0.25,0.7622,0.1201,-0.364,0.2151,0.637
F,80,30,0.5,0.8476,0.1308,-0.364,0.2177,0.676
F,80,30,0.75,0.9155,0.139,-0.364,0.2187,0.707
F,80,30,1.0,0.9674,0.1451,-0.364,0.2192,0.73
F,80,35,0.25,0.83,0.1286,-0.364,0.2178,0.667
F,80,35,0.5,0.9064,0.1379,-0.364,0.2189,0.702
F,80,35,0.75,0.9263,0.1403,-0.364,0.2193,0.711
F,80,35,1.0,0.9299,0.1407,-0.364,0.2195,0.712
F,80,40,0.25,0.8702,0.1336,-0.364,0.2185,0.685
F,80,40,0.5,0.9104,0.1384,-0.364,0.2193,0.703
F,80,40,0.75,0.9187,0.1394,-0.364,0.2195,0.707
F,80,40,1.0,0.9228,0.1399,-0.364,0.2196,0.708
F,85,10,0.25,0.8005,0.125,-0.3422,0.2246,0.639
F,85,10,0.5,0.7839,0.1229,-0.3585,0.2268,0.627
F,85,10,0.75,0.8013,0.1251,-0.3623,0.2275,0.634
F,85,10,1.0,0.8219,0.1276,-0.364,0.2278,0.643
F,85,15,0.25,0.8005,0.125,-0.3422,0.2246,0.639
F,85,15,0.5,0.7839,0.1229,-0.3585,0.2268,0.627
F,85,15,0.75,0.8013,0.1251,-0.3623,0.2275,0.634
F,85,15,1.0,0.8219,0.1276,-0.364,0.2278,0.643
F,85,20,0.25,0.7927,0.124,-0.359,0.227,0.63
F,85,20,0.5,0.8151,0.1268,-0.364,0.2277,0.64
F,85,20,0.75,0.8304,0.1287,-0.364,0.2278,0.647
F,85,20,1.0,0.8357,0.1293,-0.364,0.2278,0.65
F,85,25,0.25,0.8068,0.1258,-0.364,0.2276,0.636
F,85,25,0.5,0.8256,0.1281,-0.364,0.2278,0.645
F,85,25,0.75,0.8318,0.1289,-0.364,0.2278,0.648
F,85,25,1.0,0.8357,0.1293,-0.364,0.2278,0.65
F,85,30,0.25,0.8131,0.1265,-0.364,0.2277,0.639
F,85,30,0.5,0.8264,0.1282,-0.364,0.2278,0.646
F,85,30,0.75,0.8318,0.1289,-0.364,0.2278,0.648
F,85,30,1.0,0.8357,0.1293,-0.364,0.2278,0.65
F,85,35,0.25,0.8144,0.1267,-0.364,0.2277,0.64
F,85,35,0.5,0.8265,0.1282,-0.364,0.2278,0.646
F,85,35,0.75,0.8318,0.1289,-0.364,0.2278,0.648
F,85,35,1.0,0.8357,0.1293,-0.364,0.2278,0.65
F,85,40,0.25,0.8144,0.1267,-0.364,0.2277,0.64
F,85,40,0.5,0.8265,0.1282,-0.364,0.2278,0.646
F,85,40,0.75,0.8318,0.1289,-0.364,0.2278,0.648
F,85,40,1.0,0.8357,0.1293,-0.364,0.2278,0.65
F,90,10,0.25,0.8005,0.125,-0.3422,0.2246,0.639
F,90,10,0.5,0.7839,0.1229,-0.3585,0.2268,0.627
F,90,10,0.75,0.8013,0.1251,-0.3623,0.2275,0.634
F,90,10,1.0,0.8219,0.1276,-0.364,0.2278,0.643
F,90,15,0.25,0.8005,0.125,-0.3422,0.2246,0.639
F,90,15,0.5,0.7839,0.1229,-0.3585,0.2268,0.627
F,90,15,0.75,0.8013,0.1251,-0.3623,0.2275,0.634
F,90,15,1.0,0.8219,0.1276,-0.364,0.2278,0.643
F,90,20,0.25,0.7927,0.124,-0.359,0.227,0.63
F,90,20,0.5,0.8151,0.1268,-0.364,0.2277,0.64
F,90,20,0.75,0.8304,0.1287,-0.364,0.2278,0.647
F,90,20,1.0,0.8357,0.1293,-0.364,0.2278,0.65
F,90,25,0.25,0.8068,0.1258,-0.364,0.2276,0.636
F,90,25,0.5,0.8256,0.1281,-0.364,0.2278,0.645
F,90,25,0.75,0.8318,0.1289,-0.364,0.2278,0.648
F,90,25,1.0,0.8357,0.1293,-0.364,0.2278,0.65
F,90,30,0.25,0.8131,0.1265,-0.364,0.2277,0.639
F,90,30,0.5,0.8264,0.1282,-0.364,0.2278,0.646
F,90,30,0.75,0.8318,0.1289,-0.364,0.2278,0.648
F,90,30,1.0,0.8357,0.1293,-0.364,0.2278,0.65
F,90,35,0.25,0.8144,0.1267,-0.364,0.2277,0.64
F,90,35,0.5,0.8265,0.1282,-0.364,0.2278,0.646
F,90,35,0.75,0.8318,0.1289,-0.364,0.2278,0.648
F,90,35,1.0,0.8357,0.1293,-0.364,0.2278,0.65
F,90,40,0.25,0.8144,0.1267,-0.364,0.2277,0.64
F,90,40,0.5,0.8265,0.1282,-0.364,0.2278,0.646
F,90,40,0.75,0.8318,0.1289,-0.364,0.2278,0.648
F,90,40,1.0,0.8357,0.1293,-0.364,0.2278,0.65
G,55,10,0.25,0.3133,0.0561,-0.117,0.0886,0.663
G,55,10,0.5,0.3863,0.0676,-0.1345,0.1028,0.69
G,55,10,0.75,0.4061,0.0706,-0.1356,0.1084,0.686
G,55,10,1.0,0.392,0.0685,-0.1357,0.1109,0.654
G,55,15,0.25,0.2424,0.0444,-0.1709,0.1133,0.442
G,55,15,0.5,0.2118,0.0392,-0.1959,0.1245,0.372
G,55,15,0.75,0.2084,0.0386,-0.2006,0.1291,0.359
G,55,15,1.0,0.2135,0.0395,-0.2047,0.1324,0.36
G,55,20,0.25,0.3189,0.057,-0.1986,0.1345,0.481
G,55,20,0.5,0.2961,0.0533,-0.2225,0.1466,0.429
G,55,20,0.75,0.3021,0.0543,-0.2367,0.1525,0.424
G,55,20,1.0,0.3314,0.059,-0.2387,0.1553,0.448
G,55,25,0.25,0.3743,0.0657,-0.2164,0.1476,0.507
G,55,25,0.5,0.415,0.072,-0.2363,0.1599,0.516
G,55,25,0.75,0.4687,0.08,-0.2387,0.165,0.551
G,55,25,1.0,0.5057,0.0854,-0.2387,0.1676,0.575
G,55,30,0.25,0.4293,0.0741,-0.2387,0.1589,0.531
G,55,30,0.5,0.5191,0.0873,-0.2387,0.1671,0.587
G,55,30,0.75,0.577,0.0955,-0.2387,0.1699,0.624
G,55,30,1.0,0.6278,0.1025,-0.2387,0.1715,0.657
G,55,35,0.25,0.4379,0.0754,-0.2387,0.1637,0.528
G,55,35,0.5,0.5111,0.0862,-0.2387,0.1709,0.571
G,55,35,0.75,0.5063,0.0855,-0.2387,0.1734,0.562
G,55,35,1.0,0.4675,0.0798,-0.2387,0.175,0.528
G,55,40,0.25,0.4589,0.0786,-0.2387,0.1709,0.53
G,55,40,0.5,0.4698,0.0802,-0.2387,0.1786,0.523
G,55,40,0.75,0.4565,0.0782,-0.2387,0.1819,0.506
G,55,40,1.0,0.4525,0.0776,-0.2387,0.184,0.5
G,60,10,0.25,0.3765,0.0661,-0.1445,0.0977,0.706
G,60,10,0.5,0.4488,0.0771,-0.1466,0.1101,0.732
G,60,10,0.75,0.4677,0.0799,-0.1487,0.1149,0.728
G,60,10,1.0,0.452,0.0775,-0.1509,0.1171,0.698
G,60,15,0.25,0.314,0.0562,-0.1977,0.1192,0.52
G,60,15,0.5,0.284,0.0513,-0.217,0.1291,0.453
G,60,15,0.75,0.2774,0.0502,-0.221,0.1335,0.435
G,60,15,1.0,0.2807,0.0508,-0.2244,0.1367,0.432
G,60,20,0.25,0.3566,0.063,-0.2218,0.1398,0.508
G,60,20,0.5,0.32,0.0572,-0.2448,0.1515,0.444
G,60,20,0.75,0.3248,0.0579,-0.2539,0.1569,0.438
G,60,20,1.0,0.3534,0.0625,-0.2563,0.1594,0.461
G,60,25,0.25,0.4037,0.0703,-0.2392,0.1523,0.524
G,60,25,0.5,0.4323,0.0746,-0.2562,0.1641,0.522
G,60,25,0.75,0.4825,0.082,-0.2561,0.1688,0.553
G,60,25,1.0,0.5163,0.0869,-0.2563,0.1712,0.574
G,60,30,0.25,0.4548,0.078,-0.2513,0.163,0.544
G,60,30,0.5,0.5331,0.0893,-0.256,0.1708,0.588
G,60,30,0.75,0.5863,0.0968,-0.257,0.1735,0.621
G,60,30,1.0,0.6334,0.1032,-0.2563,0.175,0.651
G,60,35,0.25,0.4619,0.079,-0.2565,0.1677,0.539
G,60,35,0.5,0.5233,0.0879,-0.2551,0.1746,0.572
G,60,35,0.75,0.5148,0.0867,-0.2517,0.1769,0.56
G,60,35,1.0,0.4753,0.081,-0.2494,0.1784,0.527
G,60,40,0.25,0.4125,0.0716,-0.2562,0.1767,0.481
G,60,40,0.5,0.4028,0.0701,-0.255,0.184,0.462
G,60,40,0.75,0.3976,0.0693,-0.243,0.1866,0.454
G,60,40,1.0,0.3944,0.0688,-0.2387,0.1884,0.449
G,65,10,0.25,0.4358,0.0751,-0.1778,0.1124,0.703
G,65,10,0.5,0.5288,0.0887,-0.1778,0.1205,0.768
G,65,10,0.75,0.5594,0.093,-0.1797,0.1246,0.779
G,65,10,1.0,0.5512,0.0919,-0.1824,0.1264,0.761
G,65,15,0.25,0.4188,0.0726,-0.1899,0.1301,0.605
G,65,15,0.5,0.4145,0.0719,-0.2021,0.1401,0.567
G,65,15,0.75,0.4263,0.0737,-0.2061,0.1458,0.562
G,65,15,1.0,0.4269,0.0738,-0.2096,0.1488,0.554
G,65,20,0.25,0.386,0.0675,-0.2717,0.1578,0.494
G,65,20,0.5,0.3765,0.0661,-0.2718,0.166,0.47
G,65,20,0.75,0.3776,0.0663,-0.2718,0.1701,0.463
G,65,20,1.0,0.3969,0.0692,-0.2718,0.172,0.476
G,65,25,0.25,0.442,0.076,-0.2717,0.1687,0.52
G,65,25,0.5,0.4846,0.0823,-0.2718,0.1779,0.535
G,65,25,0.75,0.5342,0.0895,-0.2718,0.1817,0.564
G,65,25,1.0,0.5592,0.093,-0.2718,0.1836,0.578
G,65,30,0.25,0.4998,0.0846,-0.2718,0.1794,0.544
G,65,30,0.5,0.5768,0.0955,-0.2718,0.1868,0.583
G,65,30,0.75,0.6435,0.1046,-0.2718,0.1894,0.622
G,65,30,1.0,0.6852,0.1102,-0.2718,0.1906,0.646
G,65,35,0.25,0.5394,0.0902,-0.2718,0.1857,0.56
G,65,35,0.5,0.6174,0.1011,-0.2718,0.1904,0.603
G,65,35,0.75,0.618,0.1011,-0.2718,0.1919,0.6
G,65,35,1.0,0.5926,0.0977,-0.2718,0.1929,0.581
G,65,40,0.25,0.6233,0.1019,-0.2718,0.1904,0.607
G,65,40,0.5,0.6285,0.1026,-0.2718,0.1948,0.6
G,65,40,0.75,0.6042,0.0993,-0.2718,0.1966,0.581
G,65,40,1.0,0.5827,0.0963,-0.2718,0.198,0.565
G,70,10,0.25,0.2708,0.0492,-0.2367,0.1544,0.389
G,70,10,0.5,0.3061,0.0549,-0.2366,0.1574,0.419
G,70,10,0.75,0.3275,0.0584,-0.2376,0.1589,0.437
G,70,10,1.0,0.3354,0.0596,-0.2391,0.1596,0.444
G,70,15,0.25,0.2174,0.0402,-0.2442,0.1621,0.325
G,70,15,0.5,0.2198,0.0406,-0.2491,0.1647,0.324
G,70,15,0.75,0.2302,0.0424,-0.2511,0.1655,0.334
G,70,15,1.0,0.2383,0.0437,-0.2516,0.1658,0.342
G,70,20,0.25,0.2205,0.0407,-0.2939,0.1744,0.317
G,70,20,0.5,0.2373,0.0436,-0.294,0.1794,0.328
G,70,20,0.75,0.2473,0.0452,-0.294,0.182,0.335
G,70,20,1.0,0.2584,0.0471,-0.294,0.1832,0.343
G,70,25,0.25,0.2552,0.0466,-0.331,0.1865,0.338
G,70,25,0.5,0.2994,0.0538,-0.3495,0.1935,0.369
G,70,25,0.75,0.3394,0.0603,-0.3497,0.1964,0.397
G,70,25,1.0,0.3624,0.0639,-0.3497,0.1979,0.413
G,70,30,0.25,0.3351,0.0596,-0.339,0.1954,0.395
G,70,30,0.5,0.3903,0.0682,-0.3492,0.2009,0.43
G,70,30,0.75,0.4569,0.0783,-0.3497,0.2029,0.474
G,70,30,1.0,0.5021,0.0849,-0.3497,0.2038,0.503
G,70,35,0.25,0.3686,0.0648,-0.3485,0.2005,0.415
G,70,35,0.5,0.4379,0.0754,-0.3497,0.2034,0.461
G,70,35,0.75,0.4572,0.0783,-0.3497,0.2043,0.473
G,70,35,1.0,0.4575,0.0784,-0.3497,0.2049,0.472
G,70,40,0.25,0.5249,0.0882,-0.3493,0.2043,0.517
G,70,40,0.5,0.5623,0.0935,-0.3497,0.2068,0.537
G,70,40,0.75,0.563,0.0935,-0.3497,0.2076,0.536
G,70,40,1.0,0.5587,0.093,-0.3497,0.208,0.533
G,75,10,0.25,0.4294,0.0742,-0.2447,0.182,0.485
G,75,10,0.5,0.4513,0.0774,-0.2471,0.183,0.5
G,75,10,0.75,0.4663,0.0797,-0.2505,0.1836,0.511
G,75,10,1.0,0.4742,0.0808,-0.2527,0.1839,0.516
G,75,15,0.25,0.4171,0.0723,-0.2519,0.1834,0.474
G,75,15,0.5,0.4281,0.074,-0.2592,0.1844,0.481
G,75,15,0.75,0.4412,0.0759,-0.2636,0.1849,0.49
G,75,15,1.0,0.4537,0.0778,-0.2647,0.1852,0.499
G,75,20,0.25,0.42,0.0727,-0.2939,0.1917,0.463
G,75,20,0.5,0.4504,0.0773,-0.294,0.1946,0.481
G,75,20,0.75,0.4682,0.0799,-0.294,0.196,0.492
G,75,20,1.0,0.4835,0.0822,-0.294,0.1965,0.502
G,75,25,0.25,0.4665,0.0797,-0.331,0.2014,0.483
G,75,25,0.5,0.5226,0.0878,-0.3495,0.2057,0.514
G,75,25,0.75,0.5565,0.0926,-0.3497,0.2069,0.533
G,75,25,1.0,0.5776,0.0956,-0.3497,0.2074,0.545
G,75,30,0.25,0.5518,0.092,-0.339,0.2058,0.532
G,75,30,0.5,0.6216,0.1016,-0.3492,0.2095,0.569
G,75,30,0.75,0.6932,0.1112,-0.3497,0.2106,0.608
G,75,30,1.0,0.7346,0.1166,-0.3497,0.2111,0.63
G,75,35,0.25,0.5947,0.098,-0.3485,0.209,0.553
G,75,35,0.5,0.6483,0.1053,-0.3502,0.2108,0.582
G,75,35,0.75,0.6506,0.1056,-0.3554,0.2114,0.582
G,75,35,1.0,0.6381,0.1039,-0.3608,0.2118,0.574
G,75,40,0.25,0.8218,0.1276,-0.3493,0.2127,0.673
G,75,40,0.5,0.8477,0.1308,-0.353,0.2144,0.683
G,75,40,0.75,0.8389,0.1297,-0.3575,0.2149,0.677
G,75,40,1.0,0.835,0.1293,-0.3608,0.2151,0.675
G,80,10,0.25,0.5106,0.0861,-0.3565,0.2118,0.497
G,80,10,0.5,0.5253,0.0882,-0.3605,0.2128,0.505
G,80,10,0.75,0.5398,0.0903,-0.364,0.2131,0.514
G,80,10,1.0,0.5548,0.0924,-0.364,0.2133,0.523
G,80,15,0.25,0.5106,0.0861,-0.3565,0.2118,0.497
G,80,15,0.5,0.5253,0.0882,-0.3605,0.2128,0.505
G,80,15,0.75,0.5398,0.0903,-0.364,0.2131,0.514
G,80,15,1.0,0.5548,0.0924,-0.364,0.2133,0.523
G,80,20,0.25,0.5301,0.0889,-0.3626,0.2129,0.508
G,80,20,0.5,0.554,0.0923,-0.364,0.2132,0.522
G,80,20,0.75,0.5627,0.0935,-0.364,0.2133,0.527
G,80,20,1.0,0.5666,0.0941,-0.364,0.2133,0.53
G,80,25,0.25,0.7111,0.1136,-0.364,0.2158,0.608
G,80,25,0.5,0.7996,0.1249,-0.364,0.2175,0.652
G,80,25,0.75,0.8248,0.128,-0.364,0.2181,0.664
G,80,25,1.0,0.8443,0.1304,-0.364,0.2183,0.673
G,80,30,0.25,0.8,0.1249,-0.364,0.2175,0.652
G,80,30,0.5,0.8849,0.1353,-0.364,0.2187,0.692
G,80,30,0.75,0.9313,0.1409,-0.364,0.2191,0.714
G,80,30,1.0,0.9626,0.1446,-0.364,0.2195,0.728
G,80,35,0.25,0.8513,0.1313,-0.364,0.2184,0.676
G,80,35,0.5,0.908,0.1381,-0.364,0.2193,0.702
G,80,35,0.75,0.926,0.1403,-0.364,0.2196,0.71
G,80,35,1.0,0.9316,0.1409,-0.364,0.2198,0.712
G,80,40,0.25,0.8749,0.1341,-0.364,0.2189,0.687
G,80,40,0.5,0.9144,0.1389,-0.364,0.2196,0.704
G,80,40,0.75,0.9248,0.1401,-0.364,0.2198,0.709
G,80,40,1.0,0.9303,0.1408,-0.364,0.2198,0.711
G,85,10,0.25,0.7701,0.1211,-0.3565,0.2264,0.62
G,85,10,0.5,0.7872,0.1233,-0.3605,0.2273,0.627
G,85,10,0.75,0.8043,0.1254,-0.364,0.2276,0.635
G,85,10,1.0,0.8219,0.1276,-0.364,0.2278,0.643
G,85,15,0.25,0.7701,0.1211,-0.3565,0.2264,0.62
G,85,15,0.5,0.7872,0.1233,-0.3605,0.2273,0.627
G,85,15,0.75,0.8043,0.1254,-0.364,0.2276,0.635
G,85,15,1.0,0.8219,0.1276,-0.364,0.2278,0.643
G,85,20,0.25,0.7929,0.124,-0.3626,0.2274,0.63
G,85,20,0.5,0.8209,0.1275,-0.364,0.2277,0.643
G,85,20,0.75,0.8311,0.1288,-0.364,0.2278,0.648
G,85,20,1.0,0.8357,0.1293,-0.364,0.2278,0.65
G,85,25,0.25,0.8073,0.1258,-0.364,0.2277,0.636
G,85,25,0.5,0.8256,0.1281,-0.364,0.2278,0.645
G,85,25,0.75,0.8318,0.1289,-0.364,0.2278,0.648
G,85,25,1.0,0.8357,0.1293,-0.364,0.2278,0.65
G,85,30,0.25,0.8134,0.1266,-0.364,0.2277,0.639
G,85,30,0.5,0.8264,0.1282,-0.364,0.2278,0.646
G,85,30,0.75,0.8318,0.1289,-0.364,0.2278,0.648
G,85,30,1.0,0.8357,0.1293,-0.364,0.2278,0.65
G,85,35,0.25,0.8141,0.1267,-0.364,0.2277,0.64
G,85,35,0.5,0.8265,0.1282,-0.364,0.2278,0.646
G,85,35,0.75,0.8318,0.1289,-0.364,0.2278,0.648
G,85,35,1.0,0.8357,0.1293,-0.364,0.2278,0.65
G,85,40,0.25,0.8141,0.1267,-0.364,0.2277,0.64
G,85,40,0.5,0.8265,0.1282,-0.364,0.2278,0.646
G,85,40,0.75,0.8318,0.1289,-0.364,0.2278,0.648
G,85,40,1.0,0.8357,0.1293,-0.364,0.2278,0.65
G,90,10,0.25,0.7701,0.1211,-0.3565,0.2264,0.62
G,90,10,0.5,0.7872,0.1233,-0.3605,0.2273,0.627
G,90,10,0.75,0.8043,0.1254,-0.364,0.2276,0.635
G,90,10,1.0,0.8219,0.1276,-0.364,0.2278,0.643
G,90,15,0.25,0.7701,0.1211,-0.3565,0.2264,0.62
G,90,15,0.5,0.7872,0.1233,-0.3605,0.2273,0.627
G,90,15,0.75,0.8043,0.1254,-0.364,0.2276,0.635
G,90,15,1.0,0.8219,0.1276,-0.364,0.2278,0.643
G,90,20,0.25,0.7929,0.124,-0.3626,0.2274,0.63
G,90,20,0.5,0.8209,0.1275,-0.364,0.2277,0.643
G,90,20,0.75,0.8311,0.1288,-0.364,0.2278,0.648
G,90,20,1.0,0.8357,0.1293,-0.364,0.2278,0.65
G,90,25,0.25,0.8073,0.1258,-0.364,0.2277,0.636
G,90,25,0.5,0.8256,0.1281,-0.364,0.2278,0.645
G,90,25,0.75,0.8318,0.1289,-0.364,0.2278,0.648
G,90,25,1.0,0.8357,0.1293,-0.364,0.2278,0.65
G,90,30,0.25,0.8134,0.1266,-0.364,0.2277,0.639
G,90,30,0.5,0.8264,0.1282,-0.364,0.2278,0.646
G,90,30,0.75,0.8318,0.1289,-0.364,0.2278,0.648
G,90,30,1.0,0.8357,0.1293,-0.364,0.2278,0.65
G,90,35,0.25,0.8141,0.1267,-0.364,0.2277,0.64
G,90,35,0.5,0.8265,0.1282,-0.364,0.2278,0.646
G,90,35,0.75,0.8318,0.1289,-0.364,0.2278,0.648
G,90,35,1.0,0.8357,0.1293,-0.364,0.2278,0.65
G,90,40,0.25,0.8141,0.1267,-0.364,0.2277,0.64
G,90,40,0.5,0.8265,0.1282,-0.364,0.2278,0.646
G,90,40,0.75,0.8318,0.1289,-0.364,0.2278,0.648
G,90,40,1.0,0.8357,0.1293,-0.364,0.2278,0.65
