date,close
2020-07-01,10154.6298828125
2020-07-02,10207.6298828125
2020-07-06,10433.650390625
2020-07-07,10343.8896484375
2020-07-08,10492.5
2020-07-09,10547.75
2020-07-10,10617.4404296875
2020-07-13,10390.83984375
2020-07-14,10488.580078125
2020-07-15,10550.490234375
2020-07-16,10473.830078125
2020-07-17,10503.1904296875
2020-07-20,10767.08984375
2020-07-21,10680.3603515625
2020-07-22,10706.1298828125
2020-07-23,10461.419921875
2020-07-24,10363.1796875
2020-07-27,10536.26953125
2020-07-28,10402.08984375
2020-07-29,10542.9404296875
2020-07-30,10587.8095703125
2020-07-31,10745.26953125
2020-08-03,10902.7998046875
2020-08-04,10941.169921875
2020-08-05,10998.400390625
2020-08-06,11108.0703125
2020-08-07,11010.98046875
2020-08-10,10968.3603515625
2020-08-11,10782.8203125
2020-08-12,11012.240234375
2020-08-13,11042.5
2020-08-14,11019.2998046875
2020-08-17,11129.73046875
2020-08-18,11210.83984375
2020-08-19,11146.4599609375
2020-08-20,11264.9501953125
2020-08-21,11311.7998046875
2020-08-24,11379.7197265625
2020-08-25,11466.4697265625
2020-08-26,11665.0595703125
2020-08-27,11625.33984375
2020-08-28,11695.6298828125
2020-08-31,11775.4599609375
2020-09-01,11939.669921875
2020-09-02,12056.4404296875
2020-09-03,11458.099609375
2020-09-04,11313.1298828125
2020-09-08,10847.6904296875
2020-09-09,11141.5595703125
2020-09-10,10919.58984375
2020-09-11,10853.5498046875
2020-09-14,11056.650390625
2020-09-15,11190.3203125
2020-09-16,11050.4697265625
2020-09-17,10910.2802734375
2020-09-18,10793.2802734375
2020-09-21,10778.7998046875
2020-09-22,10963.6396484375
2020-09-23,10632.990234375
2020-09-24,10672.26953125
2020-09-25,10913.5595703125
2020-09-28,11117.5302734375
2020-09-29,11085.25
2020-09-30,11167.509765625
2020-10-01,11326.509765625
2020-10-02,11075.01953125
2020-10-05,11332.490234375
2020-10-06,11154.599609375
2020-10-07,11364.599609375
2020-10-08,11420.98046875
2020-10-09,11579.9404296875
2020-10-12,11876.259765625
2020-10-13,11863.900390625
2020-10-14,11768.73046875
2020-10-15,11713.8701171875
2020-10-16,11671.5595703125
2020-10-19,11478.8798828125
2020-10-20,11516.490234375
2020-10-21,11484.6904296875
2020-10-22,11506.009765625
2020-10-23,11548.2802734375
2020-10-26,11358.9404296875
2020-10-27,11431.349609375
2020-10-28,11004.8701171875
2020-10-29,11185.58984375
2020-10-30,10911.58984375
2020-11-02,10957.6103515625
2020-11-03,11160.5703125
2020-11-04,11590.7802734375
2020-11-05,11890.9296875
2020-11-06,11895.23046875
2020-11-09,11713.7802734375
2020-11-10,11553.8603515625
2020-11-11,11786.4296875
2020-11-12,11709.58984375
2020-11-13,11829.2900390625
2020-11-16,11924.1298828125
2020-11-17,11899.33984375
2020-11-18,11801.599609375
2020-11-19,11904.7099609375
2020-11-20,11854.9697265625
2020-11-23,11880.6298828125
2020-11-24,12036.7900390625
2020-11-25,12094.400390625
2020-11-27,12205.849609375
2020-11-30,12198.740234375
2020-12-01,12355.1103515625
2020-12-02,12349.3701171875
2020-12-03,12377.1796875
2020-12-04,12464.23046875
2020-12-07,12519.9501953125
2020-12-08,12582.76953125
2020-12-09,12338.9501953125
2020-12-10,12405.8095703125
2020-12-11,12377.8701171875
2020-12-14,12440.0400390625
2020-12-15,12595.0595703125
2020-12-16,12658.1904296875
2020-12-17,12764.75
2020-12-18,12755.6396484375
2020-12-21,12742.51953125
2020-12-22,12807.919921875
2020-12-23,12771.1103515625
2020-12-24,12804.73046875
2020-12-28,12899.419921875
2020-12-29,12850.2197265625
2020-12-30,12870.0
2020-12-31,12888.2802734375
2021-01-04,12698.4501953125
2021-01-05,12818.9599609375
2021-01-06,12740.7900390625
2021-01-07,13067.48046875
2021-01-08,13201.98046875
2021-01-11,13036.4296875
2021-01-12,13072.4296875
2021-01-13,13128.9501953125
2021-01-14,13112.6396484375
2021-01-15,12998.5
2021-01-19,13197.1796875
2021-01-20,13457.25
2021-01-21,13530.91015625
2021-01-22,13543.0595703125
2021-01-25,13635.990234375
2021-01-26,13626.0595703125
2021-01-27,13270.599609375
2021-01-28,13337.16015625
2021-01-29,13070.6904296875
2021-02-01,13403.3896484375
2021-02-02,13612.7802734375
2021-02-03,13610.5400390625
2021-02-04,13777.740234375
2021-02-05,13856.2998046875
2021-02-08,13987.6396484375
2021-02-09,14007.7001953125
2021-02-10,13972.5302734375
2021-02-11,14025.76953125
2021-02-12,14095.4697265625
2021-02-16,14047.5
2021-02-17,13965.490234375
2021-02-18,13865.3603515625
2021-02-19,13874.4599609375
2021-02-22,13533.0498046875
2021-02-23,13465.2001953125
2021-02-24,13597.9697265625
2021-02-25,13119.4296875
2021-02-26,13192.349609375
2021-03-01,13588.830078125
2021-03-02,13358.7900390625
2021-03-03,12997.75
2021-03-04,12723.4697265625
2021-03-05,12920.150390625
2021-03-08,12609.16015625
2021-03-09,13073.8203125
2021-03-10,13068.830078125
2021-03-11,13398.669921875
2021-03-12,13319.8603515625
2021-03-15,13459.7099609375
2021-03-16,13471.5703125
2021-03-17,13525.2001953125
2021-03-18,13116.169921875
2021-03-19,13215.240234375
2021-03-22,13377.5400390625
2021-03-23,13227.7001953125
2021-03-24,12961.8896484375
2021-03-25,12977.6796875
2021-03-26,13138.73046875
2021-03-29,13059.650390625
2021-03-30,13045.3896484375
2021-03-31,13246.8701171875
2021-04-01,13480.1103515625
2021-04-05,13705.58984375
2021-04-06,13698.3798828125
2021-04-07,13688.83984375
2021-04-08,13829.3095703125
2021-04-09,13900.1904296875
2021-04-12,13850.0
2021-04-13,13996.099609375
2021-04-14,13857.83984375
2021-04-15,14038.759765625
2021-04-16,14052.33984375
2021-04-19,13914.76953125
2021-04-20,13786.26953125
2021-04-21,13950.2197265625
2021-04-22,13818.41015625
2021-04-23,14016.8095703125
2021-04-26,14138.7802734375
2021-04-27,14090.2197265625
2021-04-28,14051.0302734375
2021-04-29,14082.5498046875
2021-04-30,13962.6796875
2021-05-03,13895.1201171875
2021-05-04,13633.5
2021-05-05,13582.419921875
2021-05-06,13632.83984375
2021-05-07,13752.240234375
2021-05-10,13401.8603515625
2021-05-11,13389.4296875
2021-05-12,13031.6796875
2021-05-13,13124.990234375
2021-05-14,13429.98046875
2021-05-17,13379.0498046875
2021-05-18,13303.6396484375
2021-05-19,13299.740234375
2021-05-20,13535.740234375
2021-05-21,13470.990234375
2021-05-24,13661.169921875
2021-05-25,13657.169921875
2021-05-26,13738.0
2021-05-27,13736.2802734375
2021-05-28,13748.740234375
2021-06-01,13736.48046875
2021-06-02,13756.330078125
2021-06-03,13614.509765625
2021-06-04,13814.490234375
2021-06-07,13881.7197265625
2021-06-08,13924.91015625
2021-06-09,13911.75
2021-06-10,14020.330078125
2021-06-11,14069.419921875
2021-06-14,14174.1396484375
2021-06-15,14072.8603515625
2021-06-16,14039.6796875
2021-06-17,14161.349609375
2021-06-18,14030.3798828125
2021-06-21,14141.48046875
2021-06-22,14253.26953125
2021-06-23,14271.73046875
2021-06-24,14369.7099609375
2021-06-25,14360.3896484375
2021-06-28,14500.509765625
2021-06-29,14528.330078125
2021-06-30,14503.9501953125
2021-07-01,14522.3798828125
2021-07-02,14639.330078125
2021-07-06,14663.6396484375
2021-07-07,14665.0595703125
2021-07-08,14559.7802734375
2021-07-09,14701.919921875
2021-07-12,14733.240234375
2021-07-13,14677.650390625
2021-07-14,14644.9501953125
2021-07-15,14543.1298828125
2021-07-16,14427.240234375
2021-07-19,14274.98046875
2021-07-20,14498.8798828125
2021-07-21,14631.9501953125
2021-07-22,14684.599609375
2021-07-23,14836.990234375
2021-07-26,14840.7099609375
2021-07-27,14660.580078125
2021-07-28,14762.580078125
2021-07-29,14778.259765625
2021-07-30,14672.6796875
2021-08-02,14681.0703125
2021-08-03,14761.2900390625
2021-08-04,14780.5302734375
2021-08-05,14895.1201171875
2021-08-06,14835.759765625
2021-08-09,14860.1796875
2021-08-10,14788.08984375
2021-08-11,14765.1396484375
2021-08-12,14816.259765625
2021-08-13,14822.900390625
2021-08-16,14793.759765625
2021-08-17,14656.1796875
2021-08-18,14525.91015625
2021-08-19,14541.7900390625
2021-08-20,14714.66015625
2021-08-23,14942.650390625
2021-08-24,15019.7998046875
2021-08-25,15041.8603515625
2021-08-26,14945.8095703125
2021-08-27,15129.5
2021-08-30,15265.8896484375
2021-08-31,15259.240234375
2021-09-01,15309.3798828125
2021-09-02,15331.1796875
2021-09-03,15363.51953125
2021-09-07,15374.330078125
2021-09-08,15286.6396484375
2021-09-09,15248.25
2021-09-10,15115.490234375
2021-09-13,15105.580078125
2021-09-14,15037.759765625
2021-09-15,15161.5302734375
2021-09-16,15181.919921875
2021-09-17,15043.9697265625
2021-09-20,14713.900390625
2021-09-21,14746.400390625
2021-09-22,14896.849609375
2021-09-23,15052.240234375
2021-09-24,15047.7001953125
2021-09-27,14969.9697265625
2021-09-28,14546.6796875
2021-09-29,14512.4404296875
2021-09-30,14448.580078125
2021-10-01,14566.7001953125
2021-10-04,14255.48046875
2021-10-05,14433.830078125
2021-10-06,14501.91015625
2021-10-07,14654.01953125
2021-10-08,14579.5400390625
2021-10-11,14486.2001953125
2021-10-12,14465.919921875
2021-10-13,14571.6396484375
2021-10-14,14823.4296875
2021-10-15,14897.33984375
2021-10-18,15021.8095703125
2021-10-19,15129.08984375
2021-10-20,15121.6796875
2021-10-21,15215.7001953125
2021-10-22,15090.2001953125
2021-10-25,15226.7099609375
2021-10-26,15235.7099609375
2021-10-27,15235.83984375
2021-10-28,15448.1201171875
2021-10-29,15498.3896484375
2021-11-01,15595.919921875
2021-11-02,15649.599609375
2021-11-03,15811.580078125
2021-11-04,15940.3095703125
2021-11-05,15971.58984375
2021-11-08,15982.3603515625
2021-11-09,15886.5400390625
2021-11-10,15622.7099609375
2021-11-11,15704.2802734375
2021-11-12,15860.9599609375
2021-11-15,15853.849609375
2021-11-16,15973.8603515625
2021-11-17,15921.5703125
2021-11-18,15993.7099609375
2021-11-19,16057.4404296875
2021-11-22,15854.759765625
2021-11-23,15775.1396484375
2021-11-24,15845.23046875
2021-11-26,15491.66015625
2021-11-29,15782.830078125
2021-11-30,15537.6904296875
2021-12-01,15254.0498046875
2021-12-02,15381.3203125
2021-12-03,15085.4697265625
2021-12-06,15225.150390625
2021-12-07,15686.919921875
2021-12-08,15786.990234375
2021-12-09,15517.3701171875
2021-12-10,15630.599609375
2021-12-13,15413.2802734375
2021-12-14,15237.6396484375
2021-12-15,15565.580078125
2021-12-16,15180.4296875
2021-12-17,15169.6796875
2021-12-20,14980.9404296875
2021-12-21,15341.08984375
2021-12-22,15521.8896484375
2021-12-23,15653.3701171875
2021-12-27,15871.259765625
2021-12-28,15781.7197265625
2021-12-29,15766.2197265625
2021-12-30,15741.5595703125
2021-12-31,15644.9697265625
2022-01-03,15832.7998046875
2022-01-04,15622.7197265625
2022-01-05,15100.169921875
2022-01-06,15080.8603515625
2022-01-07,14935.900390625
2022-01-10,14942.830078125
2022-01-11,15153.4501953125
2022-01-12,15188.3896484375
2022-01-13,14806.8095703125
2022-01-14,14893.75
2022-01-18,14506.900390625
2022-01-19,14340.259765625
2022-01-20,14154.01953125
2022-01-21,13768.919921875
2022-01-24,13855.1298828125
2022-01-25,13539.2900390625
2022-01-26,13542.1201171875
2022-01-27,13352.7802734375
2022-01-28,13770.5703125
2022-01-31,14239.8798828125
2022-02-01,14346.0
2022-02-02,14417.5498046875
2022-02-03,13878.8203125
2022-02-04,14098.009765625
2022-02-07,14015.669921875
2022-02-08,14194.4501953125
2022-02-09,14490.3701171875
2022-02-10,14185.6396484375
2022-02-11,13791.150390625
2022-02-14,13790.919921875
2022-02-15,14139.759765625
2022-02-16,14124.08984375
2022-02-17,13716.7197265625
2022-02-18,13548.0703125
2022-02-22,13381.51953125
2022-02-23,13037.490234375
2022-02-24,13473.58984375
2022-02-25,13694.6201171875
2022-02-28,13751.400390625
2022-03-01,13532.4599609375
2022-03-02,13752.01953125
2022-03-03,13537.9404296875
2022-03-04,13313.4404296875
2022-03-07,12830.9599609375
2022-03-08,12795.5498046875
2022-03-09,13255.5498046875
2022-03-10,13129.9599609375
2022-03-11,12843.8095703125
2022-03-14,12581.2197265625
2022-03-15,12948.6201171875
2022-03-16,13436.5498046875
2022-03-17,13614.7802734375
2022-03-18,13893.83984375
2022-03-21,13838.4599609375
2022-03-22,14108.8203125
2022-03-23,13922.599609375
2022-03-24,14191.83984375
2022-03-25,14169.2998046875
2022-03-28,14354.900390625
2022-03-29,14619.6396484375
2022-03-30,14442.26953125
2022-03-31,14220.51953125
2022-04-01,14261.5
2022-04-04,14532.5498046875
2022-04-05,14204.169921875
2022-04-06,13888.8203125
2022-04-07,13897.2998046875
2022-04-08,13711.0
2022-04-11,13411.9599609375
2022-04-12,13371.5703125
2022-04-13,13643.58984375
2022-04-14,13351.080078125
2022-04-18,13332.3603515625
2022-04-19,13619.66015625
2022-04-20,13453.0703125
2022-04-21,13174.650390625
2022-04-22,12839.2900390625
2022-04-25,13004.849609375
2022-04-26,12490.740234375
2022-04-27,12488.9296875
2022-04-28,12871.5302734375
2022-04-29,12334.6396484375
2022-05-02,12536.01953125
2022-05-03,12563.759765625
2022-05-04,12964.8603515625
2022-05-05,12317.6904296875
2022-05-06,12144.66015625
2022-05-09,11623.25
2022-05-10,11737.669921875
2022-05-11,11364.240234375
2022-05-12,11370.9599609375
2022-05-13,11805.0
2022-05-16,11662.7900390625
2022-05-17,11984.51953125
2022-05-18,11418.150390625
2022-05-19,11388.5
2022-05-20,11354.6201171875
2022-05-23,11535.26953125
2022-05-24,11264.4501953125
2022-05-25,11434.740234375
2022-05-26,11740.650390625
2022-05-27,12131.1298828125
2022-05-31,12081.3896484375
2022-06-01,11994.4599609375
2022-06-02,12316.900390625
2022-06-03,12012.73046875
2022-06-06,12061.3701171875
2022-06-07,12175.23046875
2022-06-08,12086.26953125
2022-06-09,11754.23046875
2022-06-10,11340.01953125
2022-06-13,10809.23046875
2022-06-14,10828.349609375
2022-06-15,11099.150390625
2022-06-16,10646.099609375
2022-06-17,10798.349609375
2022-06-21,11069.2998046875
2022-06-22,11053.080078125
2022-06-23,11232.1904296875
2022-06-24,11607.6201171875
2022-06-27,11524.5498046875
2022-06-28,11181.5400390625
2022-06-29,11177.8896484375
2022-06-30,11028.740234375
2022-07-01,11127.849609375
2022-07-05,11322.240234375
2022-07-06,11361.849609375
2022-07-07,11621.349609375
2022-07-08,11635.3095703125
2022-07-11,11372.599609375
2022-07-12,11264.73046875
2022-07-13,11247.580078125
2022-07-14,11251.1904296875
2022-07-15,11452.419921875
2022-07-18,11360.0498046875
2022-07-19,11713.150390625
2022-07-20,11897.650390625
2022-07-21,12059.6103515625
2022-07-22,11834.1103515625
2022-07-25,11782.669921875
2022-07-26,11562.5703125
2022-07-27,12032.419921875
2022-07-28,12162.58984375
2022-07-29,12390.6904296875
2022-08-01,12368.98046875
2022-08-02,12348.759765625
2022-08-03,12668.16015625
2022-08-04,12720.580078125
2022-08-05,12657.5498046875
2022-08-08,12644.4599609375
2022-08-09,12493.9296875
2022-08-10,12854.7998046875
2022-08-11,12779.91015625
2022-08-12,13047.1904296875
2022-08-15,13128.0498046875
2022-08-16,13102.5498046875
2022-08-17,12938.1201171875
2022-08-18,12965.33984375
2022-08-19,12705.2197265625
2022-08-22,12381.5703125
2022-08-23,12381.2998046875
2022-08-24,12431.5302734375
2022-08-25,12639.26953125
2022-08-26,12141.7099609375
2022-08-29,12017.669921875
2022-08-30,11883.1396484375
2022-08-31,11816.2001953125
2022-09-01,11785.1298828125
2022-09-02,11630.8603515625
2022-09-06,11544.91015625
2022-09-07,11791.900390625
2022-09-08,11862.1298828125
2022-09-09,12112.3095703125
2022-09-12,12266.41015625
2022-09-13,11633.5703125
2022-09-14,11719.6796875
2022-09-15,11552.3603515625
2022-09-16,11448.400390625
2022-09-19,11535.01953125
2022-09-20,11425.0498046875
2022-09-21,11220.1904296875
2022-09-22,11066.8095703125
2022-09-23,10867.9296875
2022-09-26,10802.919921875
2022-09-27,10829.5
2022-09-28,11051.6396484375
2022-09-29,10737.509765625
2022-09-30,10575.6201171875
2022-10-03,10815.4296875
2022-10-04,11176.41015625
2022-10-05,11148.6396484375
2022-10-06,11073.3095703125
2022-10-07,10652.400390625
2022-10-10,10542.099609375
2022-10-11,10426.1904296875
2022-10-12,10417.099609375
2022-10-13,10649.150390625
2022-10-14,10321.3896484375
2022-10-17,10675.7998046875
2022-10-18,10772.400390625
2022-10-19,10680.509765625
2022-10-20,10614.83984375
2022-10-21,10859.7197265625
2022-10-24,10952.6103515625
2022-10-25,11199.1201171875
2022-10-26,10970.990234375
2022-10-27,10792.669921875
2022-10-28,11102.4501953125
2022-10-31,10988.150390625
2022-11-01,10890.849609375
2022-11-02,10524.7998046875
2022-11-03,10342.9404296875
2022-11-04,10475.25
2022-11-07,10564.51953125
2022-11-08,10616.2001953125
2022-11-09,10353.169921875
2022-11-10,11114.150390625
2022-11-11,11323.330078125
2022-11-14,11196.2197265625
2022-11-15,11358.41015625
2022-11-16,11183.66015625
2022-11-17,11144.9599609375
2022-11-18,11146.0595703125
2022-11-21,11024.509765625
2022-11-22,11174.41015625
2022-11-23,11285.3203125
2022-11-25,11226.3603515625
2022-11-28,11049.5
2022-11-29,10983.7802734375
2022-11-30,11468.0
2022-12-01,11482.4501953125
2022-12-02,11461.5
2022-12-05,11239.9404296875
2022-12-06,11014.8896484375
2022-12-07,10958.5498046875
2022-12-08,11082.0
2022-12-09,11004.6201171875
2022-12-12,11143.740234375
2022-12-13,11256.8095703125
2022-12-14,11170.8896484375
2022-12-15,10810.5302734375
2022-12-16,10705.41015625
2022-12-19,10546.0302734375
2022-12-20,10547.1103515625
2022-12-21,10709.3701171875
2022-12-22,10476.1201171875
2022-12-23,10497.8603515625
2022-12-27,10353.23046875
2022-12-28,10213.2900390625
2022-12-29,10478.08984375
2022-12-30,10466.48046875
2023-01-03,10386.98046875
2023-01-04,10458.759765625
2023-01-05,10305.240234375
2023-01-06,10569.2900390625
2023-01-09,10635.650390625
2023-01-10,10742.6298828125
2023-01-11,10931.669921875
2023-01-12,11001.099609375
2023-01-13,11079.16015625
2023-01-17,11095.1103515625
2023-01-18,10957.009765625
2023-01-19,10852.26953125
2023-01-20,11140.4296875
2023-01-23,11364.41015625
2023-01-24,11334.26953125
2023-01-25,11313.3603515625
2023-01-26,11512.41015625
2023-01-27,11621.7099609375
2023-01-30,11393.8095703125
2023-01-31,11584.5498046875
2023-02-01,11816.3203125
2023-02-02,12200.8203125
2023-02-03,12006.9501953125
2023-02-06,11887.4501953125
2023-02-07,12113.7900390625
2023-02-08,11910.51953125
2023-02-09,11789.580078125
2023-02-10,11718.1201171875
2023-02-13,11891.7900390625
2023-02-14,11960.150390625
2023-02-15,12070.58984375
2023-02-16,11855.830078125
2023-02-17,11787.26953125
2023-02-21,11492.2998046875
2023-02-22,11507.0703125
2023-02-23,11590.400390625
2023-02-24,11394.9404296875
2023-02-27,11466.98046875
2023-02-28,11455.5400390625
2023-03-01,11379.48046875
2023-03-02,11462.98046875
2023-03-03,11689.009765625
2023-03-06,11675.740234375
2023-03-07,11530.330078125
2023-03-08,11576.0
2023-03-09,11338.349609375
2023-03-10,11138.8896484375
2023-03-13,11188.83984375
2023-03-14,11428.150390625
2023-03-15,11434.0498046875
2023-03-16,11717.2802734375
2023-03-17,11630.509765625
2023-03-20,11675.5400390625
2023-03-21,11860.1103515625
2023-03-22,11669.9599609375
2023-03-23,11787.400390625
2023-03-24,11823.9599609375
2023-03-27,11768.83984375
2023-03-28,11716.080078125
2023-03-29,11926.240234375
2023-03-30,12013.4697265625
2023-03-31,12221.91015625
2023-04-03,12189.4501953125
2023-04-04,12126.330078125
2023-04-05,11996.8603515625
2023-04-06,12087.9599609375
2023-04-10,12084.3603515625
2023-04-11,12031.8798828125
2023-04-12,11929.33984375
2023-04-13,12166.26953125
2023-04-14,12123.4697265625
2023-04-17,12157.7197265625
2023-04-18,12153.41015625
2023-04-19,12157.23046875
2023-04-20,12059.5595703125
2023-04-21,12072.4599609375
2023-04-24,12037.2001953125
2023-04-25,11799.16015625
2023-04-26,11854.349609375
2023-04-27,12142.240234375
2023-04-28,12226.580078125
2023-05-01,12212.599609375
2023-05-02,12080.509765625
2023-05-03,12025.330078125
2023-05-04,11966.400390625
2023-05-05,12235.41015625
2023-05-08,12256.919921875
2023-05-09,12179.5498046875
2023-05-10,12306.4404296875
2023-05-11,12328.509765625
2023-05-12,12284.740234375
2023-05-15,12365.2099609375
2023-05-16,12343.0498046875
2023-05-17,12500.5703125
2023-05-18,12688.83984375
2023-05-19,12657.900390625
2023-05-22,12720.7802734375
2023-05-23,12560.25
2023-05-24,12484.16015625
2023-05-25,12698.08984375
2023-05-26,12975.6904296875
2023-05-30,13017.4296875
2023-05-31,12935.2900390625
2023-06-01,13100.98046875
2023-06-02,13240.76953125
2023-06-05,13229.4296875
2023-06-06,13276.419921875
2023-06-07,13104.900390625
2023-06-08,13238.51953125
2023-06-09,13259.1396484375
2023-06-12,13461.919921875
2023-06-13,13573.3203125
2023-06-14,13626.48046875
2023-06-15,13782.8203125
2023-06-16,13689.5703125
2023-06-20,13667.2900390625
2023-06-21,13502.2001953125
2023-06-22,13630.6103515625
2023-06-23,13492.51953125
2023-06-26,13335.7802734375
2023-06-27,13555.669921875
2023-06-28,13591.75
2023-06-29,13591.330078125
2023-06-30,13787.919921875
2023-07-03,13816.76953125
2023-07-05,13791.650390625
2023-07-06,13679.0400390625
2023-07-07,13660.7197265625
2023-07-10,13685.48046875
2023-07-11,13760.7001953125
2023-07-12,13918.9599609375
2023-07-13,14138.5703125
2023-07-14,14113.7001953125
2023-07-17,14244.9501953125
2023-07-18,14353.6396484375
2023-07-19,14358.01953125
2023-07-20,14063.3095703125
2023-07-21,14032.8095703125
2023-07-24,14058.8701171875
2023-07-25,14144.5595703125
2023-07-26,14127.2802734375
2023-07-27,14050.1103515625
2023-07-28,14316.66015625
2023-07-31,14346.01953125
2023-08-01,14283.91015625
2023-08-02,13973.4501953125
2023-08-03,13959.7197265625
2023-08-04,13909.240234375
2023-08-07,13994.400390625
2023-08-08,13884.3203125
2023-08-09,13722.01953125
2023-08-10,13737.990234375
2023-08-11,13644.849609375
2023-08-14,13788.330078125
2023-08-15,13631.0498046875
2023-08-16,13474.6298828125
2023-08-17,13316.9296875
2023-08-18,13290.7802734375
2023-08-21,13497.58984375
2023-08-22,13505.8701171875
2023-08-23,13721.0302734375
2023-08-24,13463.9697265625
2023-08-25,13590.650390625
2023-08-28,13705.1298828125
2023-08-29,13943.759765625
2023-08-30,14019.3095703125
2023-08-31,14034.9697265625
2023-09-01,14031.8095703125
2023-09-05,14020.9501953125
2023-09-06,13872.4697265625
2023-09-07,13748.830078125
2023-09-08,13761.5302734375
2023-09-11,13917.8896484375
2023-09-12,13773.6103515625
2023-09-13,13813.58984375
2023-09-14,13926.0498046875
2023-09-15,13708.330078125
2023-09-18,13710.240234375
2023-09-19,13678.1904296875
2023-09-20,13469.1298828125
2023-09-21,13223.98046875
2023-09-22,13211.8095703125
2023-09-25,13271.3203125
2023-09-26,13063.6103515625
2023-09-27,13092.849609375
2023-09-28,13201.2802734375
2023-09-29,13219.3203125
2023-10-02,13307.76953125
2023-10-03,13059.4697265625
2023-10-04,13236.009765625
2023-10-05,13219.830078125
2023-10-06,13431.33984375
2023-10-09,13484.240234375
2023-10-10,13562.83984375
2023-10-11,13659.6796875
2023-10-12,13574.2197265625
2023-10-13,13407.23046875
2023-10-16,13567.98046875
2023-10-17,13533.75
2023-10-18,13314.2998046875
2023-10-19,13186.1796875
2023-10-20,12983.8095703125
2023-10-23,13018.330078125
2023-10-24,13139.8701171875
2023-10-25,12821.2197265625
2023-10-26,12595.6103515625
2023-10-27,12643.009765625
2023-10-30,12789.48046875
2023-10-31,12851.240234375
2023-11-01,13061.4697265625
2023-11-02,13294.1904296875
2023-11-03,13478.2802734375
2023-11-06,13518.7802734375
2023-11-07,13639.8603515625
2023-11-08,13650.41015625
2023-11-09,13521.4501953125
2023-11-10,13798.1103515625
2023-11-13,13767.740234375
2023-11-14,14094.3798828125
2023-11-15,14103.83984375
2023-11-16,14113.669921875
2023-11-17,14125.48046875
2023-11-20,14284.5302734375
2023-11-21,14199.98046875
2023-11-22,14265.8603515625
2023-11-24,14250.849609375
2023-11-27,14241.01953125
2023-11-28,14281.759765625
2023-11-29,14258.490234375
2023-11-30,14226.2197265625
2023-12-01,14305.0302734375
2023-12-04,14185.490234375
2023-12-05,14229.91015625
2023-12-06,14146.7099609375
2023-12-07,14339.990234375
2023-12-08,14403.9697265625
2023-12-11,14432.490234375
2023-12-12,14533.400390625
2023-12-13,14733.9599609375
2023-12-14,14761.5595703125
2023-12-15,14813.919921875
2023-12-18,14904.8095703125
2023-12-19,15003.2197265625
2023-12-20,14777.9404296875
2023-12-21,14963.8701171875
2023-12-22,14992.9697265625
2023-12-26,15074.5703125
2023-12-27,15099.1796875
2023-12-28,15095.1396484375
2023-12-29,15011.349609375
2024-01-02,14765.9404296875
2024-01-03,14592.2099609375
2024-01-04,14510.2998046875
2024-01-05,14524.0703125
2024-01-08,14843.76953125
2024-01-09,14857.7099609375
2024-01-10,14969.650390625
2024-01-11,14970.1904296875
2024-01-12,14972.759765625
2024-01-16,14944.349609375
2024-01-17,14855.6201171875
2024-01-18,15055.650390625
2024-01-19,15310.9697265625
2024-01-22,15360.2900390625
2024-01-23,15425.9404296875
2024-01-24,15481.919921875
2024-01-25,15510.5
2024-01-26,15455.3603515625
2024-01-29,15628.0400390625
2024-01-30,15509.900390625
2024-01-31,15164.009765625
2024-02-01,15361.6396484375
2024-02-02,15628.9501953125
2024-02-05,15597.6796875
2024-02-06,15609.0
2024-02-07,15756.6396484375
2024-02-08,15793.7099609375
2024-02-09,15990.66015625
2024-02-12,15942.5498046875
2024-02-13,15655.599609375
2024-02-14,15859.150390625
2024-02-15,15906.169921875
2024-02-16,15775.650390625
2024-02-20,15630.7802734375
2024-02-21,15580.8701171875
2024-02-22,16041.6201171875
2024-02-23,15996.8203125
2024-02-26,15976.25
2024-02-27,16035.2998046875
2024-02-28,15947.740234375
2024-02-29,16091.919921875
2024-03-01,16274.9404296875
2024-03-04,16207.509765625
2024-03-05,15939.58984375
2024-03-06,16031.5400390625
2024-03-07,16273.3798828125
2024-03-08,16085.1103515625
2024-03-11,16019.26953125
2024-03-12,16265.6396484375
2024-03-13,16177.76953125
2024-03-14,16128.5302734375
2024-03-15,15973.169921875
2024-03-18,16103.4501953125
2024-03-19,16166.7900390625
2024-03-20,16369.41015625
2024-03-21,16401.83984375
2024-03-22,16428.8203125
2024-03-25,16384.470703125
2024-03-26,16315.7001953125
2024-03-27,16399.51953125
2024-03-28,16379.4599609375
2024-04-01,16396.830078125
2024-04-02,16240.4501953125
2024-04-03,16277.4599609375
2024-04-04,16049.080078125
2024-04-05,16248.51953125
2024-04-08,16253.9599609375
2024-04-09,16306.6396484375
2024-04-10,16170.3603515625
2024-04-11,16442.19921875
2024-04-12,16175.08984375
2024-04-15,15885.01953125
2024-04-16,15865.25
2024-04-17,15683.3701171875
2024-04-18,15601.5
2024-04-19,15282.009765625
2024-04-22,15451.3095703125
2024-04-23,15696.6396484375
2024-04-24,15712.75
2024-04-25,15611.759765625
2024-04-26,15927.900390625
2024-04-29,15983.080078125
2024-04-30,15657.8203125
2024-05-01,15605.48046875
2024-05-02,15840.9599609375
2024-05-03,16156.330078125
2024-05-06,16349.25
2024-05-07,16332.5595703125
2024-05-08,16302.759765625
2024-05-09,16346.259765625
2024-05-10,16340.8701171875
2024-05-13,16388.240234375
2024-05-14,16511.1796875
2024-05-15,16742.390625
2024-05-16,16698.3203125
2024-05-17,16685.970703125
2024-05-20,16794.869140625
2024-05-21,16832.619140625
2024-05-22,16801.5390625
2024-05-23,16736.029296875
2024-05-24,16920.7890625
2024-05-28,17019.880859375
2024-05-29,16920.580078125
2024-05-30,16737.080078125
2024-05-31,16735.01953125
2024-06-03,16828.669921875
2024-06-04,16857.05078125
2024-06-05,17187.900390625
2024-06-06,17173.119140625
2024-06-07,17133.130859375
2024-06-10,17192.529296875
2024-06-11,17343.55078125
2024-06-12,17608.439453125
2024-06-13,17667.560546875
2024-06-14,17688.880859375
2024-06-17,17857.01953125
2024-06-18,17862.23046875
2024-06-20,17721.58984375
2024-06-21,17689.359375
2024-06-24,17496.8203125
2024-06-25,17717.650390625
2024-06-26,17805.16015625
2024-06-27,17858.6796875
2024-06-28,17732.599609375
2024-07-01,17879.30078125
2024-07-02,18028.759765625
2024-07-03,18188.30078125
2024-07-05,18352.759765625
2024-07-08,18403.740234375
2024-07-09,18429.2890625
2024-07-10,18647.44921875
2024-07-11,18283.41015625
2024-07-12,18398.44921875
2024-07-15,18472.5703125
2024-07-16,18509.33984375
2024-07-17,17996.919921875
2024-07-18,17871.220703125
2024-07-19,17726.939453125
2024-07-22,18007.5703125
2024-07-23,17997.349609375
2024-07-24,17342.41015625
2024-07-25,17181.720703125
2024-07-26,17357.880859375
2024-07-29,17370.19921875
2024-07-30,17147.419921875
2024-07-31,17599.400390625
2024-08-01,17194.150390625
2024-08-02,16776.16015625
2024-08-05,16200.080078125
2024-08-06,16366.849609375
2024-08-07,16195.8095703125
2024-08-08,16660.01953125
2024-08-09,16745.30078125
2024-08-12,16780.609375
2024-08-13,17187.609375
2024-08-14,17192.599609375
2024-08-15,17594.5
2024-08-16,17631.720703125
2024-08-19,17876.76953125
2024-08-20,17816.939453125
2024-08-21,17918.990234375
2024-08-22,17619.349609375
2024-08-23,17877.7890625
2024-08-26,17725.76953125
2024-08-27,17754.8203125
2024-08-28,17556.029296875
2024-08-29,17516.4296875
2024-08-30,17713.619140625
2024-09-03,17136.30078125
2024-09-04,17084.30078125
2024-09-05,17127.66015625
2024-09-06,16690.830078125
2024-09-09,16884.599609375
2024-09-10,17025.880859375
2024-09-11,17395.529296875
2024-09-12,17569.6796875
2024-09-13,17683.98046875
2024-09-16,17592.130859375
2024-09-17,17628.060546875
2024-09-18,17573.30078125
2024-09-19,18013.98046875
2024-09-20,17948.3203125
2024-09-23,17974.26953125
2024-09-24,18074.51953125
2024-09-25,18082.2109375
2024-09-26,18190.2890625
2024-09-27,18119.58984375
2024-09-30,18189.169921875
2024-10-01,17910.359375
2024-10-02,17925.119140625
2024-10-03,17918.48046875
2024-10-04,18137.849609375
2024-10-07,17923.900390625
2024-10-08,18182.919921875
2024-10-09,18291.619140625
2024-10-10,18282.05078125
2024-10-11,18342.939453125
2024-10-14,18502.689453125
2024-10-15,18315.58984375
2024-10-16,18367.080078125
2024-10-17,18373.609375
2024-10-18,18489.55078125
2024-10-21,18540.009765625
2024-10-22,18579.76953125
2024-10-23,18276.650390625
2024-10-24,18415.490234375
2024-10-25,18518.609375
2024-10-28,18567.189453125
2024-10-29,18712.75
2024-10-30,18607.9296875
2024-10-31,18095.150390625
2024-11-01,18239.919921875
2024-11-04,18179.98046875
2024-11-05,18439.169921875
2024-11-06,18983.470703125
2024-11-07,19269.4609375
2024-11-08,19286.779296875
2024-11-11,19298.759765625
2024-11-12,19281.400390625
2024-11-13,19230.720703125
2024-11-14,19107.650390625
2024-11-15,18680.119140625
2024-11-18,18791.810546875
2024-11-19,18987.470703125
2024-11-20,18966.140625
2024-11-21,18972.419921875
2024-11-22,19003.650390625
2024-11-25,19054.83984375
2024-11-26,19174.30078125
2024-11-27,19060.48046875
2024-11-29,19218.169921875
2024-12-02,19403.94921875
2024-12-03,19480.91015625
2024-12-04,19735.119140625
2024-12-05,19700.259765625
2024-12-06,19859.76953125
2024-12-09,19736.689453125
2024-12-10,19687.240234375
2024-12-11,20034.890625
2024-12-12,19902.83984375
2024-12-13,19926.720703125
2024-12-16,20173.890625
2024-12-17,20109.060546875
2024-12-18,19392.689453125
2024-12-19,19372.76953125
2024-12-20,19572.599609375
2024-12-23,19764.880859375
2024-12-24,20031.130859375
2024-12-26,20020.359375
2024-12-27,19722.029296875
2024-12-30,19486.7890625
2024-12-31,19310.7890625
2025-01-02,19280.7890625
2025-01-03,19621.6796875
2025-01-06,19864.98046875
2025-01-07,19489.6796875
2025-01-08,19478.880859375
2025-01-10,19161.630859375
2025-01-13,19088.099609375
2025-01-14,19044.390625
2025-01-15,19511.23046875
2025-01-16,19338.2890625
2025-01-17,19630.19921875
2025-01-21,19756.779296875
2025-01-22,20009.33984375
2025-01-23,20053.6796875
2025-01-24,19954.30078125
2025-01-27,19341.830078125
2025-01-28,19733.58984375
2025-01-29,19632.3203125
2025-01-30,19681.75
2025-01-31,19627.439453125
2025-02-03,19391.9609375
2025-02-04,19654.01953125
2025-02-05,19692.330078125
2025-02-06,19791.990234375
2025-02-07,19523.400390625
2025-02-10,19714.26953125
2025-02-11,19643.859375
2025-02-12,19649.94921875
2025-02-13,19945.640625
2025-02-14,20026.76953125
2025-02-18,20041.259765625
2025-02-19,20056.25
2025-02-20,19962.359375
2025-02-21,19524.009765625
2025-02-24,19286.9296875
2025-02-25,19026.390625
2025-02-26,19075.259765625
2025-02-27,18544.419921875
2025-02-28,18847.279296875
2025-03-03,18350.189453125
2025-03-04,18285.16015625
2025-03-05,18552.73046875
2025-03-06,18069.259765625
2025-03-07,18196.220703125
2025-03-10,17468.3203125
2025-03-11,17436.099609375
2025-03-12,17648.44921875
2025-03-13,17303.009765625
2025-03-14,17754.08984375
2025-03-17,17808.66015625
2025-03-18,17504.119140625
2025-03-19,17750.7890625
2025-03-20,17691.630859375
2025-03-21,17784.05078125
2025-03-24,18188.58984375
2025-03-25,18271.859375
2025-03-26,17899.01953125
2025-03-27,17804.029296875
2025-03-28,17322.990234375
2025-03-31,17299.2890625
2025-04-01,17449.890625
2025-04-02,17601.05078125
2025-04-03,16550.609375
2025-04-04,15587.7900390625
2025-04-07,15603.259765625
2025-04-08,15267.91015625
2025-04-09,17124.970703125
2025-04-10,16387.310546875
2025-04-11,16724.4609375
2025-04-14,16831.48046875
2025-04-15,16823.169921875
2025-04-16,16307.16015625
2025-04-17,16286.4501953125
2025-04-21,15870.900390625
2025-04-22,16300.419921875
2025-04-23,16708.05078125
2025-04-24,17166.0390625
2025-04-25,17382.939453125
2025-04-28,17366.130859375
2025-04-29,17461.3203125
2025-04-30,17446.33984375
2025-05-01,17710.740234375
2025-05-02,17977.73046875
2025-05-05,17844.240234375
2025-05-06,17689.66015625
2025-05-07,17738.16015625
2025-05-08,17928.140625
2025-05-09,17928.919921875
2025-05-12,18708.33984375
2025-05-13,19010.08984375
2025-05-14,19146.810546875
2025-05-15,19112.3203125
2025-05-16,19211.099609375
2025-05-19,19215.4609375
2025-05-20,19142.7109375
2025-05-21,18872.640625
2025-05-22,18925.740234375
2025-05-23,18737.2109375
2025-05-27,19199.16015625
2025-05-28,19100.939453125
2025-05-29,19175.869140625
2025-05-30,19113.76953125
2025-06-02,19242.609375
2025-06-03,19398.9609375
2025-06-04,19460.490234375
2025-06-05,19298.44921875
2025-06-06,19529.94921875
2025-06-09,19591.240234375
2025-06-10,19714.990234375
2025-06-11,19615.880859375
2025-06-12,19662.490234375
2025-06-13,19406.830078125
2025-06-16,19701.2109375
2025-06-17,19521.08984375
2025-06-18,19546.26953125
2025-06-20,19447.41015625
2025-06-23,19630.970703125
2025-06-24,19912.529296875
2025-06-25,19973.55078125
2025-06-26,20167.91015625
2025-06-27,20273.4609375
2025-06-30,20369.73046875
2025-07-01,20202.890625
2025-07-02,20393.130859375
2025-07-03,20601.099609375
2025-07-07,20412.51953125
2025-07-08,20418.4609375
2025-07-09,20611.33984375
2025-07-10,20630.66015625
2025-07-11,20585.529296875
2025-07-14,20640.330078125
2025-07-15,20677.80078125
2025-07-16,20730.490234375
2025-07-17,20885.650390625
2025-07-18,20895.650390625
2025-07-21,20974.1796875
2025-07-22,20892.689453125
2025-07-23,21020.01953125
2025-07-24,21057.9609375
2025-07-25,21108.3203125
2025-07-28,21178.580078125
2025-07-29,21098.2890625
2025-07-30,21129.669921875
2025-07-31,21122.44921875
2025-08-01,20650.130859375
2025-08-04,21053.580078125
2025-08-05,20916.55078125
2025-08-06,21169.419921875
2025-08-07,21242.69921875
2025-08-08,21450.01953125
2025-08-11,21385.400390625
2025-08-12,21681.900390625
2025-08-13,21713.140625
2025-08-14,21710.669921875
2025-08-15,21622.98046875
2025-08-18,21629.76953125
2025-08-19,21314.94921875
2025-08-20,21172.859375
2025-08-21,21100.310546875
2025-08-22,21496.5390625
2025-08-25,21449.2890625
2025-08-26,21544.26953125
2025-08-27,21590.140625
2025-08-28,21705.16015625
2025-08-29,21455.55078125
2025-09-02,21279.630859375
2025-09-03,21497.73046875
2025-09-04,21707.689453125
2025-09-05,21700.390625
2025-09-08,21798.69921875
2025-09-09,21879.490234375
2025-09-10,21886.060546875
2025-09-11,22043.0703125
2025-09-12,22141.099609375
2025-09-15,22348.75
2025-09-16,22333.9609375
2025-09-17,22261.330078125
2025-09-18,22470.720703125
2025-09-19,22631.48046875
2025-09-22,22788.98046875
2025-09-23,22573.470703125
2025-09-24,22497.859375
2025-09-25,22384.69921875
2025-09-26,22484.0703125
2025-09-29,22591.150390625
2025-09-30,22660.009765625
2025-10-01,22755.16015625
2025-10-02,22844.05078125
2025-10-03,22780.509765625
2025-10-06,22941.669921875
2025-10-07,22788.359375
2025-10-08,23043.380859375
2025-10-09,23024.630859375
2025-10-10,22204.4296875
2025-10-13,22694.609375
2025-10-14,22521.69921875
2025-10-15,22670.080078125
2025-10-16,22562.5390625
2025-10-17,22679.970703125
2025-10-20,22990.5390625
2025-10-21,22953.669921875
2025-10-22,22740.400390625
2025-10-23,22941.80078125
2025-10-24,23204.869140625
2025-10-27,23637.4609375
2025-10-28,23827.490234375
2025-10-29,23958.470703125
2025-10-30,23581.140625
2025-10-31,23724.9609375
2025-11-03,23834.720703125
2025-11-04,23348.640625
2025-11-05,23499.80078125
2025-11-06,23053.990234375
2025-11-07,23004.5390625
2025-11-10,23527.169921875
2025-11-11,23468.30078125
2025-11-12,23406.4609375
2025-11-13,22870.359375
2025-11-14,22900.58984375
2025-11-17,22708.0703125
2025-11-18,22432.849609375
2025-11-19,22564.23046875
2025-11-20,22078.05078125
2025-11-21,22273.080078125
2025-11-24,22872.009765625
2025-11-25,23025.58984375
2025-11-26,23214.689453125
2025-11-28,23365.689453125
2025-12-01,23275.919921875
2025-12-02,23413.669921875
2025-12-03,23454.08984375
2025-12-04,23505.140625
2025-12-05,23578.130859375
2025-12-08,23545.900390625
2025-12-09,23576.490234375
2025-12-10,23654.150390625
2025-12-11,23593.859375
2025-12-12,23195.169921875
2025-12-15,23057.41015625
2025-12-16,23111.4609375
2025-12-17,22693.3203125
2025-12-18,23006.359375
2025-12-19,23307.619140625
2025-12-22,23428.830078125
2025-12-23,23561.83984375
2025-12-24,23613.310546875
2025-12-26,23593.099609375
2025-12-29,23474.349609375
2025-12-30,23419.080078125
2025-12-31,23241.990234375
2026-01-02,23235.630859375
2026-01-05,23395.8203125
2026-01-06,23547.169921875
2026-01-07,23584.279296875
2026-01-08,23480.01953125
2026-01-09,23671.349609375
2026-01-12,23733.900390625
2026-01-13,23709.869140625
2026-01-14,23471.75
2026-01-15,23530.01953125
2026-01-16,23515.390625
2026-01-20,22954.3203125
2026-01-21,23224.8203125
2026-01-22,23436.01953125
2026-01-23,23501.240234375
2026-01-26,23601.359375
2026-01-27,23817.099609375
2026-01-28,23857.44921875
2026-01-29,23685.119140625
2026-01-30,23461.8203125
2026-02-02,23592.109375
2026-02-03,23255.189453125
2026-02-04,22904.580078125
2026-02-05,22540.58984375
2026-02-06,23031.2109375
2026-02-09,23238.669921875
2026-02-10,23102.470703125
2026-02-11,23066.470703125
2026-02-12,22597.150390625
2026-02-13,22546.669921875
2026-02-17,22578.380859375
2026-02-18,22753.630859375
2026-02-19,22682.73046875
2026-02-20,22886.0703125
2026-02-23,22627.26953125
2026-02-24,22863.6796875
2026-02-25,23152.080078125
2026-02-26,22878.380859375
2026-02-27,22668.2109375
2026-03-02,22748.859375
2026-03-03,22516.689453125
2026-03-04,22807.48046875
2026-03-05,22748.990234375
2026-03-06,22387.6796875
2026-03-09,22695.94921875
2026-03-10,22697.099609375
2026-03-11,22716.130859375
2026-03-12,22311.98046875
2026-03-13,22105.359375
2026-03-16,22374.1796875
2026-03-17,22479.529296875
2026-03-18,22152.419921875
2026-03-19,22090.689453125
2026-03-20,21647.609375
2026-03-23,21946.759765625
2026-03-24,21761.890625
2026-03-25,21929.8203125
2026-03-26,21408.080078125
2026-03-27,20948.359375
2026-03-30,20794.640625
2026-03-31,21590.630859375
2026-04-01,21840.94921875
2026-04-02,21879.1796875
2026-04-06,21996.33984375
2026-04-07,22017.849609375
2026-04-08,22634.990234375
2026-04-09,22822.419921875
2026-04-10,22902.890625
2026-04-13,23183.740234375
2026-04-14,23639.080078125
2026-04-15,24016.01953125
2026-04-16,24102.69921875
2026-04-17,24468.48046875
2026-04-20,24404.390625
2026-04-21,24259.9609375
2026-04-22,24657.5703125
2026-04-23,24438.5
2026-04-24,24836.599609375
2026-04-27,24887.099609375
2026-04-28,24663.80078125
2026-04-29,24673.240234375
2026-04-30,24892.310546875
2026-05-01,25114.439453125
2026-05-04,25067.80078125
2026-05-05,25326.130859375
2026-05-06,25838.939453125
2026-05-07,25806.19921875
2026-05-08,26247.080078125
2026-05-11,26274.130859375
2026-05-12,26088.19921875
2026-05-13,26402.33984375
2026-05-14,26635.220703125
2026-05-15,26225.140625
2026-05-18,26090.73046875
2026-05-19,25870.7109375
2026-05-20,26270.359375
2026-05-21,26293.099609375
2026-05-22,26343.970703125
2026-05-26,26656.1796875
2026-05-27,26674.73046875
2026-05-28,26917.470703125
2026-05-29,26972.619140625
2026-06-01,27086.810546875
2026-06-02,27093.900390625
2026-06-03,26853.98046875
2026-06-04,26830.9609375
2026-06-05,25709.4296875
2026-06-08,25929.66015625
2026-06-09,25678.8203125
2026-06-10,25169.5
2026-06-11,25809.66015625
2026-06-12,25888.83984375
2026-06-15,26683.939453125
2026-06-16,26376.33984375
2026-06-17,26021.66015625
2026-06-18,26517.9296875
2026-06-22,26166.599609375
2026-06-23,25587.0390625
2026-06-24,25476.640625
2026-06-25,25358.599609375
2026-06-26,25297.619140625
2026-06-29,25820.140625
2026-06-30,26213.720703125
2026-07-01,26040.029296875
2026-07-02,25832.669921875
2026-07-06,26121.16015625
2026-07-07,25818.689453125
2026-07-08,25870.650390625
2026-07-09,26206.890625
2026-07-10,26281.609375
2026-07-13,25873.1796875
2026-07-14,26107.009765625
2026-07-15,26269.23046875
2026-07-16,25881.94921875
2026-07-17,25520.240234375
2026-07-20,25508.0703125
2026-07-21,25837.2109375
2026-07-22,25690.900390625
2026-07-23,25137.689453125
2026-07-24,24975.8203125
2026-07-27,24932.080078125
2026-07-28,24876.91015625
2026-07-29,24442.939453125
2026-07-30,25122.1796875
2026-07-31,25373.849609375
2026-08-03,25913.900390625
2026-08-04,26584.990234375
2026-08-05,26363.439453125
2026-08-06,26348.349609375
2026-08-07,26690.619140625
2026-08-10,26605.359375
2026-08-11,26445.44921875
2026-08-12,26588.490234375
2026-08-13,26803.029296875
2026-08-14,26729.16015625
2026-08-17,26644.91015625
2026-08-18,26289.7109375
2026-08-19,26331.08984375
2026-08-20,26067.169921875
2026-08-21,26180.4609375
2026-08-24,25980.189453125
2026-08-25,26151.30078125
2026-08-26,26130.19921875
2026-08-27,26541.349609375
2026-08-28,26402.419921875
2026-08-31,26370.890625
2026-09-01,26099.76953125
2026-09-02,26217.830078125
2026-09-03,26584.060546875
2026-09-04,26506.990234375
2026-09-08,26421.41015625
2026-09-09,26253.33984375
2026-09-10,26081.720703125
2026-09-11,26333.0390625
2026-09-14,26186.41015625
2026-09-15,25981.5703125
2026-09-16,25978.4296875
2026-09-17,26418.30078125
2026-09-18,26522.5390625
